customer_id,Order ID,Customer Name,Restaurant Name,Food Items Ordered,Order Amount (₹),Discount Applied (₹),Final Bill Amount (₹),Payment Method,Order Status,Delivery Partner Name,Delivery Time (Minutes),Customer Rating (Out of 5),Delivery Location,Order Date & Time,Restaurant Rating (Out of 5)
customer_0001,15,Arjun Mehta,Pizza Hut,Sandwich,729,71,658,Card,Delivered,Rajesh Verma,44,1.2,Pune,2024-05-24 05:21:00,4.8
customer_0001,119,Rohan Sharma,Burger King,Sandwich,714,314,400,Cash On Delivery,Delivered,Deepak Singh,20,1.3,Mumbai,2024-11-18 22:23:00,1.6
customer_0001,220,Sanya Kapoor,Burger King,Burger,499,43,456,Upi,Delivered,Ravi Kumar,39,2.3,Bangalore,2024-02-08 19:42:00,2.9
customer_0001,333,Arjun Mehta,Pizza Hut,Pasta,862,395,467,Card,Delivered,Deepak Singh,25,3.2,Chennai,2024-08-17 03:14:00,4.1
customer_0001,458,Arjun Mehta,Kfc,Sandwich,579,22,557,Cash On Delivery,Delivered,Deepak Singh,31,1.7,Delhi,2024-08-19 05:22:00,1.1
customer_0001,640,Vikas Yadav,Pizza Hut,Burger,1186,119,1067,Upi,Delivered,Ankit Tiwari,53,4.0,Hyderabad,2024-10-07 23:51:00,4.0
customer_0001,691,Vikas Yadav,Pizza Hut,Sandwich,1365,446,919,Card,Delivered,Deepak Singh,46,2.0,Bangalore,2024-03-28 01:14:00,1.9
customer_0001,842,Sanya Kapoor,Domino'S,Burger,501,217,284,Card,Delivered,Rajesh Verma,10,2.1,Hyderabad,2024-12-06 02:43:00,4.9
customer_0001,1019,Arjun Mehta,Burger King,Dosa,1862,376,1486,Card,Delivered,Deepak Singh,58,4.4,Kolkata,2024-04-16 21:03:00,3.9
customer_0001,1630,Arjun Mehta,Mcdonald'S,Dosa,1793,463,1330,Cash On Delivery,Delivered,Deepak Singh,31,3.3,Hyderabad,2024-12-26 22:45:00,1.2
customer_0001,1770,Rohan Sharma,Domino'S,Sandwich,670,296,374,Card,Delivered,Ravi Kumar,31,1.3,Bangalore,2024-05-08 08:07:00,4.4
customer_0001,1790,Vikas Yadav,Burger King,Chicken Wings,488,208,280,Upi,Delivered,Deepak Singh,30,4.3,Mumbai,2024-07-03 01:31:00,2.0
customer_0001,1922,Arjun Mehta,Kfc,Burger,909,40,869,Cash On Delivery,Delivered,Rajesh Verma,56,3.7,Pune,2024-08-22 23:55:00,4.9
customer_0001,2086,Arjun Mehta,Pizza Hut,Burger,953,171,782,Card,Delivered,Sahil Khan,17,1.9,Chennai,2024-11-12 22:51:00,2.3
customer_0001,2244,Vikas Yadav,Domino'S,Burger,1136,181,955,Upi,Delivered,Ankit Tiwari,19,3.9,Mumbai,2024-05-28 12:21:00,3.5
customer_0001,2356,Priya Verma,Mcdonald'S,Pizza,807,402,405,Card,Delivered,Ravi Kumar,27,3.1,Hyderabad,2024-06-22 03:20:00,2.8
customer_0001,2370,Priya Verma,Kfc,Dosa,139,34,105,Upi,Delivered,Ravi Kumar,38,4.0,Delhi,2024-07-11 00:28:00,1.4
customer_0001,2373,Arjun Mehta,Burger King,Pasta,385,146,239,Card,Delivered,Ravi Kumar,19,2.3,Kolkata,2024-02-01 18:34:00,5.0
customer_0001,2487,Vikas Yadav,Kfc,Chicken Wings,1559,74,1485,Cash On Delivery,Delivered,Sahil Khan,34,4.6,Bangalore,2024-11-14 00:36:00,3.4
customer_0001,2541,Vikas Yadav,Domino'S,Sandwich,975,6,969,Card,Delivered,Ravi Kumar,59,2.1,Kolkata,2024-10-25 02:55:00,2.6
customer_0001,2934,Rohan Sharma,Domino'S,Pasta,1624,129,1495,Cash On Delivery,Delivered,Ankit Tiwari,41,1.4,Mumbai,2024-04-28 08:33:00,1.9
customer_0001,3034,Vikas Yadav,Domino'S,Pizza,1249,246,1003,Upi,Delivered,Ravi Kumar,11,3.2,Bangalore,2024-12-06 19:40:00,2.8
customer_0001,3464,Rohan Sharma,Mcdonald'S,Dosa,1969,403,1566,Card,Delivered,Ankit Tiwari,41,4.2,Chennai,2024-08-19 14:18:00,2.7
customer_0001,3747,Sanya Kapoor,Burger King,Dosa,985,53,932,Card,Delivered,Ravi Kumar,17,1.7,Mumbai,2024-05-23 07:26:00,1.7
customer_0001,3819,Rohan Sharma,Pizza Hut,Pizza,676,306,370,Upi,Delivered,Ankit Tiwari,15,4.3,Hyderabad,2024-09-19 17:15:00,3.9
customer_0001,3948,Sanya Kapoor,Pizza Hut,Burger,1256,463,793,Card,Delivered,Ankit Tiwari,53,4.1,Delhi,2024-04-18 06:05:00,2.8
customer_0001,4234,Arjun Mehta,Subway,Pizza,719,262,457,Upi,Delivered,Rajesh Verma,50,1.8,Mumbai,2024-07-23 01:58:00,3.1
customer_0001,4291,Rohan Sharma,Domino'S,Burger,398,118,280,Cash On Delivery,Delivered,Ankit Tiwari,52,4.7,Kolkata,2024-11-23 05:01:00,4.4
customer_0001,4371,Vikas Yadav,Domino'S,Pizza,646,224,422,Upi,Delivered,Ankit Tiwari,19,2.0,Chennai,2024-05-13 17:58:00,4.1
customer_0001,4451,Sanya Kapoor,Domino'S,Pasta,155,0,155,Upi,Delivered,Ravi Kumar,37,3.6,Pune,2024-07-07 11:04:00,4.4
customer_0001,4460,Rohan Sharma,Pizza Hut,Dosa,1277,635,642,Cash On Delivery,Delivered,Rajesh Verma,41,1.0,Mumbai,2024-03-24 21:58:00,2.3
customer_0001,4658,Sanya Kapoor,Kfc,Burger,1958,704,1254,Card,Delivered,Deepak Singh,53,3.4,Kolkata,2024-01-26 18:33:00,1.9
customer_0001,4844,Vikas Yadav,Mcdonald'S,Pasta,1884,555,1329,Card,Delivered,Rajesh Verma,38,2.5,Chennai,2024-12-26 07:05:00,4.8
customer_0001,4912,Rohan Sharma,Subway,Pizza,1587,364,1223,Card,Delivered,Rajesh Verma,25,1.1,Bangalore,2024-07-19 16:56:00,3.8
customer_0001,4988,Sanya Kapoor,Subway,Dosa,604,10,594,Card,Delivered,Ankit Tiwari,21,3.1,Hyderabad,2024-02-03 01:33:00,2.4
customer_0001,5079,Arjun Mehta,Subway,Pizza,880,436,444,Upi,Delivered,Rajesh Verma,28,1.9,Hyderabad,2024-12-17 03:38:00,1.3
customer_0001,5385,Priya Verma,Mcdonald'S,Biryani,1951,928,1023,Card,Delivered,Ravi Kumar,48,2.2,Hyderabad,2024-10-12 21:39:00,1.9
customer_0001,5451,Rohan Sharma,Burger King,Dosa,1429,136,1293,Cash On Delivery,Delivered,Ravi Kumar,50,3.6,Chennai,2024-01-08 16:45:00,3.4
customer_0001,5511,Vikas Yadav,Subway,Pasta,1179,139,1040,Card,Delivered,Sahil Khan,45,4.3,Delhi,2024-03-14 16:51:00,2.2
customer_0001,5626,Vikas Yadav,Mcdonald'S,Dosa,165,73,92,Upi,Delivered,Rajesh Verma,32,3.9,Kolkata,2024-11-26 14:00:00,1.2
customer_0001,5630,Priya Verma,Kfc,Pizza,542,210,332,Upi,Delivered,Sahil Khan,25,2.7,Kolkata,2024-05-15 11:33:00,4.2
customer_0001,5751,Arjun Mehta,Subway,Burger,1882,533,1349,Card,Delivered,Deepak Singh,22,2.6,Hyderabad,2024-08-16 21:37:00,1.8
customer_0001,5764,Arjun Mehta,Domino'S,Pizza,228,102,126,Upi,Delivered,Deepak Singh,21,2.3,Pune,2024-09-16 21:59:00,3.5
customer_0001,5944,Sanya Kapoor,Domino'S,Burger,1902,355,1547,Upi,Delivered,Rajesh Verma,34,2.3,Bangalore,2024-09-06 22:39:00,3.6
customer_0001,5981,Vikas Yadav,Burger King,Pizza,1961,179,1782,Cash On Delivery,Delivered,Ravi Kumar,58,4.1,Delhi,2024-06-07 17:46:00,2.7
customer_0001,6121,Rohan Sharma,Mcdonald'S,Dosa,1120,187,933,Upi,Delivered,Sahil Khan,53,1.4,Bangalore,2024-08-03 18:21:00,2.2
customer_0001,6158,Vikas Yadav,Kfc,Burger,1366,91,1275,Upi,Delivered,Deepak Singh,35,4.0,Mumbai,2024-03-28 09:52:00,4.8
customer_0001,6309,Rohan Sharma,Burger King,Chicken Wings,364,129,235,Upi,Delivered,Ravi Kumar,14,2.1,Pune,2024-10-28 16:45:00,4.4
customer_0001,6333,Sanya Kapoor,Burger King,Biryani,1762,503,1259,Cash On Delivery,Delivered,Ankit Tiwari,11,4.8,Chennai,2024-12-21 16:50:00,1.3
customer_0001,6396,Priya Verma,Subway,Chicken Wings,1105,42,1063,Card,Delivered,Ravi Kumar,16,1.9,Kolkata,2024-09-02 12:11:00,3.4
customer_0001,6397,Arjun Mehta,Burger King,Chicken Wings,1279,571,708,Cash On Delivery,Delivered,Ankit Tiwari,25,3.4,Bangalore,2024-03-02 05:24:00,2.6
customer_0001,6911,Sanya Kapoor,Pizza Hut,Biryani,1168,423,745,Card,Delivered,Deepak Singh,39,1.6,Chennai,2024-06-13 23:34:00,1.7
customer_0001,6949,Vikas Yadav,Pizza Hut,Chicken Wings,1257,9,1248,Cash On Delivery,Delivered,Sahil Khan,24,1.3,Kolkata,2024-02-14 17:15:00,3.4
customer_0001,7035,Sanya Kapoor,Pizza Hut,Pizza,107,40,67,Upi,Delivered,Rajesh Verma,58,3.3,Mumbai,2024-01-07 09:45:00,3.5
customer_0001,7118,Priya Verma,Pizza Hut,Chicken Wings,1817,71,1746,Upi,Delivered,Ravi Kumar,20,4.5,Mumbai,2024-01-10 20:14:00,2.8
customer_0001,7252,Vikas Yadav,Kfc,Burger,404,172,232,Cash On Delivery,Delivered,Sahil Khan,47,2.9,Pune,2024-05-11 18:18:00,3.8
customer_0001,7317,Sanya Kapoor,Subway,Sandwich,927,232,695,Cash On Delivery,Delivered,Ankit Tiwari,42,2.6,Bangalore,2024-10-12 09:35:00,2.4
customer_0001,7748,Sanya Kapoor,Kfc,Dosa,549,197,352,Card,Delivered,Ankit Tiwari,41,4.4,Kolkata,2024-05-16 11:23:00,3.1
customer_0001,7783,Arjun Mehta,Domino'S,Pizza,1228,431,797,Upi,Delivered,Ankit Tiwari,58,2.3,Bangalore,2024-05-07 21:30:00,3.9
customer_0001,8031,Arjun Mehta,Mcdonald'S,Chicken Wings,1358,430,928,Upi,Delivered,Rajesh Verma,23,3.1,Chennai,2024-04-14 09:57:00,1.8
customer_0001,8336,Vikas Yadav,Kfc,Pizza,1292,103,1189,Card,Delivered,Deepak Singh,35,2.5,Bangalore,2024-12-14 13:10:00,2.3
customer_0001,8565,Sanya Kapoor,Subway,Sandwich,148,8,140,Card,Delivered,Ankit Tiwari,13,3.1,Bangalore,2024-11-15 21:59:00,1.4
customer_0001,8730,Priya Verma,Subway,Sandwich,959,376,583,Upi,Delivered,Rajesh Verma,44,4.2,Kolkata,2024-08-16 03:22:00,4.1
customer_0001,8732,Sanya Kapoor,Kfc,Sandwich,1784,510,1274,Cash On Delivery,Delivered,Sahil Khan,60,2.8,Hyderabad,2024-12-19 21:21:00,4.2
customer_0001,8943,Arjun Mehta,Burger King,Pizza,981,487,494,Cash On Delivery,Delivered,Ankit Tiwari,26,1.1,Kolkata,2024-06-08 10:12:00,3.7
customer_0001,9170,Rohan Sharma,Domino'S,Pasta,409,96,313,Card,Delivered,Sahil Khan,18,1.9,Delhi,2024-10-23 16:17:00,4.7
customer_0001,9321,Arjun Mehta,Subway,Pasta,1158,240,918,Card,Delivered,Ankit Tiwari,57,2.6,Chennai,2024-11-07 03:39:00,2.9
customer_0001,9428,Rohan Sharma,Burger King,Burger,869,147,722,Upi,Delivered,Ravi Kumar,36,4.4,Hyderabad,2024-03-22 19:35:00,3.9
customer_0001,9925,Arjun Mehta,Domino'S,Burger,1823,225,1598,Upi,Delivered,Sahil Khan,26,3.5,Bangalore,2024-01-14 21:18:00,4.3
customer_0001,10147,Arjun Mehta,Subway,Dosa,1639,411,1228,Cash On Delivery,Delivered,Ravi Kumar,44,4.2,Bangalore,2024-09-27 20:54:00,1.7
customer_0002,175,Arjun Mehta,Subway,Chicken Wings,1387,264,1123,Card,Delivered,Rajesh Verma,18,2.2,Chennai,2024-01-25 00:18:00,4.0
customer_0002,183,Priya Verma,Mcdonald'S,Pizza,1717,153,1564,Upi,Delivered,Ankit Tiwari,23,1.1,Bangalore,2024-04-13 03:16:00,4.5
customer_0002,266,Priya Verma,Burger King,Biryani,1478,670,808,Cash On Delivery,Delivered,Rajesh Verma,42,2.7,Mumbai,2024-10-24 21:28:00,3.1
customer_0002,434,Vikas Yadav,Burger King,Biryani,1337,537,800,Cash On Delivery,Delivered,Sahil Khan,31,4.1,Bangalore,2024-04-11 12:54:00,4.0
customer_0002,437,Rohan Sharma,Pizza Hut,Biryani,1649,16,1633,Cash On Delivery,Delivered,Ravi Kumar,44,4.3,Chennai,2024-12-01 19:53:00,4.5
customer_0002,667,Vikas Yadav,Burger King,Burger,1051,338,713,Card,Delivered,Sahil Khan,13,1.8,Hyderabad,2024-06-12 22:13:00,3.9
customer_0002,689,Vikas Yadav,Mcdonald'S,Biryani,311,139,172,Card,Delivered,Rajesh Verma,34,1.4,Kolkata,2024-04-14 05:17:00,1.2
customer_0002,863,Vikas Yadav,Mcdonald'S,Pasta,764,54,710,Card,Delivered,Ravi Kumar,48,4.7,Delhi,2024-08-04 23:27:00,3.5
customer_0002,971,Arjun Mehta,Mcdonald'S,Chicken Wings,1696,631,1065,Cash On Delivery,Delivered,Sahil Khan,20,3.0,Chennai,2024-05-26 08:54:00,2.4
customer_0002,1020,Sanya Kapoor,Mcdonald'S,Burger,1437,524,913,Cash On Delivery,Delivered,Rajesh Verma,43,1.9,Delhi,2024-09-03 04:29:00,1.5
customer_0002,1023,Sanya Kapoor,Domino'S,Dosa,1860,445,1415,Cash On Delivery,Delivered,Rajesh Verma,60,1.1,Pune,2024-04-22 17:06:00,2.5
customer_0002,1223,Rohan Sharma,Subway,Biryani,1444,80,1364,Upi,Delivered,Ravi Kumar,20,1.5,Delhi,2024-04-03 10:34:00,3.3
customer_0002,1310,Sanya Kapoor,Domino'S,Chicken Wings,325,143,182,Cash On Delivery,Delivered,Rajesh Verma,26,4.0,Kolkata,2024-06-25 11:12:00,1.3
customer_0002,1331,Rohan Sharma,Mcdonald'S,Pasta,600,274,326,Upi,Delivered,Ankit Tiwari,38,4.2,Kolkata,2024-08-28 22:43:00,1.7
customer_0002,1360,Priya Verma,Mcdonald'S,Pizza,1351,131,1220,Cash On Delivery,Delivered,Deepak Singh,30,4.1,Delhi,2024-05-20 12:59:00,3.0
customer_0002,1363,Priya Verma,Subway,Biryani,1757,217,1540,Upi,Delivered,Rajesh Verma,20,3.9,Delhi,2024-06-25 00:46:00,3.1
customer_0002,1461,Priya Verma,Kfc,Sandwich,1268,486,782,Upi,Delivered,Rajesh Verma,23,4.0,Bangalore,2024-05-06 17:25:00,1.3
customer_0002,1467,Arjun Mehta,Kfc,Burger,640,301,339,Upi,Delivered,Rajesh Verma,56,3.5,Kolkata,2024-01-26 13:47:00,1.8
customer_0002,1471,Sanya Kapoor,Mcdonald'S,Pizza,1778,8,1770,Upi,Delivered,Ravi Kumar,34,2.6,Delhi,2024-11-05 05:23:00,1.8
customer_0002,1577,Sanya Kapoor,Pizza Hut,Biryani,508,27,481,Card,Delivered,Ankit Tiwari,10,3.7,Delhi,2024-03-26 14:34:00,2.1
customer_0002,1822,Vikas Yadav,Domino'S,Chicken Wings,486,133,353,Upi,Delivered,Sahil Khan,60,3.2,Kolkata,2024-07-02 11:32:00,1.0
customer_0002,1978,Priya Verma,Burger King,Dosa,962,57,905,Upi,Delivered,Ankit Tiwari,19,2.0,Chennai,2024-11-08 00:50:00,3.0
customer_0002,1988,Vikas Yadav,Pizza Hut,Sandwich,2000,207,1793,Card,Delivered,Sahil Khan,37,1.6,Mumbai,2024-04-12 05:47:00,4.5
customer_0002,2249,Vikas Yadav,Mcdonald'S,Pasta,367,96,271,Cash On Delivery,Delivered,Ravi Kumar,45,2.6,Chennai,2024-11-10 22:52:00,2.1
customer_0002,2252,Priya Verma,Mcdonald'S,Pasta,1587,256,1331,Cash On Delivery,Delivered,Deepak Singh,32,4.3,Hyderabad,2024-12-06 05:30:00,2.4
customer_0002,2369,Sanya Kapoor,Burger King,Chicken Wings,688,188,500,Upi,Delivered,Rajesh Verma,39,3.1,Mumbai,2024-02-18 16:16:00,2.4
customer_0002,2450,Vikas Yadav,Kfc,Sandwich,1638,75,1563,Card,Delivered,Sahil Khan,26,1.8,Kolkata,2024-12-01 18:52:00,4.5
customer_0002,2520,Sanya Kapoor,Mcdonald'S,Dosa,1420,707,713,Cash On Delivery,Delivered,Deepak Singh,15,1.7,Hyderabad,2024-07-24 19:59:00,1.8
customer_0002,2578,Priya Verma,Mcdonald'S,Burger,235,115,120,Cash On Delivery,Delivered,Sahil Khan,33,1.6,Hyderabad,2024-03-10 22:14:00,2.8
customer_0002,2677,Vikas Yadav,Subway,Chicken Wings,1279,360,919,Upi,Delivered,Deepak Singh,51,4.4,Hyderabad,2024-09-23 12:47:00,3.6
customer_0002,2782,Arjun Mehta,Burger King,Pizza,603,155,448,Upi,Delivered,Sahil Khan,19,3.6,Delhi,2024-07-25 18:52:00,2.7
customer_0002,3234,Rohan Sharma,Domino'S,Chicken Wings,1731,302,1429,Card,Delivered,Sahil Khan,31,1.6,Kolkata,2024-05-19 08:23:00,1.3
customer_0002,3356,Arjun Mehta,Burger King,Sandwich,1880,375,1505,Cash On Delivery,Delivered,Sahil Khan,45,1.9,Pune,2024-02-22 22:17:00,3.8
customer_0002,3570,Priya Verma,Mcdonald'S,Pizza,867,193,674,Card,Delivered,Ankit Tiwari,23,4.8,Mumbai,2024-02-19 03:18:00,3.6
customer_0002,3658,Rohan Sharma,Domino'S,Biryani,1686,627,1059,Card,Delivered,Ankit Tiwari,22,4.8,Kolkata,2024-10-09 20:11:00,2.0
customer_0002,3844,Vikas Yadav,Domino'S,Dosa,568,81,487,Upi,Delivered,Ravi Kumar,51,3.8,Bangalore,2024-01-24 23:48:00,3.9
customer_0002,3935,Priya Verma,Burger King,Sandwich,209,53,156,Card,Delivered,Ankit Tiwari,47,4.7,Mumbai,2024-10-28 19:33:00,1.6
customer_0002,3980,Rohan Sharma,Pizza Hut,Burger,143,22,121,Upi,Delivered,Sahil Khan,55,1.1,Bangalore,2024-07-15 07:59:00,2.9
customer_0002,3992,Sanya Kapoor,Mcdonald'S,Chicken Wings,1468,436,1032,Cash On Delivery,Delivered,Deepak Singh,10,2.7,Mumbai,2024-10-21 00:01:00,3.5
customer_0002,4097,Sanya Kapoor,Subway,Pizza,1837,668,1169,Cash On Delivery,Delivered,Ravi Kumar,22,2.8,Delhi,2024-11-14 19:06:00,4.5
customer_0002,4118,Rohan Sharma,Pizza Hut,Pizza,1447,633,814,Upi,Delivered,Ravi Kumar,15,3.8,Mumbai,2024-01-28 11:17:00,1.4
customer_0002,4496,Priya Verma,Domino'S,Biryani,987,358,629,Upi,Delivered,Sahil Khan,44,1.7,Hyderabad,2024-10-02 10:34:00,1.9
customer_0002,4563,Sanya Kapoor,Domino'S,Chicken Wings,1043,427,616,Card,Delivered,Ankit Tiwari,13,2.9,Pune,2024-01-08 23:48:00,1.3
customer_0002,4644,Rohan Sharma,Domino'S,Pasta,1143,514,629,Card,Delivered,Ravi Kumar,10,3.7,Chennai,2024-10-21 18:19:00,3.1
customer_0002,4667,Rohan Sharma,Subway,Pizza,1453,474,979,Card,Delivered,Ankit Tiwari,53,4.4,Delhi,2024-06-12 19:09:00,3.9
customer_0002,4801,Priya Verma,Domino'S,Sandwich,1009,224,785,Cash On Delivery,Delivered,Sahil Khan,31,3.1,Pune,2024-02-15 02:43:00,4.2
customer_0002,4850,Vikas Yadav,Mcdonald'S,Chicken Wings,1417,83,1334,Upi,Delivered,Sahil Khan,39,2.0,Delhi,2024-04-16 20:08:00,4.4
customer_0002,4977,Priya Verma,Burger King,Burger,214,105,109,Card,Delivered,Ravi Kumar,55,1.1,Bangalore,2024-11-05 04:14:00,3.0
customer_0002,5025,Priya Verma,Subway,Pasta,1217,455,762,Card,Delivered,Ravi Kumar,55,4.3,Delhi,2024-08-08 09:12:00,4.5
customer_0002,5295,Vikas Yadav,Burger King,Pasta,461,216,245,Cash On Delivery,Delivered,Deepak Singh,20,3.2,Mumbai,2024-05-27 13:29:00,2.2
customer_0002,5462,Arjun Mehta,Kfc,Chicken Wings,619,237,382,Upi,Delivered,Rajesh Verma,37,1.8,Pune,2024-12-04 20:46:00,1.8
customer_0002,5609,Priya Verma,Domino'S,Sandwich,851,259,592,Cash On Delivery,Delivered,Ankit Tiwari,50,3.0,Bangalore,2024-03-24 04:29:00,4.7
customer_0002,5613,Arjun Mehta,Mcdonald'S,Pizza,1148,69,1079,Upi,Delivered,Deepak Singh,10,1.4,Pune,2024-07-21 08:11:00,4.8
customer_0002,5669,Arjun Mehta,Pizza Hut,Pasta,834,139,695,Cash On Delivery,Delivered,Ravi Kumar,35,2.3,Delhi,2024-12-20 21:40:00,4.9
customer_0002,5727,Vikas Yadav,Domino'S,Biryani,454,185,269,Card,Delivered,Deepak Singh,57,1.3,Pune,2024-03-09 20:27:00,1.5
customer_0002,5950,Arjun Mehta,Subway,Biryani,200,7,193,Upi,Delivered,Ravi Kumar,32,1.7,Hyderabad,2024-06-09 14:44:00,3.3
customer_0002,6100,Priya Verma,Subway,Pizza,497,51,446,Upi,Delivered,Ankit Tiwari,14,1.3,Chennai,2024-12-06 02:49:00,1.4
customer_0002,6331,Priya Verma,Kfc,Pizza,195,45,150,Cash On Delivery,Delivered,Rajesh Verma,49,4.8,Pune,2024-09-21 20:21:00,1.3
customer_0002,6395,Vikas Yadav,Subway,Chicken Wings,1158,129,1029,Card,Delivered,Ravi Kumar,34,2.9,Chennai,2024-03-19 21:12:00,4.0
customer_0002,6422,Priya Verma,Kfc,Dosa,665,257,408,Cash On Delivery,Delivered,Deepak Singh,23,3.5,Kolkata,2024-01-10 13:20:00,2.9
customer_0002,6469,Rohan Sharma,Pizza Hut,Pizza,984,364,620,Cash On Delivery,Delivered,Deepak Singh,42,3.3,Bangalore,2024-11-24 20:41:00,4.7
customer_0002,6565,Arjun Mehta,Pizza Hut,Pizza,916,310,606,Card,Delivered,Rajesh Verma,35,3.3,Pune,2024-12-21 19:09:00,2.6
customer_0002,6573,Sanya Kapoor,Pizza Hut,Pizza,1802,845,957,Upi,Delivered,Rajesh Verma,23,2.5,Chennai,2024-04-08 18:20:00,1.8
customer_0002,6632,Arjun Mehta,Pizza Hut,Burger,1359,559,800,Upi,Delivered,Sahil Khan,14,3.1,Kolkata,2024-07-20 21:38:00,4.4
customer_0002,6766,Vikas Yadav,Pizza Hut,Pasta,963,18,945,Cash On Delivery,Delivered,Deepak Singh,13,3.9,Chennai,2024-09-14 10:03:00,1.2
customer_0002,7147,Priya Verma,Domino'S,Biryani,1016,120,896,Cash On Delivery,Delivered,Sahil Khan,37,3.9,Pune,2024-11-20 00:11:00,4.1
customer_0002,7151,Sanya Kapoor,Burger King,Chicken Wings,1628,372,1256,Upi,Delivered,Rajesh Verma,56,3.7,Delhi,2024-06-26 22:29:00,1.3
customer_0002,7357,Rohan Sharma,Burger King,Pasta,1822,21,1801,Cash On Delivery,Delivered,Ankit Tiwari,14,4.2,Kolkata,2024-05-04 00:43:00,4.4
customer_0002,7382,Vikas Yadav,Kfc,Biryani,1302,473,829,Upi,Delivered,Rajesh Verma,35,2.1,Pune,2024-06-24 06:58:00,4.7
customer_0002,7393,Arjun Mehta,Pizza Hut,Chicken Wings,1867,59,1808,Cash On Delivery,Delivered,Deepak Singh,29,2.1,Bangalore,2024-05-04 08:51:00,2.7
customer_0002,7548,Sanya Kapoor,Subway,Sandwich,791,336,455,Card,Delivered,Ravi Kumar,41,1.5,Chennai,2024-12-09 02:45:00,1.9
customer_0002,7568,Sanya Kapoor,Subway,Biryani,1022,420,602,Card,Delivered,Sahil Khan,56,2.9,Kolkata,2024-04-04 12:31:00,1.1
customer_0002,7573,Arjun Mehta,Mcdonald'S,Chicken Wings,219,37,182,Upi,Delivered,Ravi Kumar,46,2.0,Kolkata,2024-07-06 16:47:00,2.8
customer_0002,7908,Vikas Yadav,Pizza Hut,Chicken Wings,1964,400,1564,Upi,Delivered,Deepak Singh,51,2.5,Hyderabad,2024-03-26 18:43:00,3.0
customer_0002,7933,Sanya Kapoor,Mcdonald'S,Burger,1876,700,1176,Card,Delivered,Ravi Kumar,13,4.3,Bangalore,2024-08-04 22:34:00,1.5
customer_0002,8288,Priya Verma,Pizza Hut,Biryani,452,213,239,Card,Delivered,Deepak Singh,26,1.5,Delhi,2024-05-18 04:47:00,3.1
customer_0002,8547,Sanya Kapoor,Kfc,Pasta,630,204,426,Upi,Delivered,Rajesh Verma,41,3.6,Bangalore,2024-07-12 02:04:00,1.4
customer_0002,8586,Rohan Sharma,Pizza Hut,Pasta,1454,615,839,Card,Delivered,Ankit Tiwari,37,4.7,Hyderabad,2024-01-02 17:32:00,4.0
customer_0002,8672,Vikas Yadav,Subway,Burger,1898,126,1772,Cash On Delivery,Delivered,Deepak Singh,15,4.4,Chennai,2024-10-06 10:40:00,2.4
customer_0002,8743,Vikas Yadav,Kfc,Pizza,227,60,167,Upi,Delivered,Sahil Khan,35,3.3,Bangalore,2024-09-08 08:45:00,3.8
customer_0002,8882,Rohan Sharma,Subway,Pasta,1164,168,996,Card,Delivered,Ankit Tiwari,13,2.8,Mumbai,2024-10-10 00:25:00,4.0
customer_0002,9214,Arjun Mehta,Mcdonald'S,Dosa,1138,197,941,Upi,Delivered,Ravi Kumar,18,2.1,Pune,2024-02-14 17:39:00,1.6
customer_0002,9665,Arjun Mehta,Kfc,Biryani,646,282,364,Cash On Delivery,Delivered,Ravi Kumar,12,1.8,Mumbai,2024-01-05 18:00:00,4.0
customer_0002,9756,Arjun Mehta,Mcdonald'S,Dosa,933,278,655,Cash On Delivery,Delivered,Deepak Singh,18,4.7,Kolkata,2024-05-06 10:41:00,4.1
customer_0002,9766,Arjun Mehta,Subway,Pizza,683,312,371,Card,Delivered,Rajesh Verma,46,4.8,Chennai,2024-11-15 07:34:00,3.2
customer_0002,9876,Vikas Yadav,Kfc,Burger,398,190,208,Cash On Delivery,Delivered,Ankit Tiwari,30,1.2,Kolkata,2024-10-02 23:21:00,3.8
customer_0002,10038,Vikas Yadav,Mcdonald'S,Burger,1422,473,949,Cash On Delivery,Delivered,Ravi Kumar,53,1.5,Pune,2024-07-12 01:58:00,2.0
customer_0002,10172,Arjun Mehta,Pizza Hut,Pizza,1419,9,1410,Cash On Delivery,Delivered,Ravi Kumar,26,1.8,Mumbai,2024-12-26 20:12:00,4.4
customer_0002,10268,Rohan Sharma,Domino'S,Sandwich,342,170,172,Cash On Delivery,Delivered,Deepak Singh,27,2.5,Pune,2024-12-03 10:31:00,2.9
customer_0002,10358,Priya Verma,Burger King,Chicken Wings,1605,447,1158,Card,Delivered,Sahil Khan,43,1.8,Pune,2024-10-28 07:14:00,2.4
customer_0003,105,Rohan Sharma,Pizza Hut,Sandwich,307,59,248,Upi,Delivered,Rajesh Verma,54,3.1,Delhi,2024-04-20 05:10:00,2.8
customer_0003,123,Rohan Sharma,Pizza Hut,Sandwich,416,150,266,Cash On Delivery,Delivered,Sahil Khan,45,2.7,Chennai,2024-03-01 17:07:00,3.4
customer_0003,301,Arjun Mehta,Pizza Hut,Pizza,1475,724,751,Card,Delivered,Ankit Tiwari,58,2.2,Bangalore,2024-12-18 18:20:00,2.3
customer_0003,541,Sanya Kapoor,Pizza Hut,Sandwich,1663,483,1180,Cash On Delivery,Delivered,Sahil Khan,23,3.8,Hyderabad,2024-09-06 11:52:00,3.7
customer_0003,550,Rohan Sharma,Pizza Hut,Sandwich,529,38,491,Upi,Delivered,Ankit Tiwari,18,4.4,Hyderabad,2024-10-20 14:30:00,1.1
customer_0003,622,Vikas Yadav,Pizza Hut,Burger,856,143,713,Upi,Delivered,Deepak Singh,50,4.7,Hyderabad,2024-09-15 08:47:00,1.2
customer_0003,770,Arjun Mehta,Domino'S,Pasta,710,241,469,Cash On Delivery,Delivered,Ravi Kumar,48,4.8,Bangalore,2024-09-17 03:26:00,2.2
customer_0003,791,Rohan Sharma,Pizza Hut,Biryani,1501,384,1117,Card,Delivered,Ankit Tiwari,19,4.8,Bangalore,2024-02-26 18:53:00,2.9
customer_0003,916,Rohan Sharma,Pizza Hut,Chicken Wings,1689,387,1302,Cash On Delivery,Delivered,Sahil Khan,12,3.3,Delhi,2024-07-22 23:25:00,5.0
customer_0003,926,Vikas Yadav,Subway,Dosa,539,75,464,Card,Delivered,Sahil Khan,56,1.8,Hyderabad,2024-01-16 10:56:00,4.2
customer_0003,973,Rohan Sharma,Burger King,Pizza,1849,864,985,Upi,Delivered,Sahil Khan,29,2.4,Delhi,2024-02-12 14:24:00,2.3
customer_0003,1278,Arjun Mehta,Burger King,Pasta,274,111,163,Upi,Delivered,Ankit Tiwari,42,2.8,Bangalore,2024-01-26 05:16:00,3.6
customer_0003,1499,Priya Verma,Domino'S,Dosa,1406,471,935,Cash On Delivery,Delivered,Rajesh Verma,56,5.0,Kolkata,2024-04-26 23:34:00,2.2
customer_0003,1524,Arjun Mehta,Domino'S,Pasta,1105,324,781,Card,Delivered,Deepak Singh,28,2.8,Hyderabad,2024-01-28 11:19:00,2.4
customer_0003,1561,Vikas Yadav,Pizza Hut,Pizza,1969,756,1213,Upi,Delivered,Ankit Tiwari,54,4.0,Delhi,2024-07-17 04:45:00,2.0
customer_0003,1741,Vikas Yadav,Pizza Hut,Biryani,1495,541,954,Cash On Delivery,Delivered,Ankit Tiwari,55,4.5,Pune,2024-03-21 21:04:00,1.2
customer_0003,1800,Vikas Yadav,Subway,Burger,1555,372,1183,Cash On Delivery,Delivered,Ravi Kumar,27,4.3,Kolkata,2024-07-08 19:07:00,2.8
customer_0003,1813,Rohan Sharma,Subway,Sandwich,342,85,257,Upi,Delivered,Ankit Tiwari,24,2.9,Hyderabad,2024-03-07 07:51:00,2.4
customer_0003,1828,Rohan Sharma,Burger King,Biryani,1096,284,812,Card,Delivered,Deepak Singh,53,3.4,Pune,2024-12-08 13:07:00,2.4
customer_0003,1903,Rohan Sharma,Kfc,Pizza,1881,770,1111,Card,Delivered,Sahil Khan,34,3.5,Pune,2024-11-27 05:01:00,3.0
customer_0003,1971,Priya Verma,Mcdonald'S,Sandwich,1269,336,933,Card,Delivered,Ravi Kumar,40,4.2,Hyderabad,2024-12-08 16:19:00,4.2
customer_0003,2165,Vikas Yadav,Domino'S,Burger,182,4,178,Upi,Delivered,Rajesh Verma,27,2.8,Pune,2024-02-20 00:23:00,3.1
customer_0003,2231,Vikas Yadav,Burger King,Chicken Wings,1408,410,998,Cash On Delivery,Delivered,Rajesh Verma,44,4.5,Mumbai,2024-07-03 10:21:00,1.7
customer_0003,2235,Priya Verma,Domino'S,Chicken Wings,1184,167,1017,Cash On Delivery,Delivered,Sahil Khan,56,2.2,Bangalore,2024-02-25 23:54:00,3.0
customer_0003,2257,Priya Verma,Pizza Hut,Biryani,780,254,526,Upi,Delivered,Ankit Tiwari,18,4.3,Pune,2024-05-26 13:31:00,4.2
customer_0003,2435,Vikas Yadav,Pizza Hut,Sandwich,1420,649,771,Card,Delivered,Deepak Singh,17,4.0,Delhi,2024-06-12 00:29:00,3.7
customer_0003,2577,Rohan Sharma,Burger King,Pasta,1578,595,983,Card,Delivered,Rajesh Verma,15,3.8,Hyderabad,2024-12-25 15:53:00,1.1
customer_0003,2687,Sanya Kapoor,Kfc,Burger,1487,693,794,Cash On Delivery,Delivered,Deepak Singh,40,2.5,Hyderabad,2024-08-09 20:42:00,3.2
customer_0003,2697,Vikas Yadav,Burger King,Sandwich,1299,416,883,Upi,Delivered,Sahil Khan,42,1.4,Pune,2024-07-22 01:43:00,4.1
customer_0003,2734,Vikas Yadav,Subway,Burger,451,38,413,Upi,Delivered,Rajesh Verma,43,1.6,Delhi,2024-08-26 07:29:00,3.9
customer_0003,2791,Priya Verma,Kfc,Burger,898,421,477,Card,Delivered,Deepak Singh,52,1.5,Delhi,2024-06-06 04:20:00,2.5
customer_0003,2949,Sanya Kapoor,Pizza Hut,Dosa,1488,576,912,Card,Delivered,Rajesh Verma,43,1.0,Delhi,2024-07-12 15:22:00,1.6
customer_0003,3132,Rohan Sharma,Pizza Hut,Sandwich,571,144,427,Card,Delivered,Rajesh Verma,34,3.7,Delhi,2024-02-17 04:33:00,2.6
customer_0003,3233,Sanya Kapoor,Mcdonald'S,Pizza,432,20,412,Cash On Delivery,Delivered,Rajesh Verma,40,3.1,Bangalore,2024-08-01 02:29:00,2.8
customer_0003,3319,Sanya Kapoor,Pizza Hut,Biryani,460,164,296,Cash On Delivery,Delivered,Deepak Singh,18,3.8,Mumbai,2024-03-15 01:50:00,2.2
customer_0003,3551,Vikas Yadav,Burger King,Pasta,868,350,518,Cash On Delivery,Delivered,Ravi Kumar,16,3.5,Kolkata,2024-07-27 16:29:00,1.7
customer_0003,3608,Rohan Sharma,Burger King,Sandwich,1496,222,1274,Upi,Delivered,Ankit Tiwari,30,4.0,Mumbai,2024-02-10 05:57:00,4.0
customer_0003,3804,Vikas Yadav,Mcdonald'S,Chicken Wings,529,214,315,Cash On Delivery,Delivered,Ravi Kumar,26,1.9,Chennai,2024-04-01 01:56:00,2.1
customer_0003,3939,Priya Verma,Burger King,Sandwich,1173,66,1107,Upi,Delivered,Rajesh Verma,37,4.6,Chennai,2024-04-09 18:24:00,4.4
customer_0003,3950,Vikas Yadav,Subway,Sandwich,1432,434,998,Card,Delivered,Ankit Tiwari,50,4.4,Kolkata,2024-02-02 21:34:00,2.1
customer_0003,4133,Sanya Kapoor,Mcdonald'S,Dosa,432,104,328,Upi,Delivered,Ravi Kumar,38,5.0,Pune,2024-08-04 18:38:00,2.3
customer_0003,4169,Sanya Kapoor,Mcdonald'S,Biryani,516,164,352,Cash On Delivery,Delivered,Deepak Singh,14,2.0,Kolkata,2024-01-20 20:00:00,1.2
customer_0003,4232,Vikas Yadav,Burger King,Pasta,1565,440,1125,Cash On Delivery,Delivered,Sahil Khan,28,2.3,Hyderabad,2024-02-01 19:50:00,3.2
customer_0003,4603,Arjun Mehta,Subway,Sandwich,1409,477,932,Upi,Delivered,Rajesh Verma,10,2.7,Bangalore,2024-11-19 18:07:00,2.5
customer_0003,4754,Vikas Yadav,Mcdonald'S,Pizza,518,253,265,Cash On Delivery,Delivered,Sahil Khan,13,1.3,Delhi,2024-11-13 08:19:00,4.8
customer_0003,4821,Rohan Sharma,Burger King,Pizza,1138,535,603,Cash On Delivery,Delivered,Sahil Khan,15,1.2,Kolkata,2024-08-15 22:08:00,2.6
customer_0003,5033,Arjun Mehta,Domino'S,Dosa,1203,365,838,Card,Delivered,Deepak Singh,17,1.1,Delhi,2024-07-14 22:38:00,3.3
customer_0003,5149,Vikas Yadav,Pizza Hut,Pizza,1029,223,806,Upi,Delivered,Rajesh Verma,35,1.7,Chennai,2024-06-04 20:59:00,4.9
customer_0003,5329,Vikas Yadav,Kfc,Burger,478,232,246,Card,Delivered,Deepak Singh,38,1.5,Hyderabad,2024-09-06 01:03:00,3.2
customer_0003,5340,Vikas Yadav,Pizza Hut,Pasta,1130,322,808,Card,Delivered,Ravi Kumar,36,2.3,Mumbai,2024-03-27 05:26:00,3.9
customer_0003,5450,Rohan Sharma,Subway,Biryani,517,49,468,Cash On Delivery,Delivered,Ankit Tiwari,18,4.6,Mumbai,2024-08-26 19:25:00,3.4
customer_0003,5724,Priya Verma,Subway,Pasta,196,73,123,Cash On Delivery,Delivered,Ravi Kumar,27,2.4,Bangalore,2024-09-16 10:56:00,1.8
customer_0003,5903,Vikas Yadav,Domino'S,Dosa,1117,171,946,Upi,Delivered,Deepak Singh,44,1.4,Pune,2024-03-23 19:26:00,4.1
customer_0003,6224,Vikas Yadav,Mcdonald'S,Dosa,1054,132,922,Card,Delivered,Deepak Singh,12,2.0,Bangalore,2024-06-09 11:09:00,2.2
customer_0003,6262,Sanya Kapoor,Kfc,Sandwich,1911,793,1118,Upi,Delivered,Deepak Singh,46,2.8,Kolkata,2024-05-17 07:03:00,4.2
customer_0003,6302,Arjun Mehta,Pizza Hut,Biryani,450,27,423,Cash On Delivery,Delivered,Rajesh Verma,23,3.6,Kolkata,2024-07-28 12:56:00,1.5
customer_0003,6339,Vikas Yadav,Kfc,Dosa,886,307,579,Upi,Delivered,Sahil Khan,33,3.5,Bangalore,2024-11-28 14:00:00,2.4
customer_0003,6456,Sanya Kapoor,Pizza Hut,Chicken Wings,1277,548,729,Cash On Delivery,Delivered,Ankit Tiwari,29,1.9,Chennai,2024-03-01 02:52:00,3.9
customer_0003,6974,Priya Verma,Domino'S,Pasta,170,40,130,Card,Delivered,Ravi Kumar,50,2.7,Mumbai,2024-11-16 10:33:00,2.6
customer_0003,7056,Priya Verma,Burger King,Biryani,908,164,744,Cash On Delivery,Delivered,Ravi Kumar,10,4.4,Bangalore,2024-04-26 20:44:00,1.4
customer_0003,7179,Priya Verma,Subway,Burger,989,199,790,Cash On Delivery,Delivered,Sahil Khan,36,2.6,Chennai,2024-04-19 22:21:00,3.7
customer_0003,7296,Vikas Yadav,Burger King,Biryani,706,330,376,Card,Delivered,Ankit Tiwari,11,4.9,Pune,2024-01-09 05:11:00,2.1
customer_0003,7338,Vikas Yadav,Mcdonald'S,Burger,1634,12,1622,Card,Delivered,Ravi Kumar,41,2.2,Mumbai,2024-08-25 10:20:00,4.7
customer_0003,7463,Vikas Yadav,Mcdonald'S,Biryani,1799,170,1629,Cash On Delivery,Delivered,Rajesh Verma,12,1.2,Hyderabad,2024-02-13 17:23:00,2.7
customer_0003,7486,Priya Verma,Burger King,Biryani,1133,549,584,Cash On Delivery,Delivered,Deepak Singh,45,1.1,Chennai,2024-10-24 06:19:00,2.1
customer_0003,7502,Priya Verma,Burger King,Biryani,1174,368,806,Card,Delivered,Rajesh Verma,51,1.1,Hyderabad,2024-05-22 01:02:00,2.4
customer_0003,7760,Sanya Kapoor,Domino'S,Pasta,1450,473,977,Card,Delivered,Ankit Tiwari,41,3.1,Hyderabad,2024-05-27 21:22:00,4.5
customer_0003,7784,Rohan Sharma,Subway,Pizza,1434,639,795,Upi,Delivered,Rajesh Verma,47,2.8,Kolkata,2024-08-03 20:12:00,2.2
customer_0003,7849,Rohan Sharma,Subway,Dosa,239,15,224,Upi,Delivered,Sahil Khan,29,1.9,Chennai,2024-07-15 19:43:00,1.1
customer_0003,7856,Sanya Kapoor,Domino'S,Pasta,1183,274,909,Upi,Delivered,Ravi Kumar,54,3.6,Bangalore,2024-01-11 12:36:00,1.9
customer_0003,7926,Sanya Kapoor,Kfc,Pasta,1643,804,839,Cash On Delivery,Delivered,Deepak Singh,50,4.9,Kolkata,2024-09-04 21:33:00,2.2
customer_0003,8116,Sanya Kapoor,Mcdonald'S,Pizza,184,70,114,Card,Delivered,Deepak Singh,25,2.6,Pune,2024-03-20 23:36:00,3.4
customer_0003,8323,Arjun Mehta,Domino'S,Sandwich,795,14,781,Card,Delivered,Rajesh Verma,11,4.3,Hyderabad,2024-07-05 21:27:00,4.1
customer_0003,8449,Rohan Sharma,Mcdonald'S,Chicken Wings,717,180,537,Cash On Delivery,Delivered,Ravi Kumar,38,1.8,Pune,2024-05-04 00:04:00,1.5
customer_0003,9136,Priya Verma,Pizza Hut,Biryani,427,134,293,Upi,Delivered,Rajesh Verma,28,3.7,Chennai,2024-02-24 04:09:00,3.8
customer_0003,9156,Priya Verma,Mcdonald'S,Chicken Wings,1841,681,1160,Card,Delivered,Sahil Khan,36,4.4,Kolkata,2024-12-14 09:17:00,3.8
customer_0003,9174,Rohan Sharma,Kfc,Sandwich,647,239,408,Cash On Delivery,Delivered,Deepak Singh,44,3.1,Mumbai,2024-08-25 03:06:00,4.6
customer_0003,9275,Vikas Yadav,Kfc,Pasta,1285,641,644,Upi,Delivered,Rajesh Verma,38,3.9,Pune,2024-06-03 01:12:00,4.4
customer_0003,9329,Priya Verma,Mcdonald'S,Dosa,1165,19,1146,Card,Delivered,Deepak Singh,25,1.6,Hyderabad,2024-07-20 23:01:00,4.7
customer_0003,9480,Vikas Yadav,Burger King,Chicken Wings,1788,830,958,Upi,Delivered,Deepak Singh,49,2.8,Bangalore,2024-05-06 23:29:00,1.1
customer_0003,9663,Sanya Kapoor,Subway,Pasta,1664,555,1109,Upi,Delivered,Sahil Khan,24,3.1,Hyderabad,2024-08-03 13:07:00,2.0
customer_0003,10168,Vikas Yadav,Subway,Pasta,1838,645,1193,Cash On Delivery,Delivered,Ankit Tiwari,43,3.5,Mumbai,2024-03-03 20:26:00,4.1
customer_0003,10242,Sanya Kapoor,Subway,Dosa,1057,39,1018,Cash On Delivery,Delivered,Deepak Singh,26,3.4,Hyderabad,2024-06-07 04:27:00,4.5
customer_0004,163,Sanya Kapoor,Pizza Hut,Chicken Wings,301,107,194,Upi,Delivered,Rajesh Verma,48,4.6,Hyderabad,2024-01-04 09:06:00,2.8
customer_0004,282,Sanya Kapoor,Subway,Pasta,1139,485,654,Cash On Delivery,Delivered,Ankit Tiwari,24,2.3,Delhi,2024-01-03 15:45:00,3.2
customer_0004,401,Sanya Kapoor,Subway,Biryani,815,261,554,Cash On Delivery,Delivered,Ankit Tiwari,57,4.7,Delhi,2024-09-15 02:48:00,2.4
customer_0004,686,Rohan Sharma,Subway,Burger,1310,431,879,Upi,Delivered,Ravi Kumar,41,3.5,Kolkata,2024-09-15 02:49:00,3.5
customer_0004,703,Sanya Kapoor,Kfc,Sandwich,1432,522,910,Card,Delivered,Sahil Khan,54,2.5,Bangalore,2024-08-10 05:40:00,1.5
customer_0004,790,Vikas Yadav,Burger King,Sandwich,305,7,298,Upi,Delivered,Sahil Khan,14,2.3,Bangalore,2024-09-06 02:25:00,1.6
customer_0004,1069,Vikas Yadav,Domino'S,Dosa,1937,771,1166,Cash On Delivery,Delivered,Ankit Tiwari,56,2.5,Chennai,2024-12-03 06:48:00,4.4
customer_0004,1072,Arjun Mehta,Burger King,Pizza,1722,811,911,Card,Delivered,Ravi Kumar,10,4.2,Kolkata,2024-03-09 19:56:00,2.2
customer_0004,1179,Rohan Sharma,Subway,Chicken Wings,1592,420,1172,Cash On Delivery,Delivered,Deepak Singh,26,2.0,Hyderabad,2024-09-14 22:14:00,4.9
customer_0004,1189,Vikas Yadav,Domino'S,Burger,691,235,456,Cash On Delivery,Delivered,Ravi Kumar,30,2.5,Bangalore,2024-03-04 01:32:00,2.6
customer_0004,1195,Vikas Yadav,Subway,Sandwich,309,150,159,Upi,Delivered,Deepak Singh,24,4.7,Hyderabad,2024-06-12 05:30:00,2.3
customer_0004,1276,Priya Verma,Subway,Biryani,1683,181,1502,Upi,Delivered,Rajesh Verma,28,4.4,Hyderabad,2024-09-05 07:46:00,1.2
customer_0004,1290,Vikas Yadav,Subway,Dosa,725,24,701,Card,Delivered,Rajesh Verma,25,1.3,Bangalore,2024-06-12 07:04:00,3.7
customer_0004,1308,Arjun Mehta,Pizza Hut,Burger,1407,280,1127,Card,Delivered,Ankit Tiwari,20,5.0,Pune,2024-05-09 14:06:00,4.5
customer_0004,1511,Arjun Mehta,Pizza Hut,Sandwich,383,81,302,Card,Delivered,Ankit Tiwari,57,2.4,Chennai,2024-03-04 04:07:00,1.7
customer_0004,1539,Priya Verma,Subway,Biryani,180,21,159,Upi,Delivered,Rajesh Verma,45,2.6,Kolkata,2024-05-20 22:44:00,3.2
customer_0004,1610,Vikas Yadav,Burger King,Dosa,1867,433,1434,Upi,Delivered,Rajesh Verma,11,4.1,Kolkata,2024-12-23 14:49:00,5.0
customer_0004,1700,Vikas Yadav,Burger King,Pasta,622,240,382,Card,Delivered,Sahil Khan,47,2.6,Chennai,2024-04-28 23:21:00,1.9
customer_0004,1838,Rohan Sharma,Pizza Hut,Burger,514,71,443,Card,Delivered,Ravi Kumar,60,2.7,Mumbai,2024-06-02 06:35:00,3.3
customer_0004,1926,Rohan Sharma,Subway,Chicken Wings,1917,552,1365,Cash On Delivery,Delivered,Sahil Khan,15,4.2,Kolkata,2024-01-25 11:32:00,2.7
customer_0004,2544,Arjun Mehta,Domino'S,Burger,1032,485,547,Card,Delivered,Sahil Khan,56,4.6,Hyderabad,2024-06-15 11:25:00,1.9
customer_0004,2773,Sanya Kapoor,Subway,Pasta,1362,681,681,Upi,Delivered,Rajesh Verma,33,3.8,Kolkata,2024-05-12 22:27:00,2.6
customer_0004,2794,Priya Verma,Subway,Dosa,331,65,266,Upi,Delivered,Deepak Singh,34,4.0,Kolkata,2024-07-09 22:34:00,2.3
customer_0004,2881,Priya Verma,Subway,Pizza,231,4,227,Cash On Delivery,Delivered,Deepak Singh,38,3.4,Bangalore,2024-08-28 14:33:00,4.7
customer_0004,2919,Rohan Sharma,Pizza Hut,Burger,1463,146,1317,Upi,Delivered,Deepak Singh,22,2.6,Chennai,2024-01-24 06:04:00,3.5
customer_0004,3031,Vikas Yadav,Domino'S,Biryani,957,144,813,Upi,Delivered,Deepak Singh,46,2.5,Bangalore,2024-11-26 18:04:00,4.1
customer_0004,3246,Sanya Kapoor,Domino'S,Biryani,756,128,628,Cash On Delivery,Delivered,Rajesh Verma,10,3.2,Kolkata,2024-09-05 20:07:00,4.1
customer_0004,3405,Rohan Sharma,Subway,Burger,801,63,738,Upi,Delivered,Rajesh Verma,14,2.1,Hyderabad,2024-09-20 08:23:00,2.3
customer_0004,3524,Priya Verma,Burger King,Burger,1142,198,944,Upi,Delivered,Ankit Tiwari,49,1.3,Pune,2024-10-06 03:32:00,3.4
customer_0004,3543,Vikas Yadav,Pizza Hut,Pizza,1856,513,1343,Upi,Delivered,Deepak Singh,44,4.1,Hyderabad,2024-01-23 19:55:00,3.2
customer_0004,3764,Sanya Kapoor,Subway,Sandwich,1974,339,1635,Cash On Delivery,Delivered,Rajesh Verma,17,3.2,Chennai,2024-01-17 15:22:00,4.2
customer_0004,3854,Sanya Kapoor,Subway,Dosa,1828,746,1082,Upi,Delivered,Sahil Khan,27,1.4,Mumbai,2024-02-11 15:12:00,2.6
customer_0004,4078,Sanya Kapoor,Burger King,Biryani,789,182,607,Upi,Delivered,Deepak Singh,14,2.6,Chennai,2024-08-11 17:12:00,4.6
customer_0004,4083,Priya Verma,Pizza Hut,Biryani,1061,302,759,Card,Delivered,Rajesh Verma,54,4.3,Kolkata,2024-02-11 19:46:00,4.1
customer_0004,4126,Vikas Yadav,Mcdonald'S,Pizza,1028,361,667,Cash On Delivery,Delivered,Deepak Singh,16,2.2,Delhi,2024-03-08 02:27:00,3.7
customer_0004,4177,Rohan Sharma,Pizza Hut,Dosa,225,41,184,Cash On Delivery,Delivered,Rajesh Verma,24,1.9,Hyderabad,2024-03-08 03:50:00,4.2
customer_0004,4235,Priya Verma,Subway,Burger,1779,569,1210,Cash On Delivery,Delivered,Rajesh Verma,20,2.6,Mumbai,2024-02-03 14:14:00,1.5
customer_0004,4271,Vikas Yadav,Kfc,Sandwich,1180,62,1118,Card,Delivered,Ankit Tiwari,33,2.2,Delhi,2024-12-01 06:45:00,1.2
customer_0004,4280,Vikas Yadav,Kfc,Burger,1017,454,563,Card,Delivered,Sahil Khan,32,3.4,Hyderabad,2024-04-15 05:25:00,3.3
customer_0004,4351,Arjun Mehta,Burger King,Biryani,1039,232,807,Card,Delivered,Ankit Tiwari,39,2.3,Hyderabad,2024-07-06 20:39:00,1.8
customer_0004,4426,Sanya Kapoor,Domino'S,Pasta,1350,364,986,Card,Delivered,Deepak Singh,54,1.3,Mumbai,2024-11-02 03:48:00,4.4
customer_0004,4543,Rohan Sharma,Mcdonald'S,Dosa,1410,223,1187,Card,Delivered,Deepak Singh,43,1.4,Hyderabad,2024-09-21 01:01:00,1.1
customer_0004,4673,Rohan Sharma,Domino'S,Sandwich,774,348,426,Cash On Delivery,Delivered,Rajesh Verma,24,4.7,Kolkata,2024-08-19 11:41:00,4.3
customer_0004,4686,Arjun Mehta,Subway,Pasta,1569,776,793,Upi,Delivered,Ankit Tiwari,31,3.9,Hyderabad,2024-01-16 09:04:00,4.1
customer_0004,4705,Rohan Sharma,Burger King,Burger,1552,95,1457,Cash On Delivery,Delivered,Rajesh Verma,37,3.2,Kolkata,2024-03-23 05:28:00,4.0
customer_0004,4817,Sanya Kapoor,Subway,Dosa,1209,32,1177,Cash On Delivery,Delivered,Sahil Khan,51,4.3,Mumbai,2024-02-02 06:09:00,2.3
customer_0004,4933,Sanya Kapoor,Kfc,Sandwich,573,50,523,Card,Delivered,Deepak Singh,39,4.8,Hyderabad,2024-09-23 06:44:00,2.9
customer_0004,5502,Priya Verma,Mcdonald'S,Biryani,266,33,233,Card,Delivered,Rajesh Verma,39,4.2,Chennai,2024-07-28 14:17:00,2.7
customer_0004,5589,Priya Verma,Pizza Hut,Burger,959,80,879,Upi,Delivered,Ravi Kumar,34,3.2,Chennai,2024-11-24 07:26:00,2.1
customer_0004,5624,Priya Verma,Kfc,Pizza,1953,42,1911,Cash On Delivery,Delivered,Ankit Tiwari,59,4.9,Mumbai,2024-10-21 15:02:00,1.1
customer_0004,6035,Vikas Yadav,Pizza Hut,Biryani,1372,59,1313,Card,Delivered,Rajesh Verma,53,2.3,Chennai,2024-02-01 18:22:00,1.8
customer_0004,6042,Sanya Kapoor,Kfc,Pizza,1909,183,1726,Card,Delivered,Sahil Khan,17,2.5,Hyderabad,2024-04-06 11:30:00,1.8
customer_0004,6124,Arjun Mehta,Subway,Sandwich,321,77,244,Upi,Delivered,Ravi Kumar,17,4.2,Bangalore,2024-01-15 01:25:00,4.0
customer_0004,6218,Rohan Sharma,Kfc,Chicken Wings,471,105,366,Card,Delivered,Rajesh Verma,11,3.0,Hyderabad,2024-01-24 22:04:00,3.6
customer_0004,6400,Arjun Mehta,Kfc,Sandwich,590,199,391,Upi,Delivered,Ravi Kumar,36,2.7,Pune,2024-02-27 01:57:00,3.3
customer_0004,6432,Sanya Kapoor,Domino'S,Pasta,1123,175,948,Upi,Delivered,Deepak Singh,31,3.1,Delhi,2024-04-11 00:50:00,2.6
customer_0004,6788,Sanya Kapoor,Pizza Hut,Chicken Wings,1578,712,866,Cash On Delivery,Delivered,Sahil Khan,23,2.9,Bangalore,2024-10-02 10:44:00,2.6
customer_0004,6805,Arjun Mehta,Mcdonald'S,Chicken Wings,1018,396,622,Cash On Delivery,Delivered,Rajesh Verma,42,3.5,Pune,2024-06-25 17:45:00,1.1
customer_0004,6825,Arjun Mehta,Burger King,Sandwich,1794,293,1501,Card,Delivered,Ravi Kumar,48,1.1,Mumbai,2024-10-16 05:05:00,4.5
customer_0004,7255,Priya Verma,Subway,Chicken Wings,1002,16,986,Card,Delivered,Deepak Singh,17,2.0,Mumbai,2024-05-26 08:14:00,4.2
customer_0004,7257,Priya Verma,Domino'S,Dosa,625,243,382,Card,Delivered,Ravi Kumar,38,3.2,Bangalore,2024-07-04 04:04:00,4.1
customer_0004,7431,Sanya Kapoor,Subway,Pizza,1697,544,1153,Card,Delivered,Rajesh Verma,58,3.3,Delhi,2024-01-04 04:14:00,3.2
customer_0004,8055,Priya Verma,Burger King,Chicken Wings,675,115,560,Card,Delivered,Ravi Kumar,51,1.3,Bangalore,2024-11-06 10:13:00,4.7
customer_0004,8125,Sanya Kapoor,Burger King,Sandwich,158,16,142,Cash On Delivery,Delivered,Sahil Khan,38,3.0,Kolkata,2024-09-14 06:40:00,2.9
customer_0004,8167,Sanya Kapoor,Mcdonald'S,Pizza,745,108,637,Card,Delivered,Deepak Singh,32,4.2,Hyderabad,2024-01-18 14:17:00,2.3
customer_0004,8279,Priya Verma,Subway,Pizza,120,58,62,Cash On Delivery,Delivered,Sahil Khan,27,1.4,Pune,2024-03-21 13:29:00,1.1
customer_0004,8356,Rohan Sharma,Pizza Hut,Pizza,251,14,237,Upi,Delivered,Sahil Khan,26,1.6,Delhi,2024-05-13 02:34:00,3.7
customer_0004,8385,Rohan Sharma,Pizza Hut,Burger,1721,596,1125,Card,Delivered,Ankit Tiwari,43,2.2,Kolkata,2024-03-12 02:22:00,4.0
customer_0004,8414,Sanya Kapoor,Subway,Burger,984,77,907,Card,Delivered,Ankit Tiwari,18,4.3,Delhi,2024-04-25 03:45:00,4.7
customer_0004,8419,Rohan Sharma,Domino'S,Pizza,301,33,268,Cash On Delivery,Delivered,Rajesh Verma,28,1.2,Bangalore,2024-02-25 15:43:00,2.4
customer_0004,9094,Vikas Yadav,Kfc,Pasta,1901,198,1703,Cash On Delivery,Delivered,Ravi Kumar,39,1.1,Hyderabad,2024-11-09 11:45:00,3.8
customer_0004,9472,Rohan Sharma,Burger King,Biryani,929,236,693,Cash On Delivery,Delivered,Sahil Khan,47,2.2,Pune,2024-03-04 14:18:00,3.3
customer_0004,9568,Arjun Mehta,Subway,Dosa,1693,338,1355,Cash On Delivery,Delivered,Ankit Tiwari,23,1.7,Delhi,2024-01-14 21:44:00,3.9
customer_0004,9642,Rohan Sharma,Pizza Hut,Chicken Wings,1893,80,1813,Upi,Delivered,Sahil Khan,44,2.0,Delhi,2024-10-06 14:14:00,3.5
customer_0004,10116,Sanya Kapoor,Subway,Pizza,1319,605,714,Card,Delivered,Sahil Khan,45,3.1,Bangalore,2024-11-22 09:05:00,3.5
customer_0004,10126,Arjun Mehta,Pizza Hut,Burger,1968,490,1478,Cash On Delivery,Delivered,Ankit Tiwari,14,4.3,Kolkata,2024-02-23 18:53:00,3.9
customer_0004,10361,Arjun Mehta,Kfc,Dosa,990,335,655,Cash On Delivery,Delivered,Ravi Kumar,38,4.9,Hyderabad,2024-10-06 19:53:00,1.2
customer_0005,172,Rohan Sharma,Subway,Chicken Wings,1335,126,1209,Cash On Delivery,Delivered,Ankit Tiwari,58,3.6,Bangalore,2024-12-12 08:59:00,2.3
customer_0005,417,Vikas Yadav,Mcdonald'S,Chicken Wings,842,331,511,Card,Delivered,Rajesh Verma,20,2.3,Mumbai,2024-04-08 23:34:00,3.1
customer_0005,743,Arjun Mehta,Kfc,Pasta,1994,160,1834,Upi,Delivered,Sahil Khan,53,4.1,Hyderabad,2024-07-20 13:35:00,4.9
customer_0005,826,Sanya Kapoor,Subway,Biryani,1988,391,1597,Cash On Delivery,Delivered,Deepak Singh,20,1.0,Mumbai,2024-05-05 13:39:00,2.5
customer_0005,977,Arjun Mehta,Subway,Dosa,1007,78,929,Card,Delivered,Sahil Khan,21,4.5,Bangalore,2024-12-12 01:41:00,1.6
customer_0005,1009,Priya Verma,Pizza Hut,Dosa,1099,155,944,Cash On Delivery,Delivered,Deepak Singh,11,1.9,Hyderabad,2024-01-08 10:52:00,4.9
customer_0005,1392,Priya Verma,Burger King,Dosa,930,171,759,Cash On Delivery,Delivered,Ravi Kumar,37,2.7,Hyderabad,2024-01-26 20:54:00,4.9
customer_0005,1430,Sanya Kapoor,Domino'S,Sandwich,1342,81,1261,Card,Delivered,Deepak Singh,20,2.2,Mumbai,2024-01-06 23:51:00,3.1
customer_0005,1587,Sanya Kapoor,Burger King,Chicken Wings,621,126,495,Cash On Delivery,Delivered,Rajesh Verma,25,1.9,Chennai,2024-07-03 04:15:00,2.7
customer_0005,1598,Sanya Kapoor,Subway,Sandwich,828,279,549,Card,Delivered,Sahil Khan,12,2.0,Kolkata,2024-11-21 02:25:00,4.8
customer_0005,1631,Arjun Mehta,Subway,Pasta,757,197,560,Upi,Delivered,Rajesh Verma,45,2.9,Kolkata,2024-08-02 23:56:00,1.6
customer_0005,1637,Vikas Yadav,Burger King,Biryani,487,89,398,Card,Delivered,Sahil Khan,39,1.1,Kolkata,2024-11-04 10:13:00,4.9
customer_0005,1827,Rohan Sharma,Subway,Sandwich,1604,651,953,Upi,Delivered,Ravi Kumar,53,4.3,Delhi,2024-01-18 22:27:00,2.1
customer_0005,1846,Arjun Mehta,Mcdonald'S,Burger,447,26,421,Upi,Delivered,Ravi Kumar,54,1.3,Hyderabad,2024-07-02 20:06:00,4.3
customer_0005,1887,Rohan Sharma,Mcdonald'S,Sandwich,713,347,366,Cash On Delivery,Delivered,Rajesh Verma,42,3.3,Delhi,2024-03-12 03:11:00,1.1
customer_0005,2012,Priya Verma,Kfc,Pasta,1792,606,1186,Card,Delivered,Rajesh Verma,38,4.6,Mumbai,2024-11-02 13:53:00,2.6
customer_0005,2044,Priya Verma,Burger King,Burger,274,96,178,Upi,Delivered,Ankit Tiwari,28,3.1,Bangalore,2024-06-26 13:03:00,1.4
customer_0005,2069,Vikas Yadav,Pizza Hut,Dosa,1179,516,663,Cash On Delivery,Delivered,Ankit Tiwari,57,4.3,Chennai,2024-07-10 05:34:00,1.4
customer_0005,2094,Vikas Yadav,Subway,Pasta,1349,493,856,Cash On Delivery,Delivered,Deepak Singh,40,3.5,Mumbai,2024-08-25 01:13:00,2.8
customer_0005,2271,Rohan Sharma,Subway,Burger,2000,957,1043,Cash On Delivery,Delivered,Ankit Tiwari,45,2.1,Mumbai,2024-06-20 19:23:00,1.6
customer_0005,2411,Sanya Kapoor,Domino'S,Burger,111,0,111,Upi,Delivered,Ravi Kumar,20,4.9,Mumbai,2024-11-17 16:42:00,4.9
customer_0005,2611,Rohan Sharma,Subway,Pizza,1969,135,1834,Upi,Delivered,Ankit Tiwari,33,2.4,Hyderabad,2024-02-21 22:51:00,4.3
customer_0005,2621,Vikas Yadav,Domino'S,Sandwich,189,23,166,Upi,Delivered,Deepak Singh,31,4.1,Hyderabad,2024-02-04 17:54:00,3.7
customer_0005,2649,Vikas Yadav,Subway,Sandwich,784,111,673,Cash On Delivery,Delivered,Rajesh Verma,28,4.1,Kolkata,2024-07-04 07:27:00,3.8
customer_0005,2726,Arjun Mehta,Mcdonald'S,Pizza,444,120,324,Upi,Delivered,Ravi Kumar,24,3.1,Pune,2024-10-19 18:53:00,3.6
customer_0005,2909,Vikas Yadav,Kfc,Sandwich,1249,222,1027,Upi,Delivered,Deepak Singh,47,2.5,Pune,2024-02-09 12:51:00,3.2
customer_0005,2957,Priya Verma,Burger King,Dosa,1591,70,1521,Cash On Delivery,Delivered,Rajesh Verma,11,4.4,Mumbai,2024-08-02 21:08:00,4.6
customer_0005,3416,Arjun Mehta,Burger King,Chicken Wings,516,86,430,Card,Delivered,Ravi Kumar,19,1.4,Hyderabad,2024-01-22 06:25:00,2.8
customer_0005,3707,Vikas Yadav,Burger King,Sandwich,605,168,437,Upi,Delivered,Deepak Singh,17,1.2,Delhi,2024-05-09 18:36:00,2.0
customer_0005,4654,Arjun Mehta,Mcdonald'S,Biryani,706,252,454,Upi,Delivered,Rajesh Verma,53,2.5,Pune,2024-11-17 23:34:00,3.1
customer_0005,4720,Rohan Sharma,Burger King,Sandwich,1263,599,664,Cash On Delivery,Delivered,Ravi Kumar,43,1.0,Chennai,2024-11-09 12:28:00,2.3
customer_0005,4955,Arjun Mehta,Domino'S,Chicken Wings,514,59,455,Cash On Delivery,Delivered,Sahil Khan,55,4.5,Delhi,2024-05-17 18:29:00,3.8
customer_0005,4966,Vikas Yadav,Pizza Hut,Pizza,1019,95,924,Upi,Delivered,Deepak Singh,60,1.8,Mumbai,2024-06-22 05:53:00,4.7
customer_0005,4994,Vikas Yadav,Kfc,Pasta,1745,451,1294,Cash On Delivery,Delivered,Sahil Khan,59,4.7,Chennai,2024-10-18 12:10:00,2.8
customer_0005,5064,Sanya Kapoor,Pizza Hut,Chicken Wings,1231,143,1088,Cash On Delivery,Delivered,Deepak Singh,10,4.9,Mumbai,2024-06-11 08:03:00,2.7
customer_0005,5085,Priya Verma,Domino'S,Pasta,663,108,555,Cash On Delivery,Delivered,Ravi Kumar,46,3.4,Bangalore,2024-08-27 04:55:00,4.7
customer_0005,5275,Vikas Yadav,Kfc,Sandwich,538,34,504,Card,Delivered,Rajesh Verma,33,3.5,Chennai,2024-12-06 14:19:00,2.8
customer_0005,5311,Sanya Kapoor,Subway,Biryani,1587,762,825,Cash On Delivery,Delivered,Rajesh Verma,55,1.4,Pune,2024-07-06 18:46:00,3.3
customer_0005,5460,Sanya Kapoor,Kfc,Pizza,1343,133,1210,Cash On Delivery,Delivered,Ravi Kumar,59,4.5,Pune,2024-12-24 04:17:00,3.4
customer_0005,5463,Rohan Sharma,Mcdonald'S,Pizza,988,374,614,Upi,Delivered,Ankit Tiwari,28,4.7,Hyderabad,2024-08-26 05:12:00,4.9
customer_0005,5662,Priya Verma,Subway,Burger,945,63,882,Cash On Delivery,Delivered,Ravi Kumar,26,4.5,Mumbai,2024-07-27 00:02:00,3.8
customer_0005,5754,Sanya Kapoor,Subway,Dosa,660,232,428,Upi,Delivered,Deepak Singh,40,2.2,Kolkata,2024-04-18 03:07:00,4.1
customer_0005,5805,Vikas Yadav,Pizza Hut,Burger,980,419,561,Upi,Delivered,Sahil Khan,20,1.5,Pune,2024-02-27 22:08:00,3.6
customer_0005,5892,Sanya Kapoor,Burger King,Biryani,1738,586,1152,Cash On Delivery,Delivered,Rajesh Verma,16,1.7,Hyderabad,2024-09-05 00:36:00,4.1
customer_0005,5982,Vikas Yadav,Burger King,Chicken Wings,819,349,470,Card,Delivered,Sahil Khan,55,4.7,Delhi,2024-08-15 19:37:00,1.8
customer_0005,6106,Rohan Sharma,Subway,Burger,1688,681,1007,Upi,Delivered,Sahil Khan,59,4.0,Hyderabad,2024-11-03 14:37:00,4.1
customer_0005,6277,Priya Verma,Mcdonald'S,Biryani,202,88,114,Card,Delivered,Ankit Tiwari,26,4.9,Delhi,2024-05-09 11:49:00,3.1
customer_0005,6341,Sanya Kapoor,Domino'S,Sandwich,888,294,594,Upi,Delivered,Sahil Khan,10,2.6,Mumbai,2024-11-24 13:33:00,1.2
customer_0005,6582,Sanya Kapoor,Pizza Hut,Pizza,1873,41,1832,Cash On Delivery,Delivered,Ankit Tiwari,10,4.8,Hyderabad,2024-04-26 14:30:00,2.0
customer_0005,6871,Sanya Kapoor,Domino'S,Pasta,1575,327,1248,Upi,Delivered,Sahil Khan,12,3.4,Bangalore,2024-07-08 02:54:00,4.4
customer_0005,6875,Sanya Kapoor,Domino'S,Dosa,1397,633,764,Upi,Delivered,Ravi Kumar,11,2.2,Kolkata,2024-12-18 00:52:00,4.0
customer_0005,7153,Sanya Kapoor,Burger King,Pizza,1947,4,1943,Card,Delivered,Ravi Kumar,42,2.2,Hyderabad,2024-03-05 14:00:00,2.7
customer_0005,7199,Sanya Kapoor,Pizza Hut,Chicken Wings,1799,522,1277,Upi,Delivered,Rajesh Verma,50,2.6,Pune,2024-03-15 07:23:00,1.6
customer_0005,7297,Vikas Yadav,Domino'S,Dosa,492,91,401,Upi,Delivered,Ravi Kumar,29,2.2,Mumbai,2024-06-27 08:48:00,1.9
customer_0005,7407,Priya Verma,Mcdonald'S,Dosa,1086,125,961,Cash On Delivery,Delivered,Ankit Tiwari,29,3.5,Hyderabad,2024-10-23 19:13:00,3.7
customer_0005,7484,Arjun Mehta,Pizza Hut,Dosa,1543,648,895,Card,Delivered,Deepak Singh,46,2.1,Kolkata,2024-12-03 13:11:00,1.2
customer_0005,7630,Arjun Mehta,Mcdonald'S,Pizza,613,123,490,Card,Delivered,Deepak Singh,55,1.5,Mumbai,2024-04-06 06:44:00,1.6
customer_0005,7646,Arjun Mehta,Mcdonald'S,Chicken Wings,1293,631,662,Card,Delivered,Sahil Khan,57,2.6,Kolkata,2024-10-11 03:33:00,3.4
customer_0005,7704,Priya Verma,Burger King,Sandwich,791,56,735,Upi,Delivered,Rajesh Verma,49,4.3,Kolkata,2024-06-08 20:41:00,2.6
customer_0005,7887,Priya Verma,Subway,Burger,1976,384,1592,Cash On Delivery,Delivered,Rajesh Verma,32,3.3,Hyderabad,2024-08-26 00:05:00,2.9
customer_0005,7934,Rohan Sharma,Subway,Biryani,1667,713,954,Card,Delivered,Ravi Kumar,37,2.8,Pune,2024-08-07 22:20:00,2.6
customer_0005,7983,Sanya Kapoor,Pizza Hut,Pizza,1061,43,1018,Cash On Delivery,Delivered,Ravi Kumar,19,2.3,Kolkata,2024-01-12 04:15:00,4.4
customer_0005,8137,Arjun Mehta,Pizza Hut,Chicken Wings,602,272,330,Card,Delivered,Sahil Khan,15,4.4,Chennai,2024-02-18 00:21:00,2.2
customer_0005,8175,Sanya Kapoor,Mcdonald'S,Dosa,1036,302,734,Upi,Delivered,Ravi Kumar,50,4.3,Delhi,2024-07-16 23:50:00,3.3
customer_0005,8191,Arjun Mehta,Burger King,Pasta,367,43,324,Upi,Delivered,Deepak Singh,37,3.8,Chennai,2024-04-10 16:35:00,2.2
customer_0005,8237,Vikas Yadav,Burger King,Sandwich,1719,468,1251,Card,Delivered,Ravi Kumar,49,4.9,Chennai,2024-06-14 20:59:00,2.6
customer_0005,8561,Priya Verma,Subway,Chicken Wings,1903,461,1442,Card,Delivered,Sahil Khan,41,1.8,Delhi,2024-10-27 20:15:00,4.8
customer_0005,8614,Arjun Mehta,Mcdonald'S,Burger,1403,180,1223,Cash On Delivery,Delivered,Sahil Khan,58,2.2,Delhi,2024-04-24 05:13:00,2.5
customer_0005,8663,Vikas Yadav,Pizza Hut,Chicken Wings,1053,8,1045,Upi,Delivered,Ravi Kumar,13,1.9,Mumbai,2024-06-12 04:32:00,2.9
customer_0005,8780,Rohan Sharma,Domino'S,Pasta,1590,588,1002,Upi,Delivered,Ankit Tiwari,28,4.5,Mumbai,2024-12-13 02:22:00,3.3
customer_0005,9021,Vikas Yadav,Subway,Pizza,1228,207,1021,Cash On Delivery,Delivered,Ankit Tiwari,36,4.0,Mumbai,2024-11-16 05:45:00,1.1
customer_0005,9057,Vikas Yadav,Kfc,Chicken Wings,1671,693,978,Cash On Delivery,Delivered,Deepak Singh,51,2.4,Mumbai,2024-10-08 12:38:00,4.8
customer_0005,9139,Vikas Yadav,Domino'S,Dosa,1021,397,624,Card,Delivered,Rajesh Verma,50,4.7,Hyderabad,2024-04-24 13:17:00,3.3
customer_0005,9354,Rohan Sharma,Subway,Dosa,1510,692,818,Upi,Delivered,Deepak Singh,41,4.9,Chennai,2024-05-08 04:31:00,4.7
customer_0005,9388,Rohan Sharma,Subway,Pizza,974,476,498,Upi,Delivered,Ravi Kumar,52,2.5,Kolkata,2024-03-21 17:56:00,4.9
customer_0005,9513,Vikas Yadav,Subway,Burger,668,87,581,Cash On Delivery,Delivered,Ankit Tiwari,31,4.7,Kolkata,2024-06-17 15:56:00,3.0
customer_0005,9713,Vikas Yadav,Pizza Hut,Chicken Wings,1283,76,1207,Cash On Delivery,Delivered,Sahil Khan,45,1.4,Bangalore,2024-08-03 17:16:00,2.1
customer_0005,9840,Priya Verma,Kfc,Chicken Wings,1401,451,950,Cash On Delivery,Delivered,Deepak Singh,18,4.4,Mumbai,2024-02-05 04:21:00,1.7
customer_0005,9887,Rohan Sharma,Burger King,Burger,137,36,101,Card,Delivered,Deepak Singh,10,2.3,Pune,2024-02-20 12:23:00,4.7
customer_0005,9907,Rohan Sharma,Kfc,Sandwich,113,42,71,Upi,Delivered,Ravi Kumar,38,2.1,Pune,2024-12-27 03:24:00,1.2
customer_0005,9943,Priya Verma,Kfc,Dosa,1528,485,1043,Upi,Delivered,Sahil Khan,41,1.7,Mumbai,2024-08-09 19:24:00,1.2
customer_0005,9964,Arjun Mehta,Burger King,Burger,580,35,545,Cash On Delivery,Delivered,Ankit Tiwari,50,4.5,Pune,2024-12-06 13:10:00,4.1
customer_0005,10225,Vikas Yadav,Subway,Pizza,1681,277,1404,Card,Delivered,Ravi Kumar,19,2.3,Hyderabad,2024-09-17 16:52:00,3.5
customer_0005,10285,Sanya Kapoor,Kfc,Biryani,692,175,517,Card,Delivered,Sahil Khan,42,4.5,Mumbai,2024-09-14 02:56:00,2.1
customer_0005,10310,Priya Verma,Domino'S,Pasta,1446,519,927,Card,Delivered,Rajesh Verma,22,1.4,Chennai,2024-06-08 23:39:00,2.8
customer_0006,111,Sanya Kapoor,Mcdonald'S,Sandwich,1577,174,1403,Upi,Delivered,Deepak Singh,56,1.1,Hyderabad,2024-12-22 20:29:00,2.8
customer_0006,421,Rohan Sharma,Kfc,Biryani,321,150,171,Cash On Delivery,Delivered,Sahil Khan,47,3.0,Chennai,2024-04-25 00:28:00,2.5
customer_0006,537,Arjun Mehta,Pizza Hut,Dosa,749,35,714,Card,Delivered,Rajesh Verma,54,1.5,Chennai,2024-01-02 00:02:00,3.8
customer_0006,633,Priya Verma,Pizza Hut,Chicken Wings,590,240,350,Cash On Delivery,Delivered,Rajesh Verma,40,4.5,Delhi,2024-10-07 12:21:00,3.6
customer_0006,852,Priya Verma,Pizza Hut,Pizza,124,57,67,Upi,Delivered,Rajesh Verma,30,4.9,Delhi,2024-10-05 17:43:00,1.9
customer_0006,946,Rohan Sharma,Kfc,Dosa,717,277,440,Upi,Delivered,Ravi Kumar,36,2.9,Delhi,2024-10-20 12:59:00,3.3
customer_0006,968,Arjun Mehta,Domino'S,Pizza,1351,43,1308,Card,Delivered,Deepak Singh,59,4.6,Kolkata,2024-10-08 18:18:00,2.7
customer_0006,1248,Rohan Sharma,Pizza Hut,Pizza,934,4,930,Cash On Delivery,Delivered,Sahil Khan,46,3.5,Mumbai,2024-04-16 19:53:00,2.4
customer_0006,1361,Sanya Kapoor,Kfc,Biryani,1916,574,1342,Upi,Delivered,Deepak Singh,60,1.2,Chennai,2024-05-08 18:37:00,1.8
customer_0006,1397,Arjun Mehta,Burger King,Burger,355,87,268,Card,Delivered,Deepak Singh,14,3.6,Bangalore,2024-01-19 03:05:00,4.1
customer_0006,1533,Priya Verma,Subway,Pasta,1794,649,1145,Card,Delivered,Deepak Singh,11,4.4,Bangalore,2024-01-20 12:08:00,3.9
customer_0006,1565,Vikas Yadav,Kfc,Pasta,1091,28,1063,Upi,Delivered,Rajesh Verma,28,1.2,Delhi,2024-02-07 19:07:00,2.9
customer_0006,1653,Priya Verma,Mcdonald'S,Dosa,107,45,62,Card,Delivered,Ravi Kumar,16,3.2,Kolkata,2024-11-12 10:55:00,2.3
customer_0006,1660,Sanya Kapoor,Kfc,Chicken Wings,1821,462,1359,Card,Delivered,Sahil Khan,37,1.3,Hyderabad,2024-03-07 01:11:00,2.5
customer_0006,1853,Vikas Yadav,Domino'S,Pizza,1376,303,1073,Card,Delivered,Deepak Singh,15,2.4,Chennai,2024-10-27 01:02:00,1.8
customer_0006,1884,Priya Verma,Mcdonald'S,Dosa,1832,693,1139,Card,Delivered,Rajesh Verma,24,2.6,Mumbai,2024-10-24 15:24:00,1.8
customer_0006,1989,Rohan Sharma,Kfc,Sandwich,1810,407,1403,Cash On Delivery,Delivered,Sahil Khan,23,4.5,Bangalore,2024-01-13 08:40:00,5.0
customer_0006,2076,Sanya Kapoor,Burger King,Pizza,976,170,806,Cash On Delivery,Delivered,Rajesh Verma,21,4.5,Mumbai,2024-05-07 00:34:00,1.4
customer_0006,2211,Vikas Yadav,Kfc,Pizza,907,18,889,Cash On Delivery,Delivered,Ravi Kumar,39,3.4,Chennai,2024-07-09 00:25:00,4.9
customer_0006,2305,Sanya Kapoor,Subway,Pasta,1495,711,784,Upi,Delivered,Ravi Kumar,38,3.3,Chennai,2024-10-11 08:30:00,2.4
customer_0006,2350,Rohan Sharma,Pizza Hut,Biryani,1500,116,1384,Upi,Delivered,Sahil Khan,52,2.2,Pune,2024-01-09 23:55:00,3.3
customer_0006,2401,Arjun Mehta,Kfc,Pizza,869,3,866,Upi,Delivered,Sahil Khan,49,2.7,Kolkata,2024-02-18 00:31:00,1.3
customer_0006,2436,Sanya Kapoor,Pizza Hut,Chicken Wings,920,66,854,Cash On Delivery,Delivered,Sahil Khan,43,1.0,Bangalore,2024-09-05 17:19:00,4.5
customer_0006,2484,Sanya Kapoor,Kfc,Biryani,736,103,633,Card,Delivered,Ankit Tiwari,52,4.2,Pune,2024-04-04 23:22:00,1.7
customer_0006,2841,Rohan Sharma,Mcdonald'S,Biryani,587,223,364,Cash On Delivery,Delivered,Ravi Kumar,34,2.5,Bangalore,2024-02-22 19:39:00,3.2
customer_0006,2900,Arjun Mehta,Domino'S,Burger,1623,157,1466,Upi,Delivered,Sahil Khan,43,3.5,Bangalore,2024-07-28 09:51:00,3.7
customer_0006,3084,Arjun Mehta,Burger King,Dosa,463,224,239,Card,Delivered,Ravi Kumar,42,3.5,Kolkata,2024-11-10 16:10:00,3.6
customer_0006,3179,Priya Verma,Domino'S,Chicken Wings,1470,521,949,Cash On Delivery,Delivered,Sahil Khan,43,2.3,Chennai,2024-08-28 23:43:00,4.0
customer_0006,3254,Sanya Kapoor,Subway,Dosa,637,123,514,Card,Delivered,Rajesh Verma,22,4.5,Bangalore,2024-01-12 10:06:00,2.7
customer_0006,3378,Sanya Kapoor,Kfc,Pasta,1611,692,919,Cash On Delivery,Delivered,Ankit Tiwari,16,1.4,Chennai,2024-07-28 22:04:00,1.4
customer_0006,3590,Vikas Yadav,Mcdonald'S,Chicken Wings,474,222,252,Card,Delivered,Deepak Singh,17,1.0,Pune,2024-06-28 01:10:00,2.2
customer_0006,3726,Arjun Mehta,Burger King,Sandwich,1816,673,1143,Card,Delivered,Sahil Khan,41,3.1,Mumbai,2024-07-19 17:19:00,2.7
customer_0006,3800,Sanya Kapoor,Pizza Hut,Chicken Wings,1753,93,1660,Card,Delivered,Deepak Singh,34,1.4,Mumbai,2024-03-04 05:17:00,3.0
customer_0006,3866,Priya Verma,Domino'S,Burger,1921,240,1681,Cash On Delivery,Delivered,Rajesh Verma,28,2.1,Pune,2024-02-16 08:45:00,1.8
customer_0006,3869,Sanya Kapoor,Burger King,Dosa,519,11,508,Upi,Delivered,Ankit Tiwari,30,4.5,Bangalore,2024-07-17 18:36:00,1.6
customer_0006,3952,Sanya Kapoor,Kfc,Chicken Wings,1097,370,727,Card,Delivered,Ankit Tiwari,29,2.4,Bangalore,2024-06-21 15:15:00,3.3
customer_0006,4009,Rohan Sharma,Domino'S,Pasta,1740,468,1272,Cash On Delivery,Delivered,Rajesh Verma,55,4.0,Chennai,2024-11-18 23:37:00,2.4
customer_0006,4013,Rohan Sharma,Kfc,Chicken Wings,429,141,288,Card,Delivered,Ravi Kumar,45,4.8,Hyderabad,2024-09-27 10:48:00,4.2
customer_0006,4038,Priya Verma,Kfc,Dosa,1660,436,1224,Upi,Delivered,Deepak Singh,23,4.5,Delhi,2024-05-21 20:46:00,2.9
customer_0006,4114,Arjun Mehta,Mcdonald'S,Chicken Wings,289,132,157,Card,Delivered,Ankit Tiwari,35,3.4,Bangalore,2024-08-28 13:29:00,4.7
customer_0006,4313,Sanya Kapoor,Pizza Hut,Dosa,221,81,140,Upi,Delivered,Ankit Tiwari,40,2.5,Kolkata,2024-02-15 21:46:00,2.8
customer_0006,4435,Vikas Yadav,Pizza Hut,Dosa,429,48,381,Card,Delivered,Ankit Tiwari,41,4.4,Delhi,2024-12-26 07:08:00,2.9
customer_0006,4611,Sanya Kapoor,Domino'S,Dosa,301,20,281,Card,Delivered,Rajesh Verma,24,3.1,Chennai,2024-09-05 11:17:00,2.1
customer_0006,4669,Priya Verma,Subway,Biryani,1981,637,1344,Upi,Delivered,Rajesh Verma,14,1.2,Bangalore,2024-04-20 23:46:00,4.4
customer_0006,4917,Priya Verma,Subway,Sandwich,1162,403,759,Card,Delivered,Sahil Khan,52,3.3,Pune,2024-10-24 20:32:00,1.8
customer_0006,5063,Vikas Yadav,Domino'S,Biryani,387,41,346,Card,Delivered,Sahil Khan,50,4.5,Bangalore,2024-06-25 21:47:00,1.5
customer_0006,5240,Arjun Mehta,Pizza Hut,Chicken Wings,1093,250,843,Upi,Delivered,Deepak Singh,22,1.6,Pune,2024-08-12 17:52:00,3.8
customer_0006,5343,Sanya Kapoor,Domino'S,Pasta,1013,178,835,Cash On Delivery,Delivered,Rajesh Verma,49,3.2,Delhi,2024-09-24 08:48:00,4.5
customer_0006,5386,Priya Verma,Mcdonald'S,Chicken Wings,1469,319,1150,Card,Delivered,Sahil Khan,45,2.8,Delhi,2024-03-28 12:23:00,2.0
customer_0006,5614,Rohan Sharma,Domino'S,Pasta,657,19,638,Cash On Delivery,Delivered,Sahil Khan,59,3.6,Kolkata,2024-11-05 02:43:00,3.6
customer_0006,5658,Priya Verma,Kfc,Biryani,1821,329,1492,Card,Delivered,Deepak Singh,60,3.8,Kolkata,2024-01-21 10:01:00,2.4
customer_0006,5673,Rohan Sharma,Kfc,Sandwich,815,152,663,Cash On Delivery,Delivered,Rajesh Verma,29,1.1,Mumbai,2024-03-11 01:17:00,4.0
customer_0006,5685,Priya Verma,Pizza Hut,Dosa,1326,175,1151,Card,Delivered,Ankit Tiwari,50,3.8,Chennai,2024-01-07 07:07:00,2.5
customer_0006,5888,Rohan Sharma,Kfc,Pasta,1567,104,1463,Card,Delivered,Ankit Tiwari,44,1.5,Chennai,2024-06-13 06:39:00,3.8
customer_0006,6055,Vikas Yadav,Domino'S,Pasta,1704,588,1116,Upi,Delivered,Ravi Kumar,47,1.4,Chennai,2024-03-19 09:14:00,3.5
customer_0006,6136,Rohan Sharma,Kfc,Biryani,897,50,847,Cash On Delivery,Delivered,Ravi Kumar,40,3.5,Hyderabad,2024-11-12 21:24:00,4.4
customer_0006,6576,Priya Verma,Pizza Hut,Chicken Wings,1575,191,1384,Upi,Delivered,Sahil Khan,13,3.3,Pune,2024-01-04 10:03:00,3.0
customer_0006,6682,Sanya Kapoor,Burger King,Pasta,485,179,306,Cash On Delivery,Delivered,Ravi Kumar,20,3.8,Bangalore,2024-11-09 12:35:00,2.6
customer_0006,7246,Arjun Mehta,Mcdonald'S,Biryani,1611,278,1333,Cash On Delivery,Delivered,Ankit Tiwari,30,3.4,Delhi,2024-12-08 16:04:00,1.1
customer_0006,7334,Sanya Kapoor,Mcdonald'S,Dosa,1662,139,1523,Upi,Delivered,Rajesh Verma,17,1.2,Delhi,2024-10-15 11:12:00,3.0
customer_0006,7359,Vikas Yadav,Mcdonald'S,Pasta,1170,580,590,Upi,Delivered,Sahil Khan,45,1.4,Mumbai,2024-01-24 22:54:00,3.8
customer_0006,7464,Sanya Kapoor,Pizza Hut,Sandwich,1966,234,1732,Cash On Delivery,Delivered,Ravi Kumar,52,4.5,Chennai,2024-02-17 15:26:00,2.5
customer_0006,7507,Rohan Sharma,Burger King,Dosa,1448,29,1419,Upi,Delivered,Ravi Kumar,37,4.8,Bangalore,2024-07-02 17:27:00,4.6
customer_0006,7592,Priya Verma,Domino'S,Chicken Wings,955,81,874,Card,Delivered,Deepak Singh,18,1.7,Kolkata,2024-02-19 16:26:00,2.4
customer_0006,7663,Arjun Mehta,Pizza Hut,Chicken Wings,872,342,530,Cash On Delivery,Delivered,Ravi Kumar,45,2.1,Bangalore,2024-05-28 18:11:00,4.7
customer_0006,7669,Sanya Kapoor,Pizza Hut,Chicken Wings,124,61,63,Upi,Delivered,Deepak Singh,22,2.2,Kolkata,2024-09-17 11:59:00,4.7
customer_0006,7700,Sanya Kapoor,Subway,Dosa,1965,729,1236,Cash On Delivery,Delivered,Deepak Singh,14,4.3,Mumbai,2024-05-28 01:20:00,4.7
customer_0006,7756,Rohan Sharma,Burger King,Sandwich,837,133,704,Cash On Delivery,Delivered,Sahil Khan,48,2.4,Delhi,2024-07-15 09:10:00,4.6
customer_0006,7876,Priya Verma,Burger King,Chicken Wings,1723,264,1459,Cash On Delivery,Delivered,Ravi Kumar,13,2.5,Pune,2024-04-15 05:48:00,3.7
customer_0006,8009,Sanya Kapoor,Domino'S,Pizza,1068,3,1065,Upi,Delivered,Sahil Khan,13,1.1,Delhi,2024-07-12 10:59:00,2.9
customer_0006,8112,Vikas Yadav,Burger King,Dosa,1401,670,731,Card,Delivered,Ravi Kumar,43,2.6,Mumbai,2024-08-13 01:22:00,1.5
customer_0006,8232,Priya Verma,Pizza Hut,Burger,1867,918,949,Upi,Delivered,Sahil Khan,14,2.5,Hyderabad,2024-04-17 21:00:00,5.0
customer_0006,8625,Priya Verma,Burger King,Pizza,1082,184,898,Card,Delivered,Sahil Khan,36,3.8,Kolkata,2024-07-18 09:35:00,3.5
customer_0006,8697,Arjun Mehta,Subway,Dosa,1098,88,1010,Cash On Delivery,Delivered,Ravi Kumar,50,4.1,Kolkata,2024-09-27 15:39:00,4.8
customer_0006,8740,Arjun Mehta,Mcdonald'S,Pasta,997,220,777,Upi,Delivered,Ankit Tiwari,51,3.4,Chennai,2024-08-07 23:07:00,1.3
customer_0006,8914,Priya Verma,Burger King,Dosa,1071,423,648,Upi,Delivered,Rajesh Verma,51,1.8,Chennai,2024-06-18 08:37:00,1.0
customer_0006,8928,Arjun Mehta,Burger King,Burger,1261,363,898,Card,Delivered,Sahil Khan,19,2.6,Pune,2024-06-21 15:26:00,4.2
customer_0006,9006,Priya Verma,Domino'S,Burger,1801,464,1337,Upi,Delivered,Ankit Tiwari,53,3.3,Chennai,2024-02-28 19:21:00,3.4
customer_0006,9232,Sanya Kapoor,Subway,Sandwich,862,4,858,Card,Delivered,Ankit Tiwari,56,1.8,Mumbai,2024-04-09 15:33:00,4.0
customer_0006,9281,Rohan Sharma,Burger King,Biryani,803,324,479,Card,Delivered,Ravi Kumar,12,2.8,Bangalore,2024-05-06 20:42:00,2.8
customer_0006,9883,Priya Verma,Pizza Hut,Biryani,700,115,585,Upi,Delivered,Ankit Tiwari,28,4.4,Kolkata,2024-12-27 18:11:00,2.4
customer_0006,9896,Arjun Mehta,Pizza Hut,Chicken Wings,237,32,205,Upi,Delivered,Ravi Kumar,14,4.1,Mumbai,2024-05-26 16:18:00,3.1
customer_0006,10025,Rohan Sharma,Subway,Burger,822,264,558,Upi,Delivered,Ravi Kumar,28,3.3,Kolkata,2024-11-17 15:48:00,4.3
customer_0006,10177,Arjun Mehta,Mcdonald'S,Chicken Wings,605,150,455,Upi,Delivered,Deepak Singh,50,1.8,Bangalore,2024-02-09 12:18:00,4.6
customer_0006,10241,Priya Verma,Kfc,Pasta,1487,697,790,Upi,Delivered,Deepak Singh,46,2.0,Bangalore,2024-05-28 23:28:00,4.5
customer_0007,346,Priya Verma,Kfc,Biryani,1131,524,607,Cash On Delivery,Delivered,Ravi Kumar,40,1.3,Delhi,2024-09-09 23:08:00,3.0
customer_0007,433,Rohan Sharma,Domino'S,Pasta,1937,312,1625,Upi,Delivered,Ravi Kumar,33,2.2,Delhi,2024-04-19 23:30:00,3.2
customer_0007,464,Priya Verma,Subway,Burger,1936,937,999,Cash On Delivery,Delivered,Rajesh Verma,22,2.3,Bangalore,2024-10-05 08:39:00,3.1
customer_0007,500,Priya Verma,Burger King,Dosa,1237,144,1093,Cash On Delivery,Delivered,Deepak Singh,60,1.3,Delhi,2024-06-18 08:56:00,1.3
customer_0007,521,Rohan Sharma,Burger King,Burger,818,218,600,Cash On Delivery,Delivered,Ankit Tiwari,19,2.1,Pune,2024-04-27 19:16:00,3.5
customer_0007,641,Arjun Mehta,Mcdonald'S,Dosa,452,207,245,Cash On Delivery,Delivered,Deepak Singh,26,4.8,Chennai,2024-03-11 00:49:00,3.9
customer_0007,659,Sanya Kapoor,Domino'S,Pizza,2000,350,1650,Upi,Delivered,Rajesh Verma,44,4.4,Bangalore,2024-11-05 10:56:00,2.5
customer_0007,798,Priya Verma,Domino'S,Biryani,551,151,400,Cash On Delivery,Delivered,Ravi Kumar,29,3.2,Delhi,2024-11-02 04:09:00,1.3
customer_0007,859,Rohan Sharma,Mcdonald'S,Sandwich,1845,490,1355,Card,Delivered,Deepak Singh,59,2.8,Pune,2024-07-24 21:28:00,1.8
customer_0007,860,Sanya Kapoor,Mcdonald'S,Pizza,231,24,207,Upi,Delivered,Ravi Kumar,52,4.0,Hyderabad,2024-12-19 15:28:00,3.0
customer_0007,928,Arjun Mehta,Domino'S,Pasta,2000,370,1630,Card,Delivered,Ankit Tiwari,44,1.9,Pune,2024-06-27 01:32:00,3.2
customer_0007,934,Rohan Sharma,Pizza Hut,Sandwich,453,65,388,Cash On Delivery,Delivered,Rajesh Verma,30,2.1,Hyderabad,2024-04-20 13:48:00,4.6
customer_0007,1114,Priya Verma,Domino'S,Chicken Wings,1088,139,949,Card,Delivered,Ravi Kumar,57,3.2,Chennai,2024-10-06 13:46:00,3.9
customer_0007,1169,Arjun Mehta,Mcdonald'S,Sandwich,105,6,99,Card,Delivered,Rajesh Verma,48,4.6,Hyderabad,2024-12-15 22:41:00,4.4
customer_0007,1446,Priya Verma,Pizza Hut,Sandwich,662,219,443,Upi,Delivered,Ravi Kumar,29,4.8,Delhi,2024-06-20 00:29:00,1.4
customer_0007,1489,Arjun Mehta,Domino'S,Dosa,1708,347,1361,Upi,Delivered,Ravi Kumar,53,4.2,Bangalore,2024-07-04 06:59:00,2.6
customer_0007,1604,Rohan Sharma,Mcdonald'S,Pasta,511,75,436,Upi,Delivered,Deepak Singh,51,1.8,Pune,2024-02-05 22:55:00,4.8
customer_0007,1624,Rohan Sharma,Pizza Hut,Chicken Wings,1368,58,1310,Cash On Delivery,Delivered,Ravi Kumar,52,4.1,Chennai,2024-03-19 11:41:00,1.8
customer_0007,1721,Arjun Mehta,Pizza Hut,Pasta,115,21,94,Cash On Delivery,Delivered,Sahil Khan,59,1.8,Bangalore,2024-10-10 06:19:00,2.9
customer_0007,1814,Rohan Sharma,Mcdonald'S,Pasta,285,136,149,Upi,Delivered,Ravi Kumar,28,3.2,Bangalore,2024-12-08 13:21:00,3.2
customer_0007,1920,Rohan Sharma,Domino'S,Sandwich,1883,401,1482,Cash On Delivery,Delivered,Ankit Tiwari,21,5.0,Delhi,2024-05-24 03:31:00,4.1
customer_0007,2009,Vikas Yadav,Burger King,Burger,519,201,318,Upi,Delivered,Ravi Kumar,14,1.2,Kolkata,2024-04-26 18:16:00,2.2
customer_0007,2028,Vikas Yadav,Subway,Pizza,154,23,131,Card,Delivered,Rajesh Verma,54,1.2,Mumbai,2024-03-15 18:54:00,2.7
customer_0007,2092,Rohan Sharma,Subway,Dosa,1410,289,1121,Card,Delivered,Ravi Kumar,18,2.3,Mumbai,2024-09-23 20:45:00,3.4
customer_0007,2117,Vikas Yadav,Kfc,Pizza,1116,212,904,Cash On Delivery,Delivered,Rajesh Verma,42,1.7,Hyderabad,2024-06-25 16:53:00,1.6
customer_0007,2124,Rohan Sharma,Kfc,Sandwich,1520,632,888,Card,Delivered,Sahil Khan,21,2.6,Mumbai,2024-09-24 14:17:00,2.6
customer_0007,2223,Vikas Yadav,Mcdonald'S,Pizza,1070,33,1037,Cash On Delivery,Delivered,Ravi Kumar,30,4.6,Delhi,2024-11-07 12:27:00,3.9
customer_0007,2312,Sanya Kapoor,Burger King,Dosa,128,30,98,Card,Delivered,Ravi Kumar,21,4.7,Delhi,2024-11-05 08:22:00,1.8
customer_0007,2444,Vikas Yadav,Burger King,Pizza,1114,543,571,Card,Delivered,Sahil Khan,28,1.2,Mumbai,2024-08-16 21:54:00,2.9
customer_0007,2547,Arjun Mehta,Subway,Pizza,1198,11,1187,Upi,Delivered,Sahil Khan,26,1.6,Chennai,2024-09-05 13:40:00,1.2
customer_0007,2779,Vikas Yadav,Domino'S,Pizza,1793,128,1665,Upi,Delivered,Deepak Singh,16,3.7,Kolkata,2024-10-09 07:32:00,1.8
customer_0007,2805,Vikas Yadav,Mcdonald'S,Dosa,1098,299,799,Cash On Delivery,Delivered,Rajesh Verma,45,3.1,Delhi,2024-02-16 07:30:00,4.5
customer_0007,2835,Sanya Kapoor,Domino'S,Dosa,486,68,418,Upi,Delivered,Ankit Tiwari,37,4.5,Pune,2024-05-03 22:35:00,1.5
customer_0007,2917,Vikas Yadav,Domino'S,Chicken Wings,886,147,739,Card,Delivered,Deepak Singh,37,1.3,Hyderabad,2024-02-09 18:28:00,2.9
customer_0007,2986,Arjun Mehta,Domino'S,Chicken Wings,1754,633,1121,Cash On Delivery,Delivered,Ankit Tiwari,56,2.1,Kolkata,2024-12-25 07:09:00,1.5
customer_0007,3066,Sanya Kapoor,Pizza Hut,Sandwich,1009,310,699,Upi,Delivered,Sahil Khan,44,2.3,Kolkata,2024-07-12 16:33:00,1.7
customer_0007,3331,Sanya Kapoor,Kfc,Chicken Wings,1222,239,983,Card,Delivered,Rajesh Verma,21,3.7,Pune,2024-03-17 09:23:00,2.8
customer_0007,3391,Priya Verma,Kfc,Pasta,355,160,195,Upi,Delivered,Sahil Khan,44,2.5,Bangalore,2024-04-19 04:47:00,4.6
customer_0007,3504,Priya Verma,Pizza Hut,Biryani,624,133,491,Card,Delivered,Ankit Tiwari,48,3.6,Kolkata,2024-05-22 15:16:00,2.4
customer_0007,3521,Priya Verma,Kfc,Chicken Wings,125,23,102,Card,Delivered,Ravi Kumar,41,1.6,Hyderabad,2024-11-16 08:01:00,3.6
customer_0007,3668,Priya Verma,Kfc,Pasta,728,112,616,Upi,Delivered,Deepak Singh,56,1.7,Pune,2024-05-02 20:04:00,2.3
customer_0007,3802,Vikas Yadav,Pizza Hut,Sandwich,1929,264,1665,Cash On Delivery,Delivered,Deepak Singh,47,1.3,Pune,2024-12-21 01:01:00,4.1
customer_0007,4059,Sanya Kapoor,Burger King,Burger,1972,726,1246,Cash On Delivery,Delivered,Ravi Kumar,49,3.4,Mumbai,2024-03-02 20:59:00,4.2
customer_0007,4308,Rohan Sharma,Domino'S,Chicken Wings,449,143,306,Card,Delivered,Ravi Kumar,46,3.6,Delhi,2024-09-05 18:56:00,4.5
customer_0007,4482,Rohan Sharma,Burger King,Pasta,962,183,779,Card,Delivered,Ankit Tiwari,27,2.1,Hyderabad,2024-07-27 08:36:00,3.4
customer_0007,4539,Sanya Kapoor,Subway,Pasta,317,8,309,Card,Delivered,Ravi Kumar,27,4.2,Delhi,2024-02-21 02:55:00,2.7
customer_0007,4683,Priya Verma,Burger King,Burger,531,189,342,Card,Delivered,Deepak Singh,40,1.1,Pune,2024-07-22 17:28:00,4.9
customer_0007,4753,Arjun Mehta,Subway,Chicken Wings,1749,148,1601,Cash On Delivery,Delivered,Ravi Kumar,31,2.3,Chennai,2024-11-06 23:43:00,3.6
customer_0007,4847,Arjun Mehta,Domino'S,Pasta,686,331,355,Upi,Delivered,Deepak Singh,24,2.6,Delhi,2024-03-16 18:42:00,4.0
customer_0007,4932,Arjun Mehta,Subway,Sandwich,1029,304,725,Cash On Delivery,Delivered,Sahil Khan,38,4.1,Bangalore,2024-12-04 23:06:00,2.2
customer_0007,5251,Arjun Mehta,Subway,Pasta,1929,18,1911,Cash On Delivery,Delivered,Deepak Singh,59,3.4,Kolkata,2024-08-25 06:42:00,3.7
customer_0007,5278,Sanya Kapoor,Kfc,Pizza,827,319,508,Upi,Delivered,Sahil Khan,53,3.0,Mumbai,2024-04-05 05:23:00,3.4
customer_0007,5283,Priya Verma,Mcdonald'S,Dosa,1496,735,761,Upi,Delivered,Ankit Tiwari,23,1.7,Mumbai,2024-09-09 18:50:00,2.4
customer_0007,5306,Rohan Sharma,Mcdonald'S,Chicken Wings,253,103,150,Upi,Delivered,Deepak Singh,39,3.0,Chennai,2024-10-26 17:18:00,1.5
customer_0007,6003,Arjun Mehta,Domino'S,Biryani,1492,445,1047,Cash On Delivery,Delivered,Rajesh Verma,29,4.4,Chennai,2024-10-26 09:47:00,1.3
customer_0007,6027,Vikas Yadav,Subway,Chicken Wings,139,58,81,Upi,Delivered,Sahil Khan,41,3.6,Kolkata,2024-04-16 15:58:00,1.9
customer_0007,6030,Vikas Yadav,Kfc,Pizza,1638,391,1247,Card,Delivered,Ankit Tiwari,52,2.6,Delhi,2024-05-07 17:07:00,1.7
customer_0007,6108,Vikas Yadav,Subway,Pasta,1942,433,1509,Cash On Delivery,Delivered,Rajesh Verma,31,4.7,Kolkata,2024-03-09 01:48:00,2.9
customer_0007,6255,Priya Verma,Mcdonald'S,Pizza,1231,0,1231,Card,Delivered,Rajesh Verma,31,4.6,Bangalore,2024-08-01 15:47:00,2.4
customer_0007,6380,Rohan Sharma,Kfc,Sandwich,1133,415,718,Cash On Delivery,Delivered,Deepak Singh,55,2.9,Mumbai,2024-08-20 14:30:00,2.7
customer_0007,6393,Vikas Yadav,Mcdonald'S,Pasta,1709,11,1698,Cash On Delivery,Delivered,Ankit Tiwari,30,1.3,Delhi,2024-10-26 23:21:00,1.8
customer_0007,6485,Vikas Yadav,Subway,Chicken Wings,1289,8,1281,Card,Delivered,Ankit Tiwari,28,3.0,Mumbai,2024-04-27 14:34:00,2.0
customer_0007,6503,Arjun Mehta,Mcdonald'S,Burger,623,262,361,Card,Delivered,Deepak Singh,32,2.4,Delhi,2024-08-10 14:48:00,2.7
customer_0007,6530,Sanya Kapoor,Kfc,Burger,1806,232,1574,Card,Delivered,Rajesh Verma,47,1.9,Hyderabad,2024-09-16 05:40:00,1.0
customer_0007,6566,Priya Verma,Pizza Hut,Dosa,1195,283,912,Upi,Delivered,Ankit Tiwari,37,1.6,Chennai,2024-02-14 19:39:00,1.6
customer_0007,6692,Vikas Yadav,Mcdonald'S,Dosa,1029,36,993,Card,Delivered,Ravi Kumar,44,3.6,Kolkata,2024-05-20 07:52:00,2.4
customer_0007,6714,Sanya Kapoor,Pizza Hut,Biryani,1847,463,1384,Card,Delivered,Deepak Singh,41,3.9,Delhi,2024-02-19 07:26:00,1.5
customer_0007,6933,Vikas Yadav,Burger King,Pizza,152,63,89,Cash On Delivery,Delivered,Ravi Kumar,29,3.2,Delhi,2024-11-05 14:55:00,2.4
customer_0007,7008,Sanya Kapoor,Domino'S,Pizza,1805,391,1414,Upi,Delivered,Ankit Tiwari,55,3.2,Pune,2024-04-28 23:32:00,4.5
customer_0007,7226,Sanya Kapoor,Burger King,Dosa,1477,254,1223,Cash On Delivery,Delivered,Ravi Kumar,12,4.2,Hyderabad,2024-06-04 04:27:00,2.0
customer_0007,7283,Priya Verma,Domino'S,Pizza,109,9,100,Upi,Delivered,Sahil Khan,48,3.1,Chennai,2024-09-27 16:19:00,3.8
customer_0007,7300,Sanya Kapoor,Burger King,Dosa,1369,410,959,Cash On Delivery,Delivered,Sahil Khan,48,4.0,Mumbai,2024-04-11 18:13:00,3.2
customer_0007,7538,Arjun Mehta,Kfc,Biryani,441,192,249,Card,Delivered,Ravi Kumar,59,1.2,Mumbai,2024-06-15 23:42:00,4.2
customer_0007,7557,Vikas Yadav,Kfc,Burger,152,72,80,Cash On Delivery,Delivered,Sahil Khan,44,2.2,Mumbai,2024-01-08 03:54:00,3.5
customer_0007,7604,Vikas Yadav,Kfc,Burger,427,72,355,Upi,Delivered,Rajesh Verma,17,4.7,Chennai,2024-12-07 21:19:00,2.2
customer_0007,7631,Vikas Yadav,Pizza Hut,Sandwich,344,105,239,Card,Delivered,Rajesh Verma,21,2.1,Pune,2024-06-11 21:34:00,2.1
customer_0007,7706,Vikas Yadav,Subway,Chicken Wings,308,97,211,Card,Delivered,Sahil Khan,49,4.1,Delhi,2024-06-21 18:27:00,2.6
customer_0007,7897,Sanya Kapoor,Mcdonald'S,Burger,270,32,238,Card,Delivered,Rajesh Verma,50,2.4,Hyderabad,2024-06-02 20:15:00,1.5
customer_0007,8511,Sanya Kapoor,Burger King,Burger,719,301,418,Cash On Delivery,Delivered,Rajesh Verma,53,3.5,Kolkata,2024-05-01 10:48:00,3.6
customer_0007,8607,Vikas Yadav,Domino'S,Chicken Wings,1884,565,1319,Cash On Delivery,Delivered,Sahil Khan,33,2.1,Delhi,2024-12-24 15:53:00,1.5
customer_0007,8670,Sanya Kapoor,Burger King,Chicken Wings,1193,168,1025,Card,Delivered,Ankit Tiwari,54,1.4,Mumbai,2024-07-21 03:46:00,2.2
customer_0007,9008,Rohan Sharma,Kfc,Chicken Wings,1411,256,1155,Cash On Delivery,Delivered,Sahil Khan,34,4.7,Kolkata,2024-07-05 22:49:00,2.7
customer_0007,9039,Arjun Mehta,Mcdonald'S,Pizza,257,33,224,Cash On Delivery,Delivered,Rajesh Verma,28,4.3,Bangalore,2024-03-14 00:27:00,3.2
customer_0007,9106,Priya Verma,Burger King,Sandwich,1908,438,1470,Cash On Delivery,Delivered,Ravi Kumar,41,1.1,Kolkata,2024-03-19 16:02:00,3.1
customer_0007,9201,Vikas Yadav,Subway,Burger,1978,131,1847,Card,Delivered,Ankit Tiwari,50,4.1,Pune,2024-06-08 14:57:00,2.1
customer_0007,9280,Rohan Sharma,Mcdonald'S,Pasta,1897,661,1236,Cash On Delivery,Delivered,Rajesh Verma,60,4.9,Mumbai,2024-05-28 23:25:00,3.1
customer_0007,9342,Vikas Yadav,Pizza Hut,Dosa,1571,782,789,Upi,Delivered,Deepak Singh,17,3.5,Mumbai,2024-03-20 02:59:00,5.0
customer_0007,9743,Vikas Yadav,Subway,Biryani,138,34,104,Cash On Delivery,Delivered,Ravi Kumar,31,2.7,Bangalore,2024-04-27 16:16:00,1.7
customer_0007,9889,Priya Verma,Burger King,Pasta,914,266,648,Upi,Delivered,Sahil Khan,41,2.5,Kolkata,2024-09-07 23:43:00,2.2
customer_0007,9990,Rohan Sharma,Domino'S,Dosa,592,23,569,Card,Delivered,Sahil Khan,27,1.8,Kolkata,2024-08-14 08:40:00,4.3
customer_0007,9993,Rohan Sharma,Domino'S,Chicken Wings,1088,67,1021,Card,Delivered,Ankit Tiwari,46,3.0,Hyderabad,2024-08-24 02:43:00,2.6
customer_0007,10024,Vikas Yadav,Subway,Pizza,530,156,374,Card,Delivered,Ankit Tiwari,16,1.4,Bangalore,2024-05-02 10:57:00,3.9
customer_0007,10091,Vikas Yadav,Pizza Hut,Pizza,1286,210,1076,Cash On Delivery,Delivered,Ravi Kumar,16,3.8,Pune,2024-08-05 23:42:00,2.5
customer_0007,10244,Rohan Sharma,Pizza Hut,Chicken Wings,1497,620,877,Upi,Delivered,Ankit Tiwari,17,4.1,Bangalore,2024-07-04 23:23:00,1.0
customer_0007,10306,Priya Verma,Pizza Hut,Burger,1895,706,1189,Upi,Delivered,Sahil Khan,44,3.8,Kolkata,2024-01-28 04:50:00,3.1
customer_0007,10434,Priya Verma,Burger King,Sandwich,860,123,737,Card,Delivered,Sahil Khan,46,3.8,Chennai,2024-04-21 13:43:00,3.7
customer_0008,62,Rohan Sharma,Domino'S,Chicken Wings,1770,656,1114,Cash On Delivery,Delivered,Sahil Khan,26,4.4,Mumbai,2024-02-03 08:02:00,4.2
customer_0008,156,Sanya Kapoor,Burger King,Chicken Wings,1714,486,1228,Cash On Delivery,Delivered,Deepak Singh,11,2.1,Kolkata,2024-10-27 02:46:00,4.4
customer_0008,618,Sanya Kapoor,Subway,Biryani,602,271,331,Card,Delivered,Sahil Khan,35,1.7,Delhi,2024-01-18 16:32:00,1.4
customer_0008,729,Arjun Mehta,Pizza Hut,Pizza,1052,370,682,Card,Delivered,Rajesh Verma,43,3.2,Delhi,2024-11-02 18:05:00,2.1
customer_0008,740,Priya Verma,Mcdonald'S,Dosa,1021,182,839,Cash On Delivery,Delivered,Deepak Singh,13,3.3,Hyderabad,2024-08-15 21:54:00,5.0
customer_0008,761,Sanya Kapoor,Mcdonald'S,Sandwich,1466,428,1038,Upi,Delivered,Sahil Khan,59,2.4,Hyderabad,2024-06-04 06:51:00,2.3
customer_0008,950,Rohan Sharma,Subway,Pizza,126,62,64,Cash On Delivery,Delivered,Deepak Singh,35,3.4,Hyderabad,2024-12-08 19:47:00,1.6
customer_0008,960,Priya Verma,Domino'S,Biryani,1843,797,1046,Card,Delivered,Ankit Tiwari,31,4.8,Bangalore,2024-01-14 13:04:00,3.0
customer_0008,1060,Arjun Mehta,Domino'S,Dosa,1028,372,656,Card,Delivered,Deepak Singh,13,1.1,Chennai,2024-02-06 00:48:00,3.7
customer_0008,1315,Rohan Sharma,Subway,Sandwich,1387,517,870,Upi,Delivered,Deepak Singh,15,2.7,Delhi,2024-03-22 04:05:00,2.2
customer_0008,1485,Priya Verma,Pizza Hut,Sandwich,1155,167,988,Upi,Delivered,Ravi Kumar,37,1.2,Kolkata,2024-05-22 17:11:00,4.5
customer_0008,1779,Rohan Sharma,Subway,Biryani,223,88,135,Card,Delivered,Rajesh Verma,53,4.9,Bangalore,2024-12-23 07:45:00,4.8
customer_0008,1791,Rohan Sharma,Burger King,Sandwich,1015,40,975,Upi,Delivered,Ankit Tiwari,55,3.6,Mumbai,2024-02-26 11:03:00,3.7
customer_0008,1878,Arjun Mehta,Domino'S,Pizza,1492,636,856,Card,Delivered,Rajesh Verma,52,4.0,Hyderabad,2024-02-21 20:56:00,4.0
customer_0008,1944,Vikas Yadav,Subway,Biryani,342,78,264,Cash On Delivery,Delivered,Rajesh Verma,21,3.8,Pune,2024-01-03 22:12:00,1.3
customer_0008,2102,Rohan Sharma,Kfc,Pizza,550,26,524,Upi,Delivered,Ravi Kumar,31,3.1,Kolkata,2024-10-07 20:27:00,1.9
customer_0008,2114,Priya Verma,Kfc,Pasta,1583,790,793,Card,Delivered,Deepak Singh,16,2.1,Mumbai,2024-11-28 04:36:00,2.6
customer_0008,2195,Rohan Sharma,Mcdonald'S,Sandwich,1723,24,1699,Upi,Delivered,Ankit Tiwari,11,1.2,Bangalore,2024-11-21 22:18:00,4.0
customer_0008,2266,Arjun Mehta,Burger King,Pizza,285,98,187,Cash On Delivery,Delivered,Ankit Tiwari,53,2.4,Chennai,2024-07-15 13:55:00,4.6
customer_0008,2531,Rohan Sharma,Subway,Dosa,1494,464,1030,Upi,Delivered,Ankit Tiwari,52,1.7,Delhi,2024-11-06 01:38:00,1.1
customer_0008,2571,Rohan Sharma,Mcdonald'S,Burger,1861,706,1155,Card,Delivered,Ravi Kumar,45,1.2,Mumbai,2024-12-08 02:07:00,3.3
customer_0008,2636,Vikas Yadav,Kfc,Sandwich,1544,311,1233,Upi,Delivered,Sahil Khan,51,4.9,Chennai,2024-12-11 10:47:00,3.6
customer_0008,2653,Rohan Sharma,Kfc,Pizza,1771,34,1737,Cash On Delivery,Delivered,Ravi Kumar,28,4.6,Bangalore,2024-11-05 08:45:00,4.0
customer_0008,2738,Priya Verma,Pizza Hut,Burger,1841,571,1270,Upi,Delivered,Ravi Kumar,19,3.9,Chennai,2024-05-01 14:58:00,2.5
customer_0008,2887,Arjun Mehta,Subway,Pasta,712,232,480,Cash On Delivery,Delivered,Deepak Singh,52,1.1,Chennai,2024-11-19 13:12:00,2.0
customer_0008,2918,Priya Verma,Burger King,Burger,421,200,221,Card,Delivered,Rajesh Verma,20,2.4,Pune,2024-03-10 01:03:00,3.9
customer_0008,2923,Priya Verma,Kfc,Biryani,567,43,524,Cash On Delivery,Delivered,Ravi Kumar,12,2.4,Delhi,2024-04-20 19:12:00,2.9
customer_0008,3100,Sanya Kapoor,Burger King,Pizza,2000,274,1726,Card,Delivered,Deepak Singh,43,4.0,Kolkata,2024-09-18 14:21:00,4.3
customer_0008,3149,Sanya Kapoor,Pizza Hut,Chicken Wings,514,74,440,Card,Delivered,Ravi Kumar,55,2.6,Chennai,2024-08-21 00:11:00,1.4
customer_0008,3230,Rohan Sharma,Burger King,Pasta,245,93,152,Cash On Delivery,Delivered,Deepak Singh,11,2.1,Hyderabad,2024-07-09 11:47:00,1.7
customer_0008,3492,Priya Verma,Mcdonald'S,Chicken Wings,1697,68,1629,Cash On Delivery,Delivered,Ankit Tiwari,51,3.2,Chennai,2024-09-09 09:33:00,4.1
customer_0008,3665,Arjun Mehta,Mcdonald'S,Dosa,1593,370,1223,Upi,Delivered,Rajesh Verma,44,4.0,Kolkata,2024-10-19 02:58:00,4.0
customer_0008,3703,Vikas Yadav,Pizza Hut,Dosa,1306,443,863,Cash On Delivery,Delivered,Ankit Tiwari,42,4.2,Kolkata,2024-01-03 17:22:00,2.4
customer_0008,3903,Arjun Mehta,Domino'S,Dosa,535,207,328,Upi,Delivered,Deepak Singh,46,2.1,Hyderabad,2024-10-25 15:36:00,1.5
customer_0008,4075,Rohan Sharma,Domino'S,Pizza,910,79,831,Cash On Delivery,Delivered,Ravi Kumar,30,4.7,Kolkata,2024-06-23 06:16:00,1.1
customer_0008,4299,Rohan Sharma,Kfc,Sandwich,1606,569,1037,Card,Delivered,Ravi Kumar,51,2.4,Hyderabad,2024-08-02 04:21:00,3.2
customer_0008,4361,Vikas Yadav,Pizza Hut,Sandwich,566,211,355,Cash On Delivery,Delivered,Rajesh Verma,39,3.8,Bangalore,2024-03-06 13:31:00,4.3
customer_0008,4682,Arjun Mehta,Subway,Sandwich,1355,448,907,Upi,Delivered,Ankit Tiwari,20,1.6,Pune,2024-06-15 23:43:00,4.9
customer_0008,4806,Priya Verma,Pizza Hut,Pasta,987,358,629,Upi,Delivered,Ravi Kumar,35,2.3,Bangalore,2024-02-26 07:04:00,2.8
customer_0008,4825,Arjun Mehta,Burger King,Sandwich,1917,83,1834,Cash On Delivery,Delivered,Ankit Tiwari,31,1.2,Hyderabad,2024-12-01 06:53:00,3.7
customer_0008,4920,Vikas Yadav,Subway,Burger,803,121,682,Upi,Delivered,Ravi Kumar,55,2.5,Chennai,2024-08-10 07:32:00,1.3
customer_0008,5093,Priya Verma,Subway,Pizza,838,117,721,Upi,Delivered,Ravi Kumar,52,2.2,Chennai,2024-06-06 04:33:00,4.1
customer_0008,5396,Priya Verma,Subway,Sandwich,1948,665,1283,Cash On Delivery,Delivered,Rajesh Verma,59,3.2,Delhi,2024-02-20 21:34:00,3.5
customer_0008,5651,Vikas Yadav,Subway,Pizza,1935,383,1552,Upi,Delivered,Ravi Kumar,42,3.1,Bangalore,2024-04-08 09:52:00,2.6
customer_0008,5683,Rohan Sharma,Pizza Hut,Chicken Wings,1761,568,1193,Card,Delivered,Sahil Khan,50,2.1,Hyderabad,2024-03-10 01:28:00,1.2
customer_0008,5865,Sanya Kapoor,Pizza Hut,Chicken Wings,1615,99,1516,Cash On Delivery,Delivered,Ankit Tiwari,18,4.1,Bangalore,2024-05-05 00:23:00,1.5
customer_0008,5875,Sanya Kapoor,Burger King,Chicken Wings,725,203,522,Card,Delivered,Ravi Kumar,47,2.9,Bangalore,2024-09-25 01:17:00,4.6
customer_0008,5912,Sanya Kapoor,Domino'S,Biryani,1541,664,877,Upi,Delivered,Rajesh Verma,58,1.9,Hyderabad,2024-11-03 21:33:00,4.7
customer_0008,5928,Priya Verma,Burger King,Chicken Wings,1488,211,1277,Upi,Delivered,Ankit Tiwari,54,4.9,Mumbai,2024-06-17 19:16:00,1.9
customer_0008,6122,Sanya Kapoor,Pizza Hut,Dosa,1321,285,1036,Upi,Delivered,Rajesh Verma,56,4.4,Pune,2024-10-13 02:07:00,2.0
customer_0008,6162,Vikas Yadav,Burger King,Burger,1218,332,886,Upi,Delivered,Sahil Khan,36,2.0,Chennai,2024-04-20 08:03:00,1.8
customer_0008,6222,Rohan Sharma,Pizza Hut,Dosa,587,169,418,Upi,Delivered,Deepak Singh,37,2.8,Delhi,2024-05-07 21:22:00,4.1
customer_0008,6541,Arjun Mehta,Burger King,Pasta,1897,362,1535,Card,Delivered,Deepak Singh,41,3.1,Chennai,2024-01-04 22:01:00,2.9
customer_0008,6672,Sanya Kapoor,Pizza Hut,Chicken Wings,1640,22,1618,Card,Delivered,Ankit Tiwari,44,4.5,Bangalore,2024-06-12 10:04:00,2.4
customer_0008,6689,Rohan Sharma,Pizza Hut,Biryani,995,387,608,Card,Delivered,Sahil Khan,34,3.0,Kolkata,2024-07-25 23:29:00,1.5
customer_0008,6771,Arjun Mehta,Domino'S,Chicken Wings,221,37,184,Cash On Delivery,Delivered,Deepak Singh,43,3.8,Delhi,2024-04-15 01:57:00,1.0
customer_0008,6790,Arjun Mehta,Kfc,Burger,1257,356,901,Cash On Delivery,Delivered,Ankit Tiwari,51,3.6,Hyderabad,2024-01-03 18:41:00,4.1
customer_0008,6899,Priya Verma,Domino'S,Pizza,588,280,308,Card,Delivered,Ankit Tiwari,17,4.7,Bangalore,2024-02-11 18:06:00,1.5
customer_0008,6982,Rohan Sharma,Burger King,Chicken Wings,328,132,196,Upi,Delivered,Ravi Kumar,35,3.6,Hyderabad,2024-06-04 01:28:00,2.4
customer_0008,7038,Vikas Yadav,Mcdonald'S,Pasta,1875,343,1532,Card,Delivered,Sahil Khan,39,1.1,Delhi,2024-07-13 04:44:00,2.4
customer_0008,7143,Vikas Yadav,Subway,Sandwich,1901,138,1763,Cash On Delivery,Delivered,Ravi Kumar,54,1.9,Bangalore,2024-03-28 05:45:00,1.9
customer_0008,7354,Vikas Yadav,Subway,Sandwich,604,284,320,Card,Delivered,Ankit Tiwari,31,1.8,Bangalore,2024-01-12 18:02:00,3.7
customer_0008,8019,Priya Verma,Burger King,Dosa,1487,692,795,Card,Delivered,Sahil Khan,51,2.9,Pune,2024-08-22 14:42:00,4.7
customer_0008,8258,Sanya Kapoor,Pizza Hut,Biryani,1216,315,901,Upi,Delivered,Rajesh Verma,28,3.5,Bangalore,2024-07-20 10:17:00,4.4
customer_0008,8498,Vikas Yadav,Domino'S,Dosa,311,108,203,Upi,Delivered,Ankit Tiwari,38,2.9,Delhi,2024-12-20 18:36:00,3.8
customer_0008,8580,Vikas Yadav,Kfc,Burger,1547,39,1508,Card,Delivered,Ankit Tiwari,34,1.3,Pune,2024-09-09 09:01:00,3.2
customer_0008,8649,Sanya Kapoor,Domino'S,Pasta,699,147,552,Card,Delivered,Ankit Tiwari,53,4.9,Kolkata,2024-11-24 23:07:00,1.3
customer_0008,8679,Sanya Kapoor,Burger King,Pizza,1486,86,1400,Card,Delivered,Rajesh Verma,20,1.2,Hyderabad,2024-07-08 22:32:00,2.3
customer_0008,8726,Sanya Kapoor,Subway,Burger,1007,8,999,Cash On Delivery,Delivered,Ravi Kumar,37,2.6,Bangalore,2024-03-01 06:13:00,3.7
customer_0008,8788,Vikas Yadav,Pizza Hut,Burger,1045,490,555,Upi,Delivered,Deepak Singh,28,3.4,Hyderabad,2024-03-18 13:25:00,2.9
customer_0008,8895,Vikas Yadav,Mcdonald'S,Burger,1486,361,1125,Upi,Delivered,Sahil Khan,52,2.3,Pune,2024-09-06 15:43:00,2.3
customer_0008,9092,Rohan Sharma,Burger King,Chicken Wings,997,477,520,Upi,Delivered,Ravi Kumar,17,3.9,Delhi,2024-10-22 06:58:00,4.5
customer_0008,9181,Rohan Sharma,Kfc,Sandwich,1477,321,1156,Card,Delivered,Rajesh Verma,51,3.0,Bangalore,2024-05-09 17:03:00,1.7
customer_0008,9190,Priya Verma,Kfc,Dosa,123,29,94,Upi,Delivered,Deepak Singh,44,4.1,Kolkata,2024-01-10 09:41:00,2.7
customer_0008,9579,Priya Verma,Domino'S,Chicken Wings,317,157,160,Cash On Delivery,Delivered,Ravi Kumar,44,1.3,Kolkata,2024-10-24 19:04:00,1.3
customer_0008,9596,Sanya Kapoor,Pizza Hut,Biryani,181,65,116,Cash On Delivery,Delivered,Sahil Khan,28,3.5,Chennai,2024-11-24 16:54:00,3.0
customer_0008,9675,Vikas Yadav,Mcdonald'S,Dosa,1670,511,1159,Cash On Delivery,Delivered,Rajesh Verma,47,1.7,Pune,2024-02-03 11:22:00,4.2
customer_0008,9689,Rohan Sharma,Subway,Burger,412,178,234,Card,Delivered,Deepak Singh,60,1.8,Hyderabad,2024-04-09 02:45:00,1.1
customer_0008,10021,Priya Verma,Domino'S,Biryani,1215,140,1075,Upi,Delivered,Ravi Kumar,42,4.8,Bangalore,2024-03-06 20:30:00,4.4
customer_0008,10171,Rohan Sharma,Kfc,Dosa,983,262,721,Card,Delivered,Sahil Khan,53,4.9,Delhi,2024-02-15 06:12:00,4.9
customer_0008,10388,Rohan Sharma,Domino'S,Pizza,1489,239,1250,Cash On Delivery,Delivered,Ankit Tiwari,15,4.1,Chennai,2024-06-13 01:54:00,2.2
customer_0009,99,Arjun Mehta,Mcdonald'S,Dosa,1101,530,571,Upi,Delivered,Rajesh Verma,50,3.2,Hyderabad,2024-07-04 10:10:00,4.8
customer_0009,269,Priya Verma,Pizza Hut,Pasta,613,127,486,Upi,Delivered,Rajesh Verma,28,2.7,Bangalore,2024-09-06 14:01:00,2.2
customer_0009,335,Sanya Kapoor,Burger King,Biryani,188,31,157,Card,Delivered,Sahil Khan,49,1.9,Chennai,2024-08-02 05:30:00,2.7
customer_0009,540,Priya Verma,Mcdonald'S,Dosa,535,179,356,Upi,Delivered,Sahil Khan,55,1.2,Hyderabad,2024-03-13 15:33:00,1.0
customer_0009,552,Rohan Sharma,Subway,Pizza,765,209,556,Cash On Delivery,Delivered,Rajesh Verma,50,2.6,Delhi,2024-10-10 16:09:00,2.2
customer_0009,585,Sanya Kapoor,Kfc,Chicken Wings,232,45,187,Card,Delivered,Deepak Singh,28,4.4,Bangalore,2024-05-20 08:49:00,4.0
customer_0009,775,Priya Verma,Mcdonald'S,Pasta,1211,382,829,Cash On Delivery,Delivered,Ankit Tiwari,41,2.9,Kolkata,2024-02-12 08:58:00,1.8
customer_0009,886,Priya Verma,Pizza Hut,Pizza,1806,536,1270,Card,Delivered,Sahil Khan,57,4.0,Hyderabad,2024-04-07 05:56:00,3.1
customer_0009,896,Priya Verma,Pizza Hut,Dosa,625,283,342,Card,Delivered,Rajesh Verma,20,2.0,Hyderabad,2024-08-12 17:25:00,3.1
customer_0009,966,Arjun Mehta,Kfc,Pizza,1216,507,709,Card,Delivered,Ankit Tiwari,44,3.9,Bangalore,2024-04-15 06:09:00,4.2
customer_0009,985,Vikas Yadav,Kfc,Biryani,1459,262,1197,Cash On Delivery,Delivered,Rajesh Verma,37,2.9,Bangalore,2024-05-21 02:23:00,2.2
customer_0009,994,Vikas Yadav,Pizza Hut,Chicken Wings,632,169,463,Card,Delivered,Sahil Khan,52,1.2,Kolkata,2024-11-14 19:38:00,2.7
customer_0009,1123,Arjun Mehta,Mcdonald'S,Chicken Wings,1539,453,1086,Card,Delivered,Ankit Tiwari,54,4.4,Hyderabad,2024-03-20 17:44:00,3.3
customer_0009,1709,Arjun Mehta,Burger King,Biryani,896,396,500,Cash On Delivery,Delivered,Ankit Tiwari,52,4.8,Hyderabad,2024-04-22 04:04:00,2.5
customer_0009,1788,Rohan Sharma,Kfc,Sandwich,279,33,246,Card,Delivered,Ankit Tiwari,15,1.9,Bangalore,2024-05-07 16:24:00,4.6
customer_0009,1849,Arjun Mehta,Burger King,Pasta,705,164,541,Upi,Delivered,Sahil Khan,35,4.6,Pune,2024-06-09 03:16:00,2.5
customer_0009,2135,Priya Verma,Mcdonald'S,Sandwich,379,50,329,Card,Delivered,Deepak Singh,15,1.9,Mumbai,2024-02-07 02:28:00,1.7
customer_0009,2319,Vikas Yadav,Burger King,Chicken Wings,1941,585,1356,Card,Delivered,Rajesh Verma,23,1.4,Delhi,2024-07-21 13:26:00,4.8
customer_0009,2399,Priya Verma,Burger King,Burger,1645,545,1100,Cash On Delivery,Delivered,Ankit Tiwari,39,3.5,Bangalore,2024-05-20 22:43:00,4.3
customer_0009,2559,Vikas Yadav,Domino'S,Burger,1037,352,685,Cash On Delivery,Delivered,Ankit Tiwari,60,2.9,Bangalore,2024-11-23 08:26:00,1.7
customer_0009,2643,Sanya Kapoor,Burger King,Burger,955,240,715,Card,Delivered,Rajesh Verma,22,4.5,Pune,2024-08-21 22:14:00,2.3
customer_0009,2973,Priya Verma,Burger King,Biryani,628,93,535,Card,Delivered,Sahil Khan,39,4.8,Pune,2024-10-28 06:29:00,2.2
customer_0009,2980,Sanya Kapoor,Kfc,Biryani,137,31,106,Upi,Delivered,Sahil Khan,53,2.7,Mumbai,2024-09-11 00:20:00,2.1
customer_0009,3054,Priya Verma,Subway,Chicken Wings,1868,544,1324,Upi,Delivered,Sahil Khan,33,4.9,Kolkata,2024-12-18 02:02:00,3.6
customer_0009,3153,Arjun Mehta,Kfc,Burger,696,110,586,Card,Delivered,Rajesh Verma,44,3.0,Hyderabad,2024-03-10 20:12:00,5.0
customer_0009,3163,Priya Verma,Subway,Chicken Wings,937,364,573,Upi,Delivered,Rajesh Verma,44,3.7,Mumbai,2024-08-20 03:11:00,4.3
customer_0009,3280,Rohan Sharma,Subway,Burger,1794,118,1676,Card,Delivered,Sahil Khan,40,4.1,Chennai,2024-05-03 23:52:00,2.1
customer_0009,3376,Sanya Kapoor,Kfc,Chicken Wings,387,108,279,Card,Delivered,Ravi Kumar,22,1.5,Mumbai,2024-06-18 06:43:00,1.1
customer_0009,3547,Arjun Mehta,Domino'S,Sandwich,1917,753,1164,Card,Delivered,Sahil Khan,25,4.5,Hyderabad,2024-11-23 11:55:00,3.2
customer_0009,3679,Vikas Yadav,Kfc,Sandwich,899,269,630,Cash On Delivery,Delivered,Sahil Khan,30,4.0,Mumbai,2024-03-26 17:18:00,3.9
customer_0009,3695,Vikas Yadav,Kfc,Pizza,368,107,261,Card,Delivered,Deepak Singh,19,2.2,Delhi,2024-10-10 19:15:00,3.5
customer_0009,3803,Vikas Yadav,Mcdonald'S,Burger,351,149,202,Cash On Delivery,Delivered,Deepak Singh,45,2.8,Delhi,2024-01-21 22:30:00,4.6
customer_0009,3809,Sanya Kapoor,Domino'S,Sandwich,1949,869,1080,Card,Delivered,Ravi Kumar,58,4.1,Kolkata,2024-09-25 10:24:00,2.9
customer_0009,4006,Sanya Kapoor,Kfc,Burger,1820,93,1727,Card,Delivered,Sahil Khan,36,1.6,Pune,2024-01-22 00:59:00,4.5
customer_0009,4010,Arjun Mehta,Subway,Pizza,157,62,95,Cash On Delivery,Delivered,Sahil Khan,17,2.8,Hyderabad,2024-06-02 09:53:00,4.3
customer_0009,4031,Arjun Mehta,Domino'S,Sandwich,1927,108,1819,Upi,Delivered,Sahil Khan,25,3.4,Chennai,2024-01-03 10:54:00,3.2
customer_0009,4181,Priya Verma,Burger King,Pizza,173,32,141,Card,Delivered,Ankit Tiwari,26,1.4,Mumbai,2024-08-19 07:04:00,5.0
customer_0009,4344,Priya Verma,Mcdonald'S,Pizza,1160,176,984,Card,Delivered,Sahil Khan,14,1.1,Kolkata,2024-09-23 01:42:00,4.7
customer_0009,4357,Arjun Mehta,Domino'S,Dosa,1959,18,1941,Card,Delivered,Deepak Singh,50,3.4,Chennai,2024-05-10 06:15:00,3.5
customer_0009,4581,Arjun Mehta,Mcdonald'S,Chicken Wings,1169,290,879,Card,Delivered,Sahil Khan,34,2.4,Chennai,2024-03-05 07:40:00,1.2
customer_0009,4638,Priya Verma,Mcdonald'S,Sandwich,1397,12,1385,Upi,Delivered,Sahil Khan,30,2.8,Mumbai,2024-10-25 00:17:00,4.9
customer_0009,4781,Sanya Kapoor,Subway,Burger,310,83,227,Card,Delivered,Ankit Tiwari,11,5.0,Pune,2024-04-11 01:27:00,4.2
customer_0009,4909,Rohan Sharma,Burger King,Pizza,1346,519,827,Upi,Delivered,Ravi Kumar,45,3.0,Delhi,2024-10-19 11:41:00,4.1
customer_0009,4981,Sanya Kapoor,Subway,Chicken Wings,1884,94,1790,Card,Delivered,Deepak Singh,11,2.4,Mumbai,2024-06-10 06:41:00,4.8
customer_0009,4989,Arjun Mehta,Mcdonald'S,Chicken Wings,395,116,279,Card,Delivered,Ankit Tiwari,21,3.8,Chennai,2024-09-14 08:35:00,3.7
customer_0009,5035,Arjun Mehta,Pizza Hut,Chicken Wings,485,172,313,Cash On Delivery,Delivered,Ankit Tiwari,40,2.1,Bangalore,2024-03-12 14:43:00,4.7
customer_0009,5276,Priya Verma,Burger King,Biryani,1378,467,911,Card,Delivered,Ravi Kumar,19,3.8,Delhi,2024-10-12 14:33:00,4.3
customer_0009,5341,Arjun Mehta,Mcdonald'S,Pizza,1960,564,1396,Upi,Delivered,Sahil Khan,16,4.2,Kolkata,2024-05-08 10:38:00,4.1
customer_0009,5405,Priya Verma,Subway,Dosa,1272,604,668,Upi,Delivered,Deepak Singh,54,4.5,Mumbai,2024-05-28 18:28:00,2.9
customer_0009,5550,Priya Verma,Kfc,Burger,568,140,428,Cash On Delivery,Delivered,Ankit Tiwari,16,3.7,Mumbai,2024-12-23 21:22:00,3.3
customer_0009,5694,Rohan Sharma,Subway,Dosa,1261,93,1168,Upi,Delivered,Ravi Kumar,36,4.0,Delhi,2024-10-03 14:51:00,2.7
customer_0009,5972,Rohan Sharma,Kfc,Pizza,583,64,519,Upi,Delivered,Ravi Kumar,46,1.6,Hyderabad,2024-06-22 02:08:00,3.2
customer_0009,6159,Sanya Kapoor,Pizza Hut,Dosa,1181,144,1037,Cash On Delivery,Delivered,Rajesh Verma,20,2.6,Chennai,2024-04-07 20:49:00,3.1
customer_0009,6265,Sanya Kapoor,Pizza Hut,Pizza,364,47,317,Card,Delivered,Sahil Khan,47,2.2,Chennai,2024-08-28 13:32:00,3.4
customer_0009,6399,Rohan Sharma,Subway,Burger,1745,25,1720,Card,Delivered,Deepak Singh,51,3.9,Delhi,2024-01-10 06:14:00,4.9
customer_0009,6464,Rohan Sharma,Kfc,Pizza,1325,603,722,Card,Delivered,Ankit Tiwari,15,2.1,Mumbai,2024-01-15 03:53:00,4.0
customer_0009,6488,Priya Verma,Mcdonald'S,Pizza,1166,137,1029,Upi,Delivered,Sahil Khan,51,2.6,Bangalore,2024-02-21 19:18:00,3.3
customer_0009,6613,Sanya Kapoor,Subway,Pasta,1908,690,1218,Cash On Delivery,Delivered,Deepak Singh,33,1.5,Chennai,2024-12-03 20:52:00,1.4
customer_0009,6656,Arjun Mehta,Pizza Hut,Chicken Wings,1102,116,986,Cash On Delivery,Delivered,Rajesh Verma,20,3.1,Kolkata,2024-12-21 12:08:00,1.0
customer_0009,6736,Vikas Yadav,Burger King,Pizza,1130,15,1115,Upi,Delivered,Ankit Tiwari,49,1.9,Chennai,2024-12-15 06:42:00,3.7
customer_0009,6740,Sanya Kapoor,Burger King,Dosa,157,60,97,Upi,Delivered,Rajesh Verma,57,2.1,Pune,2024-11-23 02:17:00,4.1
customer_0009,6785,Priya Verma,Subway,Biryani,751,274,477,Card,Delivered,Deepak Singh,12,3.8,Hyderabad,2024-04-09 09:38:00,2.4
customer_0009,6841,Arjun Mehta,Subway,Biryani,1074,302,772,Cash On Delivery,Delivered,Ravi Kumar,11,3.4,Chennai,2024-08-14 19:22:00,4.6
customer_0009,6925,Arjun Mehta,Pizza Hut,Pasta,834,364,470,Upi,Delivered,Ankit Tiwari,18,4.9,Mumbai,2024-04-18 21:25:00,4.0
customer_0009,6963,Vikas Yadav,Kfc,Burger,1015,54,961,Card,Delivered,Rajesh Verma,51,1.3,Delhi,2024-10-07 19:40:00,1.5
customer_0009,7013,Vikas Yadav,Subway,Dosa,1487,722,765,Cash On Delivery,Delivered,Sahil Khan,23,2.1,Chennai,2024-04-11 21:43:00,3.8
customer_0009,7358,Sanya Kapoor,Pizza Hut,Dosa,1942,673,1269,Upi,Delivered,Ravi Kumar,55,2.1,Pune,2024-10-13 11:35:00,4.9
customer_0009,7541,Priya Verma,Burger King,Sandwich,1316,311,1005,Cash On Delivery,Delivered,Deepak Singh,33,4.8,Pune,2024-03-13 18:36:00,1.1
customer_0009,7710,Rohan Sharma,Kfc,Biryani,596,270,326,Cash On Delivery,Delivered,Rajesh Verma,23,2.3,Chennai,2024-06-04 00:17:00,3.7
customer_0009,7787,Vikas Yadav,Pizza Hut,Dosa,725,18,707,Cash On Delivery,Delivered,Rajesh Verma,42,1.4,Bangalore,2024-02-19 10:38:00,2.6
customer_0009,8001,Vikas Yadav,Subway,Burger,1696,559,1137,Cash On Delivery,Delivered,Ankit Tiwari,50,2.0,Bangalore,2024-10-21 15:58:00,3.2
customer_0009,8251,Priya Verma,Mcdonald'S,Pizza,167,63,104,Cash On Delivery,Delivered,Rajesh Verma,46,2.9,Bangalore,2024-11-24 10:29:00,4.1
customer_0009,8328,Priya Verma,Pizza Hut,Biryani,419,46,373,Upi,Delivered,Deepak Singh,17,4.5,Chennai,2024-09-10 22:16:00,3.3
customer_0009,8413,Vikas Yadav,Pizza Hut,Biryani,983,88,895,Cash On Delivery,Delivered,Rajesh Verma,34,1.9,Mumbai,2024-06-21 15:47:00,3.5
customer_0009,8588,Rohan Sharma,Subway,Dosa,701,225,476,Card,Delivered,Ankit Tiwari,31,3.8,Bangalore,2024-04-01 00:01:00,3.7
customer_0009,8600,Sanya Kapoor,Subway,Chicken Wings,453,224,229,Upi,Delivered,Sahil Khan,19,2.9,Bangalore,2024-06-14 15:18:00,4.8
customer_0009,8642,Vikas Yadav,Subway,Dosa,1756,407,1349,Cash On Delivery,Delivered,Sahil Khan,46,1.0,Pune,2024-11-05 15:46:00,1.4
customer_0009,8717,Arjun Mehta,Burger King,Sandwich,1074,332,742,Card,Delivered,Sahil Khan,17,2.2,Mumbai,2024-03-21 01:45:00,4.3
customer_0009,8805,Priya Verma,Burger King,Sandwich,1480,320,1160,Cash On Delivery,Delivered,Sahil Khan,12,3.9,Kolkata,2024-09-25 23:10:00,4.2
customer_0009,8890,Rohan Sharma,Subway,Dosa,1538,319,1219,Card,Delivered,Sahil Khan,11,3.3,Mumbai,2024-09-18 10:28:00,3.2
customer_0009,9086,Arjun Mehta,Kfc,Biryani,1826,640,1186,Upi,Delivered,Deepak Singh,16,2.4,Delhi,2024-12-25 04:54:00,1.5
customer_0009,9105,Rohan Sharma,Burger King,Dosa,887,43,844,Card,Delivered,Sahil Khan,42,2.8,Kolkata,2024-05-21 03:51:00,5.0
customer_0009,9365,Sanya Kapoor,Pizza Hut,Pasta,887,13,874,Cash On Delivery,Delivered,Ravi Kumar,53,3.1,Kolkata,2024-05-23 03:23:00,5.0
customer_0009,9400,Vikas Yadav,Burger King,Pizza,1998,393,1605,Cash On Delivery,Delivered,Rajesh Verma,31,4.6,Hyderabad,2024-07-21 23:50:00,4.3
customer_0009,9826,Vikas Yadav,Burger King,Burger,1401,367,1034,Card,Delivered,Rajesh Verma,44,2.9,Chennai,2024-05-22 17:34:00,4.8
customer_0009,9908,Vikas Yadav,Mcdonald'S,Chicken Wings,525,237,288,Card,Delivered,Rajesh Verma,16,1.6,Hyderabad,2024-02-25 18:33:00,3.1
customer_0009,9922,Arjun Mehta,Mcdonald'S,Pasta,1250,8,1242,Cash On Delivery,Delivered,Ravi Kumar,44,4.4,Hyderabad,2024-04-18 22:40:00,4.3
customer_0010,117,Sanya Kapoor,Burger King,Sandwich,998,368,630,Upi,Delivered,Rajesh Verma,12,3.0,Kolkata,2024-05-09 04:57:00,4.3
customer_0010,127,Sanya Kapoor,Domino'S,Sandwich,1991,512,1479,Card,Delivered,Sahil Khan,37,3.5,Mumbai,2024-06-23 01:52:00,1.3
customer_0010,145,Priya Verma,Mcdonald'S,Dosa,369,169,200,Cash On Delivery,Delivered,Ravi Kumar,28,4.1,Kolkata,2024-11-11 00:18:00,3.7
customer_0010,246,Sanya Kapoor,Mcdonald'S,Burger,892,179,713,Card,Delivered,Sahil Khan,30,4.0,Delhi,2024-02-15 21:29:00,2.9
customer_0010,308,Sanya Kapoor,Subway,Chicken Wings,908,332,576,Upi,Delivered,Sahil Khan,38,2.1,Kolkata,2024-05-21 06:04:00,3.7
customer_0010,322,Sanya Kapoor,Mcdonald'S,Chicken Wings,930,378,552,Upi,Delivered,Rajesh Verma,57,3.4,Pune,2024-10-20 03:39:00,3.3
customer_0010,653,Vikas Yadav,Domino'S,Pizza,810,323,487,Card,Delivered,Ravi Kumar,10,4.9,Kolkata,2024-07-23 01:51:00,2.0
customer_0010,747,Vikas Yadav,Subway,Chicken Wings,1268,109,1159,Card,Delivered,Ankit Tiwari,33,4.6,Kolkata,2024-09-21 19:31:00,2.5
customer_0010,932,Arjun Mehta,Kfc,Pasta,816,10,806,Card,Delivered,Sahil Khan,42,1.1,Chennai,2024-07-25 15:33:00,4.2
customer_0010,1001,Rohan Sharma,Subway,Biryani,418,7,411,Cash On Delivery,Delivered,Rajesh Verma,23,3.3,Bangalore,2024-05-13 18:22:00,2.9
customer_0010,1057,Vikas Yadav,Kfc,Biryani,146,22,124,Upi,Delivered,Sahil Khan,33,4.5,Kolkata,2024-03-11 18:17:00,1.4
customer_0010,1079,Vikas Yadav,Burger King,Burger,750,327,423,Cash On Delivery,Delivered,Rajesh Verma,37,2.2,Bangalore,2024-09-13 17:59:00,3.3
customer_0010,1089,Priya Verma,Subway,Dosa,436,194,242,Card,Delivered,Rajesh Verma,37,4.4,Chennai,2024-10-14 07:56:00,3.4
customer_0010,1197,Vikas Yadav,Pizza Hut,Burger,1573,764,809,Upi,Delivered,Ankit Tiwari,47,1.5,Delhi,2024-09-13 02:01:00,3.9
customer_0010,1403,Priya Verma,Mcdonald'S,Biryani,310,154,156,Card,Delivered,Deepak Singh,21,3.7,Kolkata,2024-11-18 03:56:00,3.1
customer_0010,1433,Priya Verma,Domino'S,Pasta,1920,520,1400,Card,Delivered,Deepak Singh,22,3.2,Mumbai,2024-01-03 11:33:00,2.4
customer_0010,1546,Priya Verma,Kfc,Burger,1727,466,1261,Upi,Delivered,Deepak Singh,43,4.1,Chennai,2024-08-14 12:20:00,1.4
customer_0010,1679,Sanya Kapoor,Mcdonald'S,Dosa,456,105,351,Upi,Delivered,Sahil Khan,31,3.2,Hyderabad,2024-07-28 09:01:00,1.3
customer_0010,1702,Vikas Yadav,Kfc,Chicken Wings,445,185,260,Upi,Delivered,Deepak Singh,51,1.0,Pune,2024-04-24 06:46:00,2.5
customer_0010,1759,Priya Verma,Pizza Hut,Sandwich,834,52,782,Cash On Delivery,Delivered,Rajesh Verma,42,1.2,Delhi,2024-01-07 04:03:00,4.1
customer_0010,1764,Sanya Kapoor,Mcdonald'S,Sandwich,178,16,162,Card,Delivered,Sahil Khan,34,4.6,Mumbai,2024-10-28 11:27:00,1.4
customer_0010,1771,Rohan Sharma,Kfc,Biryani,911,157,754,Cash On Delivery,Delivered,Sahil Khan,17,3.5,Bangalore,2024-06-05 18:20:00,3.4
customer_0010,2070,Priya Verma,Mcdonald'S,Sandwich,1390,395,995,Upi,Delivered,Rajesh Verma,16,4.2,Pune,2024-01-26 00:11:00,2.0
customer_0010,2246,Vikas Yadav,Domino'S,Biryani,648,321,327,Card,Delivered,Deepak Singh,53,2.3,Bangalore,2024-02-21 08:49:00,1.2
customer_0010,2361,Vikas Yadav,Kfc,Burger,1356,403,953,Card,Delivered,Ravi Kumar,55,3.1,Bangalore,2024-02-08 13:59:00,3.2
customer_0010,2595,Priya Verma,Pizza Hut,Dosa,499,224,275,Cash On Delivery,Delivered,Rajesh Verma,30,1.2,Mumbai,2024-02-25 23:21:00,3.7
customer_0010,2792,Vikas Yadav,Burger King,Chicken Wings,809,273,536,Upi,Delivered,Ankit Tiwari,48,2.7,Mumbai,2024-03-08 19:47:00,4.2
customer_0010,2833,Rohan Sharma,Subway,Pizza,1379,89,1290,Card,Delivered,Ankit Tiwari,13,4.2,Delhi,2024-11-03 18:40:00,2.7
customer_0010,3393,Vikas Yadav,Burger King,Pasta,770,184,586,Cash On Delivery,Delivered,Rajesh Verma,37,4.0,Hyderabad,2024-03-28 21:20:00,4.9
customer_0010,3450,Priya Verma,Kfc,Biryani,600,81,519,Cash On Delivery,Delivered,Ankit Tiwari,13,2.6,Bangalore,2024-05-08 00:57:00,1.0
customer_0010,3503,Priya Verma,Domino'S,Pasta,383,10,373,Cash On Delivery,Delivered,Sahil Khan,52,2.7,Chennai,2024-04-22 12:49:00,1.4
customer_0010,3571,Vikas Yadav,Subway,Burger,349,95,254,Card,Delivered,Deepak Singh,57,4.3,Pune,2024-05-16 02:19:00,4.3
customer_0010,3584,Priya Verma,Domino'S,Biryani,1208,203,1005,Cash On Delivery,Delivered,Ravi Kumar,18,1.6,Bangalore,2024-08-20 06:45:00,4.4
customer_0010,3685,Vikas Yadav,Subway,Sandwich,1065,210,855,Upi,Delivered,Ankit Tiwari,17,2.1,Kolkata,2024-02-26 06:44:00,5.0
customer_0010,3805,Priya Verma,Pizza Hut,Burger,1431,40,1391,Upi,Delivered,Ravi Kumar,51,4.9,Mumbai,2024-01-28 01:16:00,4.1
customer_0010,3984,Priya Verma,Burger King,Burger,777,329,448,Card,Delivered,Sahil Khan,29,3.1,Kolkata,2024-09-14 05:58:00,4.2
customer_0010,4026,Rohan Sharma,Subway,Chicken Wings,1133,69,1064,Cash On Delivery,Delivered,Rajesh Verma,10,2.2,Pune,2024-08-10 21:35:00,2.5
customer_0010,4072,Rohan Sharma,Kfc,Pasta,1073,169,904,Upi,Delivered,Deepak Singh,21,1.7,Bangalore,2024-04-26 22:29:00,3.5
customer_0010,4527,Sanya Kapoor,Pizza Hut,Sandwich,1774,339,1435,Upi,Delivered,Rajesh Verma,39,1.1,Chennai,2024-11-11 14:39:00,4.9
customer_0010,4553,Arjun Mehta,Mcdonald'S,Sandwich,244,87,157,Upi,Delivered,Ravi Kumar,21,4.8,Delhi,2024-10-10 04:23:00,3.8
customer_0010,4688,Vikas Yadav,Subway,Chicken Wings,1415,686,729,Cash On Delivery,Delivered,Sahil Khan,26,2.6,Delhi,2024-02-17 06:01:00,3.7
customer_0010,4730,Sanya Kapoor,Pizza Hut,Pizza,583,119,464,Cash On Delivery,Delivered,Deepak Singh,17,2.8,Mumbai,2024-09-05 08:45:00,2.1
customer_0010,4734,Vikas Yadav,Mcdonald'S,Dosa,217,45,172,Cash On Delivery,Delivered,Deepak Singh,54,3.7,Delhi,2024-10-04 08:16:00,3.4
customer_0010,4793,Sanya Kapoor,Kfc,Pizza,230,44,186,Card,Delivered,Ravi Kumar,58,3.9,Bangalore,2024-12-09 11:04:00,3.6
customer_0010,4942,Priya Verma,Burger King,Pasta,467,176,291,Upi,Delivered,Ankit Tiwari,46,4.5,Pune,2024-04-11 05:10:00,4.1
customer_0010,5612,Priya Verma,Kfc,Burger,740,369,371,Card,Delivered,Sahil Khan,43,2.9,Hyderabad,2024-07-22 10:03:00,4.2
customer_0010,5790,Rohan Sharma,Pizza Hut,Pizza,1072,159,913,Upi,Delivered,Rajesh Verma,33,2.1,Delhi,2024-10-13 11:12:00,3.5
customer_0010,5881,Arjun Mehta,Pizza Hut,Chicken Wings,354,84,270,Upi,Delivered,Rajesh Verma,34,4.9,Pune,2024-10-16 17:46:00,3.2
customer_0010,6009,Priya Verma,Subway,Dosa,733,176,557,Cash On Delivery,Delivered,Deepak Singh,23,1.5,Bangalore,2024-09-08 17:55:00,4.7
customer_0010,6107,Priya Verma,Burger King,Pizza,1175,461,714,Cash On Delivery,Delivered,Ankit Tiwari,51,3.4,Bangalore,2024-02-15 09:53:00,2.5
customer_0010,6174,Rohan Sharma,Subway,Burger,220,75,145,Upi,Delivered,Ankit Tiwari,46,4.4,Delhi,2024-04-28 01:09:00,4.0
customer_0010,6283,Arjun Mehta,Subway,Biryani,460,18,442,Upi,Delivered,Ravi Kumar,36,4.4,Pune,2024-06-24 14:34:00,4.1
customer_0010,6326,Priya Verma,Subway,Chicken Wings,1002,128,874,Upi,Delivered,Ankit Tiwari,43,2.1,Mumbai,2024-08-24 06:23:00,1.5
customer_0010,6460,Vikas Yadav,Burger King,Pizza,847,141,706,Cash On Delivery,Delivered,Ankit Tiwari,21,1.8,Pune,2024-06-26 13:47:00,3.6
customer_0010,6465,Sanya Kapoor,Mcdonald'S,Biryani,1699,774,925,Card,Delivered,Ravi Kumar,16,4.0,Bangalore,2024-05-19 02:27:00,4.7
customer_0010,6495,Arjun Mehta,Subway,Pasta,1199,199,1000,Upi,Delivered,Ravi Kumar,50,3.3,Hyderabad,2024-05-08 04:44:00,2.4
customer_0010,6500,Vikas Yadav,Burger King,Biryani,1487,242,1245,Card,Delivered,Ankit Tiwari,11,2.9,Mumbai,2024-05-10 17:38:00,4.6
customer_0010,6635,Arjun Mehta,Subway,Burger,369,184,185,Cash On Delivery,Delivered,Sahil Khan,29,3.3,Kolkata,2024-10-06 04:59:00,1.2
customer_0010,7084,Vikas Yadav,Pizza Hut,Sandwich,498,120,378,Upi,Delivered,Ravi Kumar,43,3.1,Hyderabad,2024-07-11 13:32:00,4.7
customer_0010,7263,Vikas Yadav,Mcdonald'S,Pizza,1928,851,1077,Upi,Delivered,Deepak Singh,40,4.8,Pune,2024-09-10 09:42:00,1.1
customer_0010,7459,Sanya Kapoor,Mcdonald'S,Pasta,1729,388,1341,Upi,Delivered,Ravi Kumar,16,1.1,Mumbai,2024-08-16 10:57:00,3.7
customer_0010,7589,Priya Verma,Burger King,Burger,1737,715,1022,Card,Delivered,Ankit Tiwari,42,4.9,Mumbai,2024-04-21 20:02:00,3.6
customer_0010,7890,Rohan Sharma,Mcdonald'S,Pasta,1916,744,1172,Cash On Delivery,Delivered,Deepak Singh,48,1.1,Mumbai,2024-02-27 21:09:00,2.6
customer_0010,7906,Vikas Yadav,Burger King,Biryani,993,373,620,Cash On Delivery,Delivered,Deepak Singh,49,2.5,Chennai,2024-06-03 01:17:00,3.8
customer_0010,8250,Priya Verma,Burger King,Pasta,1135,243,892,Cash On Delivery,Delivered,Rajesh Verma,60,4.1,Chennai,2024-01-10 02:37:00,4.8
customer_0010,8299,Priya Verma,Mcdonald'S,Pasta,1472,469,1003,Cash On Delivery,Delivered,Rajesh Verma,13,2.3,Mumbai,2024-07-13 22:22:00,1.6
customer_0010,8321,Rohan Sharma,Subway,Burger,1089,527,562,Upi,Delivered,Rajesh Verma,30,2.4,Pune,2024-03-14 15:15:00,2.4
customer_0010,8626,Arjun Mehta,Pizza Hut,Burger,545,135,410,Card,Delivered,Ankit Tiwari,21,3.9,Delhi,2024-02-04 03:23:00,2.1
customer_0010,8653,Vikas Yadav,Domino'S,Dosa,1162,154,1008,Cash On Delivery,Delivered,Deepak Singh,45,4.0,Pune,2024-04-05 13:47:00,5.0
customer_0010,8875,Sanya Kapoor,Subway,Pizza,1273,423,850,Card,Delivered,Rajesh Verma,19,4.0,Chennai,2024-10-03 10:17:00,3.1
customer_0010,8959,Rohan Sharma,Pizza Hut,Biryani,1410,144,1266,Card,Delivered,Ankit Tiwari,56,3.3,Chennai,2024-08-01 21:47:00,1.0
customer_0010,9251,Priya Verma,Subway,Pasta,1218,74,1144,Card,Delivered,Ankit Tiwari,28,1.3,Hyderabad,2024-02-05 04:02:00,1.7
customer_0010,9363,Arjun Mehta,Burger King,Pasta,1085,297,788,Upi,Delivered,Ravi Kumar,18,2.5,Delhi,2024-02-17 08:00:00,4.0
customer_0010,9389,Arjun Mehta,Mcdonald'S,Sandwich,191,48,143,Cash On Delivery,Delivered,Rajesh Verma,55,3.5,Chennai,2024-04-13 09:26:00,3.6
customer_0010,9546,Sanya Kapoor,Pizza Hut,Sandwich,1964,203,1761,Cash On Delivery,Delivered,Deepak Singh,52,3.5,Mumbai,2024-08-13 17:53:00,1.2
customer_0010,9616,Priya Verma,Pizza Hut,Pizza,253,26,227,Upi,Delivered,Ravi Kumar,35,4.5,Pune,2024-06-05 23:18:00,5.0
customer_0010,9617,Priya Verma,Kfc,Pasta,545,27,518,Upi,Delivered,Deepak Singh,58,1.7,Hyderabad,2024-05-07 21:08:00,2.2
customer_0010,9742,Rohan Sharma,Subway,Pasta,1687,159,1528,Cash On Delivery,Delivered,Rajesh Verma,18,3.7,Hyderabad,2024-10-07 12:26:00,3.5
customer_0010,9899,Arjun Mehta,Kfc,Sandwich,120,32,88,Cash On Delivery,Delivered,Rajesh Verma,54,2.0,Kolkata,2024-06-21 08:55:00,1.5
customer_0010,10097,Arjun Mehta,Mcdonald'S,Dosa,1077,277,800,Card,Delivered,Ravi Kumar,34,2.1,Pune,2024-09-27 11:30:00,1.4
customer_0010,10125,Rohan Sharma,Kfc,Biryani,712,301,411,Cash On Delivery,Delivered,Rajesh Verma,27,1.5,Bangalore,2024-06-23 18:40:00,2.7
customer_0010,10139,Vikas Yadav,Domino'S,Sandwich,1465,155,1310,Upi,Delivered,Ankit Tiwari,29,1.7,Bangalore,2024-01-09 12:48:00,2.5
customer_0010,10240,Sanya Kapoor,Kfc,Chicken Wings,1474,63,1411,Card,Delivered,Ankit Tiwari,35,3.4,Mumbai,2024-05-11 09:29:00,2.4
customer_0010,10367,Arjun Mehta,Domino'S,Pasta,464,1,463,Upi,Delivered,Ankit Tiwari,48,2.0,Delhi,2024-06-03 07:28:00,4.5
customer_0010,10409,Rohan Sharma,Burger King,Burger,389,41,348,Upi,Delivered,Rajesh Verma,10,3.4,Bangalore,2024-03-07 17:53:00,2.0
customer_0010,10417,Arjun Mehta,Burger King,Chicken Wings,1915,517,1398,Card,Delivered,Ankit Tiwari,56,2.2,Kolkata,2024-10-24 10:03:00,3.4
customer_0011,46,Arjun Mehta,Kfc,Pasta,1479,272,1207,Card,Delivered,Sahil Khan,39,3.7,Bangalore,2024-02-09 11:14:00,3.7
customer_0011,102,Sanya Kapoor,Pizza Hut,Dosa,260,62,198,Upi,Delivered,Ankit Tiwari,51,4.7,Chennai,2024-02-05 19:08:00,4.7
customer_0011,430,Vikas Yadav,Burger King,Pizza,645,4,641,Upi,Delivered,Rajesh Verma,13,3.2,Bangalore,2024-08-15 22:56:00,2.7
customer_0011,1521,Sanya Kapoor,Pizza Hut,Pizza,1966,610,1356,Cash On Delivery,Delivered,Ravi Kumar,12,4.4,Bangalore,2024-09-08 17:43:00,1.3
customer_0011,2208,Priya Verma,Mcdonald'S,Chicken Wings,1686,609,1077,Upi,Delivered,Deepak Singh,32,4.2,Pune,2024-10-22 00:31:00,1.5
customer_0011,2268,Arjun Mehta,Pizza Hut,Burger,1224,10,1214,Card,Delivered,Ravi Kumar,54,4.1,Hyderabad,2024-03-17 11:20:00,4.1
customer_0011,2525,Priya Verma,Burger King,Dosa,1285,240,1045,Upi,Delivered,Sahil Khan,56,4.1,Mumbai,2024-10-28 00:57:00,1.7
customer_0011,2932,Priya Verma,Kfc,Chicken Wings,1180,357,823,Cash On Delivery,Delivered,Sahil Khan,58,2.8,Bangalore,2024-07-17 02:41:00,2.7
customer_0011,3007,Priya Verma,Pizza Hut,Burger,1475,298,1177,Card,Delivered,Deepak Singh,13,4.3,Delhi,2024-08-06 07:23:00,4.9
customer_0011,3111,Vikas Yadav,Mcdonald'S,Burger,318,8,310,Cash On Delivery,Delivered,Sahil Khan,11,1.6,Hyderabad,2024-06-15 13:16:00,2.3
customer_0011,3148,Arjun Mehta,Subway,Sandwich,313,40,273,Card,Delivered,Ravi Kumar,36,3.8,Chennai,2024-08-04 08:55:00,4.9
customer_0011,3162,Priya Verma,Kfc,Burger,1401,172,1229,Cash On Delivery,Delivered,Sahil Khan,22,1.8,Kolkata,2024-12-16 05:07:00,4.9
customer_0011,3347,Sanya Kapoor,Kfc,Chicken Wings,415,58,357,Card,Delivered,Deepak Singh,55,4.3,Delhi,2024-09-14 21:00:00,2.7
customer_0011,3364,Priya Verma,Pizza Hut,Chicken Wings,1911,846,1065,Upi,Delivered,Rajesh Verma,28,1.0,Kolkata,2024-11-26 03:33:00,1.5
customer_0011,3368,Priya Verma,Domino'S,Pasta,1981,719,1262,Cash On Delivery,Delivered,Deepak Singh,37,1.9,Kolkata,2024-12-17 06:19:00,2.0
customer_0011,3610,Rohan Sharma,Burger King,Burger,1354,276,1078,Upi,Delivered,Ravi Kumar,31,4.0,Pune,2024-06-26 20:55:00,4.5
customer_0011,3612,Sanya Kapoor,Domino'S,Chicken Wings,147,31,116,Card,Delivered,Ravi Kumar,48,3.8,Bangalore,2024-05-13 09:12:00,2.6
customer_0011,3676,Arjun Mehta,Kfc,Chicken Wings,891,248,643,Card,Delivered,Deepak Singh,43,1.4,Hyderabad,2024-10-10 13:22:00,1.8
customer_0011,3713,Priya Verma,Mcdonald'S,Sandwich,290,73,217,Cash On Delivery,Delivered,Rajesh Verma,17,2.2,Mumbai,2024-10-05 06:25:00,1.2
customer_0011,3847,Priya Verma,Mcdonald'S,Sandwich,1913,286,1627,Card,Delivered,Sahil Khan,26,4.3,Hyderabad,2024-02-04 09:17:00,1.7
customer_0011,3907,Sanya Kapoor,Burger King,Pasta,686,42,644,Cash On Delivery,Delivered,Deepak Singh,53,1.0,Mumbai,2024-01-09 10:52:00,1.3
customer_0011,3974,Rohan Sharma,Pizza Hut,Pizza,371,179,192,Cash On Delivery,Delivered,Deepak Singh,36,4.7,Mumbai,2024-02-01 21:29:00,4.6
customer_0011,4343,Priya Verma,Domino'S,Chicken Wings,1726,105,1621,Card,Delivered,Ravi Kumar,32,4.3,Delhi,2024-01-28 07:14:00,1.0
customer_0011,4552,Sanya Kapoor,Kfc,Pasta,1048,480,568,Card,Delivered,Ravi Kumar,17,4.8,Bangalore,2024-08-06 13:46:00,4.9
customer_0011,4646,Sanya Kapoor,Pizza Hut,Biryani,143,0,143,Card,Delivered,Rajesh Verma,41,3.4,Delhi,2024-02-04 04:03:00,2.8
customer_0011,4653,Priya Verma,Burger King,Biryani,335,84,251,Cash On Delivery,Delivered,Ankit Tiwari,48,2.9,Bangalore,2024-07-09 18:01:00,1.6
customer_0011,4672,Priya Verma,Domino'S,Sandwich,207,15,192,Upi,Delivered,Ravi Kumar,30,3.1,Chennai,2024-12-09 00:46:00,4.7
customer_0011,4856,Priya Verma,Domino'S,Pasta,832,229,603,Cash On Delivery,Delivered,Deepak Singh,54,3.1,Kolkata,2024-05-17 01:28:00,4.6
customer_0011,5088,Vikas Yadav,Subway,Chicken Wings,560,263,297,Cash On Delivery,Delivered,Ankit Tiwari,36,4.3,Delhi,2024-05-19 03:47:00,2.9
customer_0011,5301,Vikas Yadav,Mcdonald'S,Burger,1633,556,1077,Upi,Delivered,Sahil Khan,44,3.3,Delhi,2024-04-10 13:14:00,4.4
customer_0011,5456,Arjun Mehta,Subway,Sandwich,707,269,438,Card,Delivered,Deepak Singh,52,3.0,Bangalore,2024-02-06 16:30:00,4.9
customer_0011,5563,Priya Verma,Domino'S,Biryani,522,171,351,Upi,Delivered,Sahil Khan,39,1.6,Pune,2024-12-25 12:02:00,3.8
customer_0011,5565,Priya Verma,Burger King,Dosa,995,309,686,Card,Delivered,Deepak Singh,27,1.0,Pune,2024-12-03 07:34:00,5.0
customer_0011,5706,Vikas Yadav,Burger King,Chicken Wings,821,27,794,Card,Delivered,Ankit Tiwari,59,3.0,Hyderabad,2024-06-13 09:02:00,1.4
customer_0011,5711,Sanya Kapoor,Mcdonald'S,Chicken Wings,929,309,620,Card,Delivered,Rajesh Verma,15,4.8,Mumbai,2024-07-11 07:07:00,3.5
customer_0011,5808,Sanya Kapoor,Pizza Hut,Sandwich,1180,193,987,Upi,Delivered,Rajesh Verma,13,4.3,Mumbai,2024-09-17 00:42:00,3.4
customer_0011,5934,Vikas Yadav,Kfc,Sandwich,235,100,135,Cash On Delivery,Delivered,Rajesh Verma,11,3.5,Delhi,2024-05-27 20:55:00,3.3
customer_0011,6251,Sanya Kapoor,Subway,Burger,1319,126,1193,Cash On Delivery,Delivered,Rajesh Verma,19,3.3,Pune,2024-12-23 06:08:00,1.1
customer_0011,6453,Priya Verma,Subway,Dosa,1810,829,981,Card,Delivered,Ravi Kumar,29,1.8,Hyderabad,2024-01-13 23:32:00,1.2
customer_0011,6777,Sanya Kapoor,Kfc,Sandwich,1849,328,1521,Upi,Delivered,Ravi Kumar,10,2.6,Delhi,2024-11-19 09:22:00,3.8
customer_0011,7115,Vikas Yadav,Kfc,Pasta,1867,527,1340,Cash On Delivery,Delivered,Sahil Khan,44,1.2,Chennai,2024-04-24 09:30:00,1.9
customer_0011,7165,Priya Verma,Burger King,Burger,1102,67,1035,Upi,Delivered,Rajesh Verma,32,1.5,Bangalore,2024-10-19 13:19:00,3.3
customer_0011,7788,Arjun Mehta,Subway,Sandwich,386,12,374,Cash On Delivery,Delivered,Ankit Tiwari,51,2.1,Delhi,2024-01-16 20:43:00,3.0
customer_0011,7820,Sanya Kapoor,Kfc,Pasta,1986,386,1600,Card,Delivered,Ankit Tiwari,28,1.6,Bangalore,2024-04-05 18:43:00,1.3
customer_0011,7830,Vikas Yadav,Pizza Hut,Biryani,1682,470,1212,Card,Delivered,Rajesh Verma,28,2.4,Pune,2024-05-01 05:02:00,3.0
customer_0011,7929,Arjun Mehta,Subway,Pasta,1003,281,722,Cash On Delivery,Delivered,Sahil Khan,24,2.3,Hyderabad,2024-08-21 08:44:00,2.9
customer_0011,8007,Vikas Yadav,Domino'S,Pizza,1604,241,1363,Upi,Delivered,Ravi Kumar,35,2.1,Chennai,2024-07-11 09:26:00,2.1
customer_0011,8018,Arjun Mehta,Burger King,Biryani,1900,488,1412,Card,Delivered,Deepak Singh,35,3.7,Kolkata,2024-04-15 11:55:00,3.6
customer_0011,8311,Sanya Kapoor,Domino'S,Dosa,1800,810,990,Card,Delivered,Ankit Tiwari,22,4.7,Delhi,2024-09-16 17:58:00,3.8
customer_0011,8362,Vikas Yadav,Domino'S,Chicken Wings,1937,2,1935,Card,Delivered,Rajesh Verma,50,3.2,Hyderabad,2024-09-21 05:30:00,2.4
customer_0011,8593,Arjun Mehta,Domino'S,Pizza,1273,170,1103,Upi,Delivered,Ankit Tiwari,49,4.2,Pune,2024-06-20 15:08:00,3.4
customer_0011,8918,Arjun Mehta,Subway,Burger,1500,21,1479,Cash On Delivery,Delivered,Ankit Tiwari,12,1.4,Pune,2024-05-10 22:04:00,4.6
customer_0011,8933,Vikas Yadav,Burger King,Burger,727,256,471,Upi,Delivered,Sahil Khan,58,4.9,Bangalore,2024-08-19 22:33:00,2.5
customer_0011,9208,Priya Verma,Pizza Hut,Biryani,258,107,151,Upi,Delivered,Ankit Tiwari,47,3.2,Chennai,2024-05-25 20:35:00,3.0
customer_0011,9462,Priya Verma,Mcdonald'S,Sandwich,880,391,489,Upi,Delivered,Ravi Kumar,52,3.1,Mumbai,2024-10-26 16:05:00,4.2
customer_0011,9678,Vikas Yadav,Domino'S,Pasta,942,163,779,Card,Delivered,Ankit Tiwari,12,4.7,Kolkata,2024-06-06 02:20:00,4.4
customer_0011,9788,Vikas Yadav,Subway,Pasta,1346,502,844,Cash On Delivery,Delivered,Ankit Tiwari,35,3.8,Delhi,2024-04-20 20:11:00,2.0
customer_0011,9857,Sanya Kapoor,Subway,Dosa,1657,404,1253,Card,Delivered,Sahil Khan,41,4.2,Pune,2024-01-11 22:22:00,4.7
customer_0011,10307,Arjun Mehta,Kfc,Biryani,1757,850,907,Cash On Delivery,Delivered,Sahil Khan,14,2.6,Mumbai,2024-02-05 03:39:00,4.6
customer_0011,10422,Sanya Kapoor,Subway,Sandwich,1274,189,1085,Cash On Delivery,Delivered,Rajesh Verma,50,2.8,Pune,2024-06-01 01:37:00,2.8
customer_0012,80,Rohan Sharma,Domino'S,Chicken Wings,1249,521,728,Card,Delivered,Deepak Singh,51,4.7,Kolkata,2024-08-22 13:45:00,4.0
customer_0012,739,Arjun Mehta,Burger King,Burger,131,27,104,Cash On Delivery,Delivered,Deepak Singh,16,4.0,Bangalore,2024-01-27 20:55:00,1.4
customer_0012,794,Arjun Mehta,Kfc,Sandwich,132,62,70,Cash On Delivery,Delivered,Deepak Singh,13,4.3,Bangalore,2024-08-05 00:33:00,1.7
customer_0012,875,Sanya Kapoor,Burger King,Biryani,832,154,678,Upi,Delivered,Sahil Khan,47,3.8,Hyderabad,2024-11-03 22:43:00,2.5
customer_0012,1127,Rohan Sharma,Burger King,Sandwich,562,20,542,Cash On Delivery,Delivered,Sahil Khan,31,3.1,Pune,2024-12-21 21:23:00,1.9
customer_0012,1192,Rohan Sharma,Kfc,Pizza,1688,655,1033,Cash On Delivery,Delivered,Ravi Kumar,24,2.1,Bangalore,2024-04-15 05:33:00,4.5
customer_0012,1388,Rohan Sharma,Mcdonald'S,Chicken Wings,464,56,408,Cash On Delivery,Delivered,Ravi Kumar,55,4.4,Pune,2024-05-03 12:53:00,4.2
customer_0012,1719,Arjun Mehta,Mcdonald'S,Chicken Wings,776,312,464,Upi,Delivered,Sahil Khan,35,4.7,Delhi,2024-11-26 09:49:00,1.5
customer_0012,1808,Priya Verma,Kfc,Chicken Wings,734,180,554,Card,Delivered,Ankit Tiwari,16,4.5,Hyderabad,2024-03-25 21:27:00,4.3
customer_0012,1919,Sanya Kapoor,Subway,Sandwich,228,34,194,Cash On Delivery,Delivered,Rajesh Verma,40,2.7,Chennai,2024-08-04 01:22:00,2.9
customer_0012,2098,Sanya Kapoor,Domino'S,Chicken Wings,1575,359,1216,Card,Delivered,Rajesh Verma,33,4.5,Bangalore,2024-01-12 06:47:00,3.5
customer_0012,2434,Priya Verma,Mcdonald'S,Pizza,1585,689,896,Card,Delivered,Rajesh Verma,58,3.3,Kolkata,2024-05-19 13:26:00,3.8
customer_0012,2467,Sanya Kapoor,Domino'S,Pizza,1746,207,1539,Card,Delivered,Ravi Kumar,26,3.3,Pune,2024-11-16 10:38:00,2.4
customer_0012,2505,Rohan Sharma,Domino'S,Chicken Wings,468,114,354,Upi,Delivered,Ankit Tiwari,29,2.1,Mumbai,2024-05-12 05:07:00,4.2
customer_0012,2619,Vikas Yadav,Domino'S,Sandwich,1183,359,824,Cash On Delivery,Delivered,Ravi Kumar,56,3.3,Bangalore,2024-02-15 08:30:00,4.1
customer_0012,2684,Sanya Kapoor,Mcdonald'S,Biryani,1309,448,861,Card,Delivered,Sahil Khan,21,4.6,Kolkata,2024-10-10 13:41:00,1.0
customer_0012,2780,Priya Verma,Domino'S,Pizza,1894,551,1343,Cash On Delivery,Delivered,Ankit Tiwari,56,2.8,Mumbai,2024-04-13 08:31:00,4.7
customer_0012,2786,Sanya Kapoor,Domino'S,Burger,1096,456,640,Upi,Delivered,Ankit Tiwari,11,4.4,Mumbai,2024-06-19 21:14:00,3.9
customer_0012,3207,Vikas Yadav,Kfc,Pasta,1966,208,1758,Upi,Delivered,Ravi Kumar,17,4.2,Mumbai,2024-05-24 16:30:00,2.3
customer_0012,3213,Arjun Mehta,Pizza Hut,Sandwich,1231,197,1034,Card,Delivered,Deepak Singh,48,2.9,Hyderabad,2024-12-06 05:23:00,2.5
customer_0012,3466,Sanya Kapoor,Burger King,Pasta,558,168,390,Upi,Delivered,Ankit Tiwari,32,3.8,Kolkata,2024-02-24 22:08:00,2.8
customer_0012,3592,Rohan Sharma,Burger King,Sandwich,1448,601,847,Upi,Delivered,Ankit Tiwari,44,4.0,Bangalore,2024-11-24 22:43:00,3.0
customer_0012,3839,Rohan Sharma,Mcdonald'S,Chicken Wings,1482,524,958,Card,Delivered,Rajesh Verma,40,4.9,Chennai,2024-05-14 17:14:00,1.4
customer_0012,4071,Priya Verma,Burger King,Pizza,1485,413,1072,Cash On Delivery,Delivered,Ankit Tiwari,56,1.4,Mumbai,2024-09-04 23:25:00,1.1
customer_0012,4263,Sanya Kapoor,Pizza Hut,Biryani,1906,68,1838,Upi,Delivered,Rajesh Verma,39,1.8,Chennai,2024-07-16 22:44:00,4.7
customer_0012,4515,Rohan Sharma,Subway,Burger,944,331,613,Cash On Delivery,Delivered,Ravi Kumar,36,2.3,Mumbai,2024-05-07 02:54:00,4.2
customer_0012,5294,Rohan Sharma,Kfc,Sandwich,1798,587,1211,Upi,Delivered,Sahil Khan,29,4.8,Kolkata,2024-06-25 17:31:00,4.7
customer_0012,5541,Vikas Yadav,Burger King,Dosa,527,4,523,Cash On Delivery,Delivered,Ankit Tiwari,43,3.4,Bangalore,2024-07-24 22:43:00,2.4
customer_0012,5636,Sanya Kapoor,Subway,Burger,561,178,383,Upi,Delivered,Ankit Tiwari,31,1.4,Delhi,2024-07-11 12:01:00,4.8
customer_0012,5738,Priya Verma,Domino'S,Pasta,110,35,75,Cash On Delivery,Delivered,Ankit Tiwari,36,1.8,Bangalore,2024-08-16 12:08:00,2.2
customer_0012,6036,Arjun Mehta,Domino'S,Biryani,1153,230,923,Card,Delivered,Rajesh Verma,56,1.4,Delhi,2024-04-12 18:33:00,3.7
customer_0012,6293,Arjun Mehta,Kfc,Biryani,1162,63,1099,Card,Delivered,Sahil Khan,36,2.5,Mumbai,2024-05-19 23:20:00,1.5
customer_0012,7040,Sanya Kapoor,Domino'S,Pizza,1224,391,833,Card,Delivered,Ravi Kumar,47,4.5,Chennai,2024-06-19 01:25:00,2.2
customer_0012,7072,Sanya Kapoor,Domino'S,Burger,1127,302,825,Cash On Delivery,Delivered,Ravi Kumar,16,4.0,Pune,2024-08-17 15:25:00,2.0
customer_0012,7248,Priya Verma,Subway,Sandwich,135,12,123,Upi,Delivered,Sahil Khan,24,2.2,Delhi,2024-08-20 02:17:00,2.3
customer_0012,7307,Rohan Sharma,Pizza Hut,Pasta,1894,764,1130,Card,Delivered,Deepak Singh,57,4.8,Delhi,2024-03-08 12:48:00,2.6
customer_0012,7454,Priya Verma,Pizza Hut,Pasta,686,271,415,Upi,Delivered,Ankit Tiwari,29,1.9,Bangalore,2024-08-04 13:50:00,4.4
customer_0012,7984,Rohan Sharma,Kfc,Dosa,848,4,844,Card,Delivered,Sahil Khan,46,1.3,Bangalore,2024-10-02 01:10:00,4.0
customer_0012,8115,Rohan Sharma,Domino'S,Burger,1206,252,954,Cash On Delivery,Delivered,Sahil Khan,22,1.6,Chennai,2024-09-20 07:37:00,4.6
customer_0012,8363,Arjun Mehta,Kfc,Dosa,1700,16,1684,Upi,Delivered,Deepak Singh,43,2.1,Chennai,2024-07-17 04:09:00,2.0
customer_0012,8425,Priya Verma,Pizza Hut,Dosa,596,267,329,Card,Delivered,Ankit Tiwari,12,3.3,Delhi,2024-08-10 00:56:00,1.4
customer_0012,8473,Rohan Sharma,Mcdonald'S,Pizza,419,136,283,Card,Delivered,Ravi Kumar,20,4.7,Pune,2024-11-22 01:51:00,4.4
customer_0012,8591,Sanya Kapoor,Domino'S,Chicken Wings,585,164,421,Card,Delivered,Deepak Singh,50,3.5,Chennai,2024-03-17 14:01:00,4.0
customer_0012,8661,Vikas Yadav,Kfc,Dosa,698,94,604,Upi,Delivered,Ravi Kumar,11,3.3,Pune,2024-02-11 13:32:00,4.6
customer_0012,8903,Rohan Sharma,Kfc,Burger,1152,232,920,Card,Delivered,Ravi Kumar,19,3.9,Bangalore,2024-03-09 01:33:00,3.1
customer_0012,9497,Priya Verma,Pizza Hut,Pasta,271,130,141,Card,Delivered,Rajesh Verma,42,4.3,Pune,2024-05-18 06:59:00,3.4
customer_0012,9618,Sanya Kapoor,Domino'S,Burger,1150,524,626,Cash On Delivery,Delivered,Ankit Tiwari,32,1.2,Chennai,2024-02-17 18:34:00,2.9
customer_0012,9949,Vikas Yadav,Domino'S,Pizza,1110,10,1100,Cash On Delivery,Delivered,Rajesh Verma,55,3.5,Mumbai,2024-04-01 14:30:00,3.3
customer_0012,9950,Sanya Kapoor,Burger King,Dosa,1071,445,626,Card,Delivered,Deepak Singh,32,2.9,Mumbai,2024-03-27 23:41:00,4.6
customer_0012,10137,Priya Verma,Mcdonald'S,Pizza,982,55,927,Upi,Delivered,Rajesh Verma,56,4.6,Bangalore,2024-08-18 19:19:00,2.1
customer_0012,10151,Sanya Kapoor,Subway,Burger,311,117,194,Upi,Delivered,Rajesh Verma,51,4.0,Mumbai,2024-10-07 22:28:00,3.7
customer_0013,35,Rohan Sharma,Domino'S,Biryani,1489,415,1074,Upi,Delivered,Sahil Khan,48,4.5,Kolkata,2024-09-22 07:11:00,3.1
customer_0013,168,Rohan Sharma,Pizza Hut,Dosa,1118,351,767,Card,Delivered,Sahil Khan,22,1.2,Mumbai,2024-02-19 03:13:00,3.4
customer_0013,276,Rohan Sharma,Pizza Hut,Biryani,1743,200,1543,Upi,Delivered,Ravi Kumar,51,2.5,Delhi,2024-05-11 01:03:00,4.3
customer_0013,487,Rohan Sharma,Domino'S,Biryani,380,117,263,Card,Delivered,Rajesh Verma,27,3.4,Chennai,2024-04-27 13:18:00,4.5
customer_0013,508,Rohan Sharma,Pizza Hut,Sandwich,1212,276,936,Upi,Delivered,Ravi Kumar,43,2.6,Pune,2024-05-06 07:06:00,2.0
customer_0013,695,Vikas Yadav,Mcdonald'S,Pasta,1243,344,899,Cash On Delivery,Delivered,Sahil Khan,55,3.3,Hyderabad,2024-10-03 04:12:00,4.4
customer_0013,969,Rohan Sharma,Subway,Dosa,111,35,76,Card,Delivered,Sahil Khan,55,2.0,Delhi,2024-04-20 09:15:00,1.9
customer_0013,1136,Priya Verma,Domino'S,Dosa,1450,9,1441,Cash On Delivery,Delivered,Ankit Tiwari,28,2.1,Mumbai,2024-12-20 12:41:00,3.3
customer_0013,1503,Arjun Mehta,Burger King,Pasta,1705,106,1599,Upi,Delivered,Ankit Tiwari,51,4.8,Mumbai,2024-09-20 05:36:00,4.4
customer_0013,1844,Arjun Mehta,Subway,Dosa,1248,128,1120,Cash On Delivery,Delivered,Sahil Khan,34,4.0,Mumbai,2024-12-21 14:34:00,4.7
customer_0013,2186,Sanya Kapoor,Domino'S,Chicken Wings,1184,525,659,Upi,Delivered,Ankit Tiwari,22,4.7,Hyderabad,2024-02-15 11:36:00,3.0
customer_0013,2245,Vikas Yadav,Subway,Pasta,1897,887,1010,Upi,Delivered,Sahil Khan,20,2.3,Delhi,2024-10-23 07:08:00,3.6
customer_0013,2654,Vikas Yadav,Pizza Hut,Biryani,416,186,230,Card,Delivered,Ankit Tiwari,15,2.1,Delhi,2024-02-11 13:50:00,4.5
customer_0013,2810,Vikas Yadav,Kfc,Burger,151,41,110,Upi,Delivered,Ravi Kumar,50,1.8,Chennai,2024-02-03 12:34:00,1.9
customer_0013,2994,Sanya Kapoor,Domino'S,Sandwich,376,19,357,Upi,Delivered,Ravi Kumar,30,2.3,Kolkata,2024-01-01 15:21:00,3.2
customer_0013,3247,Rohan Sharma,Mcdonald'S,Dosa,1762,721,1041,Cash On Delivery,Delivered,Ankit Tiwari,24,1.1,Bangalore,2024-05-07 14:51:00,2.2
customer_0013,3278,Sanya Kapoor,Kfc,Chicken Wings,1635,122,1513,Upi,Delivered,Rajesh Verma,33,1.4,Kolkata,2024-07-08 12:35:00,4.9
customer_0013,3328,Priya Verma,Burger King,Burger,1923,52,1871,Upi,Delivered,Sahil Khan,18,3.5,Bangalore,2024-07-25 11:53:00,3.1
customer_0013,3461,Sanya Kapoor,Kfc,Burger,158,74,84,Cash On Delivery,Delivered,Deepak Singh,19,3.5,Delhi,2024-07-18 17:34:00,2.1
customer_0013,3632,Rohan Sharma,Subway,Burger,1959,328,1631,Card,Delivered,Ravi Kumar,14,3.9,Chennai,2024-12-17 02:30:00,3.6
customer_0013,3687,Sanya Kapoor,Mcdonald'S,Chicken Wings,816,178,638,Card,Delivered,Ravi Kumar,47,4.8,Chennai,2024-01-19 17:07:00,1.8
customer_0013,3845,Sanya Kapoor,Burger King,Pizza,905,294,611,Card,Delivered,Ravi Kumar,16,1.5,Delhi,2024-01-06 02:55:00,4.4
customer_0013,3883,Sanya Kapoor,Burger King,Biryani,326,122,204,Card,Delivered,Ravi Kumar,49,4.5,Mumbai,2024-06-12 01:28:00,1.7
customer_0013,3901,Priya Verma,Pizza Hut,Pasta,1580,693,887,Cash On Delivery,Delivered,Ravi Kumar,47,4.2,Delhi,2024-09-28 18:28:00,1.2
customer_0013,4175,Sanya Kapoor,Mcdonald'S,Biryani,1128,490,638,Upi,Delivered,Ankit Tiwari,32,1.9,Delhi,2024-05-01 14:20:00,4.8
customer_0013,4176,Rohan Sharma,Burger King,Pasta,1265,560,705,Upi,Delivered,Ravi Kumar,15,1.4,Bangalore,2024-03-27 12:49:00,3.6
customer_0013,4826,Priya Verma,Burger King,Sandwich,1532,20,1512,Upi,Delivered,Rajesh Verma,53,4.6,Pune,2024-01-23 01:46:00,1.4
customer_0013,5419,Priya Verma,Burger King,Dosa,736,38,698,Card,Delivered,Deepak Singh,43,1.8,Pune,2024-09-26 12:28:00,3.2
customer_0013,5679,Vikas Yadav,Domino'S,Chicken Wings,1844,699,1145,Card,Delivered,Deepak Singh,10,2.2,Chennai,2024-11-05 17:20:00,4.6
customer_0013,5896,Arjun Mehta,Subway,Sandwich,861,365,496,Upi,Delivered,Rajesh Verma,12,1.3,Pune,2024-10-20 02:45:00,2.3
customer_0013,6089,Vikas Yadav,Domino'S,Sandwich,717,312,405,Card,Delivered,Deepak Singh,43,3.5,Mumbai,2024-03-17 09:20:00,3.7
customer_0013,6424,Priya Verma,Kfc,Sandwich,1992,989,1003,Upi,Delivered,Ankit Tiwari,49,4.8,Hyderabad,2024-01-05 12:34:00,4.3
customer_0013,6447,Rohan Sharma,Burger King,Pasta,1159,30,1129,Card,Delivered,Ankit Tiwari,14,2.4,Mumbai,2024-11-23 04:29:00,1.7
customer_0013,6489,Sanya Kapoor,Burger King,Dosa,431,199,232,Cash On Delivery,Delivered,Ravi Kumar,40,3.6,Delhi,2024-09-02 16:53:00,4.3
customer_0013,6510,Rohan Sharma,Burger King,Pasta,1330,396,934,Upi,Delivered,Sahil Khan,51,3.0,Kolkata,2024-06-26 16:46:00,1.5
customer_0013,6532,Sanya Kapoor,Mcdonald'S,Pasta,598,183,415,Card,Delivered,Rajesh Verma,54,4.1,Bangalore,2024-02-06 19:56:00,3.2
customer_0013,6992,Arjun Mehta,Pizza Hut,Pizza,580,91,489,Upi,Delivered,Ankit Tiwari,51,2.6,Pune,2024-07-01 12:25:00,3.2
customer_0013,7004,Arjun Mehta,Domino'S,Sandwich,1426,647,779,Upi,Delivered,Rajesh Verma,24,4.5,Delhi,2024-06-11 06:39:00,2.3
customer_0013,7017,Vikas Yadav,Burger King,Burger,220,41,179,Cash On Delivery,Delivered,Rajesh Verma,47,4.7,Bangalore,2024-03-12 02:14:00,4.1
customer_0013,7057,Priya Verma,Pizza Hut,Chicken Wings,1560,251,1309,Card,Delivered,Ankit Tiwari,39,4.1,Mumbai,2024-07-18 10:35:00,1.7
customer_0013,7117,Arjun Mehta,Kfc,Pasta,1284,342,942,Cash On Delivery,Delivered,Rajesh Verma,28,1.8,Chennai,2024-03-13 08:00:00,2.7
customer_0013,7206,Vikas Yadav,Pizza Hut,Pizza,897,402,495,Card,Delivered,Ankit Tiwari,29,1.8,Chennai,2024-04-22 14:48:00,1.8
customer_0013,7570,Rohan Sharma,Subway,Biryani,381,76,305,Card,Delivered,Ankit Tiwari,16,1.6,Kolkata,2024-02-24 19:04:00,2.9
customer_0013,7778,Sanya Kapoor,Kfc,Dosa,1750,424,1326,Cash On Delivery,Delivered,Rajesh Verma,41,2.7,Kolkata,2024-08-21 05:17:00,2.8
customer_0013,8662,Rohan Sharma,Mcdonald'S,Biryani,1204,227,977,Upi,Delivered,Deepak Singh,11,3.8,Chennai,2024-04-07 03:12:00,5.0
customer_0013,8682,Sanya Kapoor,Domino'S,Pasta,774,18,756,Upi,Delivered,Ravi Kumar,47,2.9,Kolkata,2024-06-15 12:10:00,3.2
customer_0013,9011,Arjun Mehta,Burger King,Burger,396,185,211,Cash On Delivery,Delivered,Ravi Kumar,36,1.6,Delhi,2024-03-14 03:39:00,4.7
customer_0013,9083,Arjun Mehta,Kfc,Biryani,302,140,162,Card,Delivered,Ravi Kumar,13,4.3,Mumbai,2024-11-22 08:40:00,1.9
customer_0013,9096,Rohan Sharma,Mcdonald'S,Pizza,1216,271,945,Card,Delivered,Sahil Khan,50,2.6,Hyderabad,2024-09-06 23:07:00,1.9
customer_0013,9227,Sanya Kapoor,Mcdonald'S,Pasta,589,86,503,Cash On Delivery,Delivered,Ankit Tiwari,52,2.5,Pune,2024-02-19 18:15:00,4.4
customer_0013,9303,Rohan Sharma,Subway,Dosa,1270,450,820,Card,Delivered,Deepak Singh,24,3.0,Chennai,2024-10-07 03:18:00,4.2
customer_0013,9390,Vikas Yadav,Kfc,Chicken Wings,836,232,604,Cash On Delivery,Delivered,Deepak Singh,46,3.4,Hyderabad,2024-05-24 15:17:00,2.7
customer_0013,9520,Rohan Sharma,Domino'S,Dosa,1568,462,1106,Card,Delivered,Deepak Singh,29,4.2,Chennai,2024-06-20 03:42:00,4.1
customer_0013,9884,Rohan Sharma,Subway,Dosa,146,2,144,Upi,Delivered,Sahil Khan,38,2.3,Bangalore,2024-02-20 14:31:00,4.5
customer_0013,9970,Priya Verma,Mcdonald'S,Pizza,682,316,366,Upi,Delivered,Sahil Khan,10,4.6,Mumbai,2024-08-11 08:11:00,4.8
customer_0013,10016,Priya Verma,Mcdonald'S,Sandwich,651,170,481,Cash On Delivery,Delivered,Ankit Tiwari,45,1.8,Delhi,2024-06-27 07:48:00,1.5
customer_0013,10076,Rohan Sharma,Domino'S,Pasta,249,5,244,Cash On Delivery,Delivered,Deepak Singh,53,1.5,Delhi,2024-03-26 10:43:00,1.2
customer_0013,10199,Sanya Kapoor,Domino'S,Pizza,1887,196,1691,Upi,Delivered,Deepak Singh,31,3.4,Hyderabad,2024-04-08 22:35:00,2.5
customer_0013,10210,Priya Verma,Mcdonald'S,Chicken Wings,620,196,424,Cash On Delivery,Delivered,Deepak Singh,20,4.6,Kolkata,2024-08-27 14:49:00,4.2
customer_0013,10447,Vikas Yadav,Mcdonald'S,Sandwich,845,256,589,Upi,Delivered,Deepak Singh,56,3.6,Delhi,2024-04-07 07:47:00,3.1
customer_0014,558,Vikas Yadav,Mcdonald'S,Sandwich,1723,104,1619,Upi,Delivered,Deepak Singh,43,1.5,Kolkata,2024-01-15 11:19:00,3.1
customer_0014,690,Sanya Kapoor,Mcdonald'S,Pasta,1017,272,745,Cash On Delivery,Delivered,Sahil Khan,32,2.0,Hyderabad,2024-09-21 22:23:00,1.2
customer_0014,768,Priya Verma,Domino'S,Biryani,795,115,680,Upi,Delivered,Ankit Tiwari,40,2.0,Bangalore,2024-09-20 17:01:00,3.4
customer_0014,905,Rohan Sharma,Mcdonald'S,Burger,953,155,798,Card,Delivered,Ankit Tiwari,58,3.0,Mumbai,2024-01-13 09:45:00,3.8
customer_0014,1002,Arjun Mehta,Mcdonald'S,Chicken Wings,213,99,114,Upi,Delivered,Rajesh Verma,20,4.4,Hyderabad,2024-12-08 11:58:00,3.6
customer_0014,1050,Priya Verma,Kfc,Chicken Wings,1061,195,866,Cash On Delivery,Delivered,Ravi Kumar,39,2.5,Chennai,2024-04-15 06:08:00,2.1
customer_0014,1145,Arjun Mehta,Mcdonald'S,Chicken Wings,1604,280,1324,Upi,Delivered,Sahil Khan,48,2.8,Mumbai,2024-06-03 20:04:00,2.8
customer_0014,1171,Priya Verma,Pizza Hut,Pizza,219,3,216,Card,Delivered,Ankit Tiwari,35,3.1,Kolkata,2024-06-02 12:41:00,4.3
customer_0014,1749,Vikas Yadav,Domino'S,Biryani,1536,575,961,Cash On Delivery,Delivered,Ankit Tiwari,32,3.9,Bangalore,2024-04-11 09:45:00,4.8
customer_0014,1913,Rohan Sharma,Mcdonald'S,Sandwich,1783,847,936,Upi,Delivered,Rajesh Verma,60,1.1,Pune,2024-01-14 20:19:00,2.8
customer_0014,2175,Sanya Kapoor,Burger King,Burger,1075,525,550,Cash On Delivery,Delivered,Rajesh Verma,25,4.7,Bangalore,2024-08-07 17:16:00,1.2
customer_0014,2303,Rohan Sharma,Domino'S,Biryani,265,115,150,Card,Delivered,Deepak Singh,38,2.5,Kolkata,2024-05-14 23:06:00,4.6
customer_0014,2587,Priya Verma,Kfc,Pasta,1286,448,838,Upi,Delivered,Rajesh Verma,60,4.5,Kolkata,2024-07-26 12:02:00,3.3
customer_0014,2753,Arjun Mehta,Mcdonald'S,Burger,932,432,500,Upi,Delivered,Ankit Tiwari,20,3.7,Chennai,2024-08-27 09:25:00,3.6
customer_0014,2935,Vikas Yadav,Kfc,Pizza,392,10,382,Card,Delivered,Deepak Singh,23,3.9,Pune,2024-03-01 02:17:00,2.1
customer_0014,3270,Priya Verma,Burger King,Dosa,1214,354,860,Upi,Delivered,Sahil Khan,27,3.4,Bangalore,2024-05-15 19:48:00,1.5
customer_0014,3362,Arjun Mehta,Mcdonald'S,Dosa,1434,198,1236,Cash On Delivery,Delivered,Sahil Khan,46,1.4,Pune,2024-07-21 03:18:00,3.5
customer_0014,3613,Arjun Mehta,Burger King,Pasta,901,282,619,Upi,Delivered,Ravi Kumar,16,1.7,Mumbai,2024-02-08 07:55:00,3.7
customer_0014,3735,Priya Verma,Domino'S,Pizza,1671,316,1355,Card,Delivered,Sahil Khan,13,4.1,Mumbai,2024-12-28 18:57:00,2.7
customer_0014,3944,Priya Verma,Subway,Sandwich,838,36,802,Card,Delivered,Deepak Singh,59,1.6,Mumbai,2024-12-28 19:04:00,3.8
customer_0014,4256,Vikas Yadav,Domino'S,Dosa,1018,41,977,Card,Delivered,Deepak Singh,42,3.4,Kolkata,2024-07-25 21:26:00,3.1
customer_0014,4463,Rohan Sharma,Burger King,Dosa,925,324,601,Card,Delivered,Sahil Khan,36,4.5,Pune,2024-10-08 23:09:00,2.6
customer_0014,4518,Sanya Kapoor,Pizza Hut,Sandwich,1815,111,1704,Card,Delivered,Rajesh Verma,13,1.6,Pune,2024-12-16 01:04:00,1.3
customer_0014,4522,Vikas Yadav,Subway,Dosa,766,195,571,Cash On Delivery,Delivered,Deepak Singh,25,4.8,Mumbai,2024-04-23 21:00:00,1.5
customer_0014,4820,Priya Verma,Kfc,Dosa,1486,197,1289,Card,Delivered,Ankit Tiwari,27,1.7,Delhi,2024-11-22 03:26:00,2.9
customer_0014,4930,Sanya Kapoor,Kfc,Chicken Wings,1470,189,1281,Cash On Delivery,Delivered,Deepak Singh,14,3.1,Kolkata,2024-04-16 01:02:00,2.2
customer_0014,4991,Vikas Yadav,Subway,Chicken Wings,244,119,125,Cash On Delivery,Delivered,Ankit Tiwari,60,3.1,Pune,2024-11-26 08:28:00,1.4
customer_0014,5246,Vikas Yadav,Pizza Hut,Pizza,494,212,282,Upi,Delivered,Ankit Tiwari,46,4.9,Mumbai,2024-01-25 18:00:00,4.7
customer_0014,5390,Sanya Kapoor,Domino'S,Pizza,993,419,574,Upi,Delivered,Sahil Khan,60,4.7,Pune,2024-09-17 13:52:00,4.3
customer_0014,6513,Sanya Kapoor,Kfc,Pizza,501,48,453,Upi,Delivered,Ravi Kumar,51,1.0,Chennai,2024-03-12 16:12:00,3.2
customer_0014,6878,Rohan Sharma,Mcdonald'S,Biryani,149,61,88,Card,Delivered,Ravi Kumar,39,2.7,Delhi,2024-02-18 21:59:00,1.1
customer_0014,6953,Vikas Yadav,Domino'S,Biryani,1040,462,578,Cash On Delivery,Delivered,Sahil Khan,15,3.9,Chennai,2024-09-13 03:05:00,4.2
customer_0014,7187,Rohan Sharma,Subway,Biryani,638,15,623,Card,Delivered,Ravi Kumar,55,3.7,Kolkata,2024-02-24 19:33:00,1.3
customer_0014,7383,Priya Verma,Kfc,Burger,626,4,622,Card,Delivered,Ankit Tiwari,29,3.7,Delhi,2024-11-11 03:32:00,2.4
customer_0014,7411,Priya Verma,Mcdonald'S,Chicken Wings,1250,201,1049,Cash On Delivery,Delivered,Deepak Singh,58,3.7,Hyderabad,2024-09-04 22:58:00,2.7
customer_0014,7608,Vikas Yadav,Domino'S,Burger,779,103,676,Card,Delivered,Sahil Khan,60,4.2,Mumbai,2024-09-13 12:14:00,3.7
customer_0014,7699,Arjun Mehta,Domino'S,Burger,632,161,471,Cash On Delivery,Delivered,Ankit Tiwari,20,2.6,Chennai,2024-02-15 22:06:00,2.7
customer_0014,7703,Arjun Mehta,Domino'S,Biryani,790,217,573,Cash On Delivery,Delivered,Ankit Tiwari,19,4.8,Kolkata,2024-03-19 08:20:00,3.7
customer_0014,7722,Vikas Yadav,Kfc,Pasta,308,93,215,Card,Delivered,Rajesh Verma,28,4.7,Kolkata,2024-02-18 20:09:00,4.4
customer_0014,7845,Priya Verma,Pizza Hut,Pasta,914,215,699,Cash On Delivery,Delivered,Deepak Singh,49,1.8,Mumbai,2024-11-25 18:29:00,1.4
customer_0014,8061,Priya Verma,Kfc,Sandwich,563,279,284,Card,Delivered,Deepak Singh,57,2.1,Delhi,2024-06-27 08:20:00,2.7
customer_0014,8177,Rohan Sharma,Subway,Burger,274,104,170,Card,Delivered,Ravi Kumar,11,3.6,Mumbai,2024-12-06 09:08:00,3.1
customer_0014,8291,Vikas Yadav,Kfc,Pizza,1433,509,924,Card,Delivered,Ankit Tiwari,54,1.2,Pune,2024-04-04 17:13:00,2.8
customer_0014,8319,Rohan Sharma,Pizza Hut,Chicken Wings,1247,565,682,Card,Delivered,Rajesh Verma,45,3.7,Delhi,2024-12-15 14:10:00,3.9
customer_0014,8849,Sanya Kapoor,Kfc,Burger,1469,212,1257,Upi,Delivered,Ankit Tiwari,10,4.0,Kolkata,2024-02-20 15:35:00,2.2
customer_0014,9335,Vikas Yadav,Mcdonald'S,Sandwich,1830,883,947,Cash On Delivery,Delivered,Rajesh Verma,21,4.3,Delhi,2024-09-10 20:46:00,2.5
customer_0014,9581,Vikas Yadav,Pizza Hut,Biryani,795,227,568,Upi,Delivered,Ravi Kumar,24,4.0,Bangalore,2024-03-10 09:26:00,2.8
customer_0014,9818,Vikas Yadav,Kfc,Burger,1596,501,1095,Card,Delivered,Sahil Khan,32,3.9,Delhi,2024-02-08 18:11:00,2.0
customer_0014,9843,Sanya Kapoor,Mcdonald'S,Burger,1021,84,937,Upi,Delivered,Ravi Kumar,57,4.1,Pune,2024-01-05 01:53:00,1.9
customer_0014,9851,Rohan Sharma,Burger King,Sandwich,1200,108,1092,Upi,Delivered,Rajesh Verma,18,4.3,Delhi,2024-11-22 10:46:00,1.9
customer_0014,9939,Vikas Yadav,Pizza Hut,Biryani,1951,602,1349,Card,Delivered,Deepak Singh,16,4.2,Kolkata,2024-10-03 09:04:00,2.9
customer_0014,9958,Rohan Sharma,Kfc,Pasta,1013,28,985,Upi,Delivered,Rajesh Verma,35,3.3,Kolkata,2024-09-05 12:23:00,1.9
customer_0014,10030,Priya Verma,Pizza Hut,Burger,347,23,324,Cash On Delivery,Delivered,Deepak Singh,41,2.4,Chennai,2024-12-16 04:28:00,1.9
customer_0015,9,Rohan Sharma,Subway,Pasta,898,98,800,Card,Delivered,Ravi Kumar,16,2.2,Mumbai,2024-08-01 15:23:00,3.1
customer_0015,159,Vikas Yadav,Domino'S,Chicken Wings,187,91,96,Cash On Delivery,Delivered,Rajesh Verma,52,3.6,Delhi,2024-12-06 16:59:00,2.0
customer_0015,180,Vikas Yadav,Subway,Chicken Wings,823,387,436,Card,Delivered,Sahil Khan,43,1.6,Pune,2024-11-25 05:17:00,1.7
customer_0015,895,Sanya Kapoor,Domino'S,Burger,1996,977,1019,Card,Delivered,Rajesh Verma,41,1.3,Mumbai,2024-08-24 12:56:00,5.0
customer_0015,1155,Arjun Mehta,Domino'S,Pizza,1476,144,1332,Upi,Delivered,Ravi Kumar,35,2.3,Pune,2024-02-16 11:39:00,1.7
customer_0015,1908,Vikas Yadav,Pizza Hut,Dosa,1295,522,773,Card,Delivered,Ankit Tiwari,13,4.3,Pune,2024-03-07 04:43:00,3.7
customer_0015,2082,Sanya Kapoor,Burger King,Dosa,409,52,357,Card,Delivered,Sahil Khan,57,3.5,Delhi,2024-04-28 16:53:00,1.9
customer_0015,2255,Sanya Kapoor,Domino'S,Dosa,591,236,355,Upi,Delivered,Sahil Khan,48,2.3,Chennai,2024-01-19 05:00:00,3.1
customer_0015,2530,Sanya Kapoor,Domino'S,Pasta,1322,400,922,Card,Delivered,Rajesh Verma,32,3.9,Bangalore,2024-05-01 14:41:00,1.6
customer_0015,2847,Sanya Kapoor,Pizza Hut,Pizza,268,104,164,Upi,Delivered,Sahil Khan,34,3.3,Chennai,2024-08-01 05:09:00,2.5
customer_0015,2868,Arjun Mehta,Subway,Dosa,1990,496,1494,Upi,Delivered,Deepak Singh,29,3.3,Bangalore,2024-11-02 22:37:00,1.0
customer_0015,3137,Sanya Kapoor,Subway,Biryani,969,484,485,Card,Delivered,Deepak Singh,26,2.9,Mumbai,2024-02-19 10:53:00,1.0
customer_0015,3567,Vikas Yadav,Burger King,Pasta,1284,186,1098,Card,Delivered,Ravi Kumar,28,3.4,Kolkata,2024-01-24 16:10:00,3.5
customer_0015,3860,Sanya Kapoor,Subway,Dosa,936,331,605,Card,Delivered,Ankit Tiwari,35,2.9,Bangalore,2024-07-19 12:04:00,4.3
customer_0015,4165,Sanya Kapoor,Domino'S,Burger,1073,329,744,Card,Delivered,Ravi Kumar,57,3.0,Chennai,2024-12-02 13:50:00,3.7
customer_0015,4293,Vikas Yadav,Domino'S,Pasta,1936,220,1716,Card,Delivered,Deepak Singh,27,2.1,Hyderabad,2024-06-13 16:59:00,1.2
customer_0015,4562,Sanya Kapoor,Domino'S,Sandwich,662,205,457,Upi,Delivered,Deepak Singh,11,4.8,Chennai,2024-02-27 16:59:00,3.0
customer_0015,4566,Arjun Mehta,Mcdonald'S,Dosa,376,155,221,Cash On Delivery,Delivered,Rajesh Verma,27,2.5,Chennai,2024-11-07 20:18:00,4.4
customer_0015,4961,Priya Verma,Pizza Hut,Pizza,589,186,403,Upi,Delivered,Ankit Tiwari,52,1.0,Hyderabad,2024-06-09 00:16:00,1.1
customer_0015,5107,Rohan Sharma,Domino'S,Pasta,321,73,248,Card,Delivered,Ravi Kumar,16,3.0,Chennai,2024-08-21 15:27:00,1.6
customer_0015,5519,Rohan Sharma,Burger King,Burger,718,16,702,Card,Delivered,Deepak Singh,39,4.4,Chennai,2024-10-22 00:30:00,4.8
customer_0015,5596,Rohan Sharma,Burger King,Dosa,1110,56,1054,Card,Delivered,Rajesh Verma,13,2.8,Pune,2024-10-07 21:30:00,2.7
customer_0015,5736,Sanya Kapoor,Burger King,Sandwich,1731,520,1211,Card,Delivered,Ravi Kumar,60,3.3,Hyderabad,2024-03-10 09:53:00,3.7
customer_0015,5832,Priya Verma,Kfc,Burger,1154,19,1135,Card,Delivered,Sahil Khan,18,2.2,Hyderabad,2024-11-20 22:07:00,1.2
customer_0015,5962,Rohan Sharma,Pizza Hut,Dosa,206,102,104,Cash On Delivery,Delivered,Ravi Kumar,60,1.4,Mumbai,2024-10-28 14:46:00,2.5
customer_0015,6054,Rohan Sharma,Pizza Hut,Sandwich,231,62,169,Card,Delivered,Rajesh Verma,60,1.5,Delhi,2024-08-06 14:58:00,1.1
customer_0015,6180,Sanya Kapoor,Kfc,Burger,483,48,435,Upi,Delivered,Deepak Singh,12,1.4,Bangalore,2024-04-26 11:48:00,2.4
customer_0015,6370,Arjun Mehta,Domino'S,Sandwich,871,402,469,Upi,Delivered,Deepak Singh,37,1.2,Mumbai,2024-08-03 20:49:00,2.5
customer_0015,6492,Sanya Kapoor,Domino'S,Pizza,791,170,621,Cash On Delivery,Delivered,Sahil Khan,57,3.5,Chennai,2024-07-16 06:21:00,3.9
customer_0015,6557,Sanya Kapoor,Mcdonald'S,Sandwich,487,185,302,Cash On Delivery,Delivered,Ankit Tiwari,35,1.4,Delhi,2024-08-18 18:56:00,2.3
customer_0015,6560,Priya Verma,Subway,Chicken Wings,1177,297,880,Upi,Delivered,Deepak Singh,31,1.6,Kolkata,2024-04-26 04:14:00,1.0
customer_0015,7195,Priya Verma,Kfc,Pasta,943,174,769,Cash On Delivery,Delivered,Sahil Khan,60,1.9,Hyderabad,2024-09-01 03:05:00,4.0
customer_0015,7528,Arjun Mehta,Kfc,Sandwich,243,14,229,Card,Delivered,Rajesh Verma,54,4.3,Pune,2024-01-16 16:24:00,1.6
customer_0015,7938,Rohan Sharma,Kfc,Sandwich,660,55,605,Cash On Delivery,Delivered,Rajesh Verma,13,2.1,Bangalore,2024-09-01 05:15:00,4.6
customer_0015,8256,Arjun Mehta,Mcdonald'S,Burger,1344,113,1231,Cash On Delivery,Delivered,Sahil Khan,42,3.6,Delhi,2024-07-02 09:32:00,3.4
customer_0015,8709,Priya Verma,Burger King,Pasta,357,52,305,Cash On Delivery,Delivered,Sahil Khan,41,2.1,Kolkata,2024-03-06 13:49:00,4.4
customer_0015,8793,Sanya Kapoor,Subway,Burger,855,245,610,Card,Delivered,Rajesh Verma,10,3.4,Chennai,2024-11-05 23:48:00,2.2
customer_0015,9080,Vikas Yadav,Mcdonald'S,Sandwich,1861,331,1530,Card,Delivered,Rajesh Verma,27,2.9,Hyderabad,2024-05-28 16:23:00,2.5
customer_0015,9611,Sanya Kapoor,Domino'S,Burger,1801,754,1047,Cash On Delivery,Delivered,Deepak Singh,11,3.5,Bangalore,2024-05-09 22:34:00,3.8
customer_0015,9755,Rohan Sharma,Kfc,Burger,491,38,453,Card,Delivered,Deepak Singh,20,3.7,Bangalore,2024-01-20 14:24:00,2.9
customer_0015,10070,Rohan Sharma,Mcdonald'S,Chicken Wings,254,89,165,Upi,Delivered,Ankit Tiwari,50,4.0,Bangalore,2024-07-22 06:24:00,3.8
customer_0015,10078,Rohan Sharma,Subway,Sandwich,1828,886,942,Card,Delivered,Rajesh Verma,57,3.6,Pune,2024-08-09 11:40:00,3.1
customer_0015,10181,Vikas Yadav,Subway,Biryani,729,307,422,Upi,Delivered,Sahil Khan,59,3.8,Hyderabad,2024-05-09 08:22:00,2.7
customer_0015,10219,Vikas Yadav,Mcdonald'S,Dosa,292,98,194,Card,Delivered,Rajesh Verma,34,2.5,Bangalore,2024-06-04 06:14:00,3.2
customer_0015,10235,Sanya Kapoor,Mcdonald'S,Pizza,748,66,682,Cash On Delivery,Delivered,Ankit Tiwari,18,1.7,Bangalore,2024-03-21 00:42:00,4.8
customer_0016,69,Vikas Yadav,Mcdonald'S,Dosa,1285,570,715,Card,Delivered,Rajesh Verma,57,1.6,Pune,2024-08-12 20:34:00,2.2
customer_0016,668,Rohan Sharma,Subway,Sandwich,830,5,825,Cash On Delivery,Delivered,Ravi Kumar,47,4.9,Bangalore,2024-03-17 12:34:00,1.9
customer_0016,782,Rohan Sharma,Burger King,Biryani,987,73,914,Card,Delivered,Ankit Tiwari,56,2.0,Mumbai,2024-06-17 02:32:00,4.7
customer_0016,820,Vikas Yadav,Kfc,Pizza,265,30,235,Upi,Delivered,Ankit Tiwari,19,2.0,Chennai,2024-12-16 19:36:00,2.4
customer_0016,1176,Priya Verma,Domino'S,Sandwich,1318,149,1169,Upi,Delivered,Ankit Tiwari,32,1.1,Bangalore,2024-01-09 17:36:00,2.3
customer_0016,1218,Rohan Sharma,Pizza Hut,Burger,1216,69,1147,Cash On Delivery,Delivered,Ankit Tiwari,35,2.3,Hyderabad,2024-08-22 11:27:00,4.5
customer_0016,1222,Rohan Sharma,Mcdonald'S,Pizza,774,70,704,Upi,Delivered,Ravi Kumar,35,5.0,Mumbai,2024-07-23 04:54:00,2.5
customer_0016,1235,Priya Verma,Subway,Dosa,1991,190,1801,Card,Delivered,Ravi Kumar,25,4.3,Mumbai,2024-08-26 19:57:00,2.9
customer_0016,1237,Sanya Kapoor,Domino'S,Chicken Wings,945,388,557,Cash On Delivery,Delivered,Ankit Tiwari,60,1.6,Mumbai,2024-06-26 09:50:00,3.7
customer_0016,1247,Priya Verma,Pizza Hut,Biryani,681,208,473,Cash On Delivery,Delivered,Ravi Kumar,59,1.5,Delhi,2024-04-12 02:20:00,2.8
customer_0016,1368,Vikas Yadav,Pizza Hut,Dosa,1336,189,1147,Cash On Delivery,Delivered,Deepak Singh,32,3.0,Mumbai,2024-01-25 05:22:00,3.2
customer_0016,1532,Rohan Sharma,Pizza Hut,Pasta,647,292,355,Card,Delivered,Ankit Tiwari,37,2.1,Delhi,2024-11-03 10:24:00,3.7
customer_0016,1620,Priya Verma,Kfc,Pizza,1717,811,906,Upi,Delivered,Sahil Khan,23,4.3,Mumbai,2024-04-09 01:58:00,3.6
customer_0016,1656,Arjun Mehta,Pizza Hut,Chicken Wings,949,299,650,Cash On Delivery,Delivered,Rajesh Verma,41,3.0,Delhi,2024-02-21 14:36:00,1.8
customer_0016,1778,Priya Verma,Burger King,Dosa,1102,100,1002,Upi,Delivered,Ravi Kumar,36,3.6,Hyderabad,2024-01-22 20:10:00,3.2
customer_0016,1789,Vikas Yadav,Mcdonald'S,Biryani,352,46,306,Card,Delivered,Sahil Khan,58,2.9,Hyderabad,2024-09-24 23:48:00,4.7
customer_0016,1812,Rohan Sharma,Kfc,Sandwich,811,345,466,Upi,Delivered,Ankit Tiwari,10,1.9,Delhi,2024-12-22 20:02:00,1.1
customer_0016,1835,Arjun Mehta,Pizza Hut,Sandwich,987,184,803,Upi,Delivered,Ankit Tiwari,33,3.0,Pune,2024-07-18 19:03:00,4.3
customer_0016,2000,Vikas Yadav,Burger King,Sandwich,639,44,595,Cash On Delivery,Delivered,Ankit Tiwari,21,1.2,Pune,2024-08-19 22:59:00,3.9
customer_0016,2020,Priya Verma,Pizza Hut,Chicken Wings,787,211,576,Upi,Delivered,Deepak Singh,12,4.0,Delhi,2024-06-12 22:41:00,1.3
customer_0016,2105,Sanya Kapoor,Pizza Hut,Pasta,1561,752,809,Cash On Delivery,Delivered,Ravi Kumar,40,3.9,Hyderabad,2024-04-07 05:47:00,1.8
customer_0016,2339,Rohan Sharma,Mcdonald'S,Chicken Wings,1385,473,912,Cash On Delivery,Delivered,Sahil Khan,30,1.7,Kolkata,2024-05-11 21:32:00,3.6
customer_0016,2459,Rohan Sharma,Subway,Dosa,1388,120,1268,Cash On Delivery,Delivered,Ravi Kumar,17,1.8,Bangalore,2024-09-10 20:25:00,1.9
customer_0016,2752,Arjun Mehta,Burger King,Chicken Wings,307,104,203,Card,Delivered,Ravi Kumar,39,2.9,Kolkata,2024-02-27 05:09:00,4.1
customer_0016,2993,Priya Verma,Mcdonald'S,Sandwich,113,14,99,Cash On Delivery,Delivered,Ravi Kumar,54,3.0,Pune,2024-11-06 18:30:00,4.7
customer_0016,2995,Arjun Mehta,Mcdonald'S,Pizza,1828,195,1633,Card,Delivered,Ankit Tiwari,18,2.4,Mumbai,2024-04-03 00:11:00,3.1
customer_0016,3119,Vikas Yadav,Mcdonald'S,Pasta,1248,470,778,Cash On Delivery,Delivered,Rajesh Verma,23,1.9,Kolkata,2024-04-22 08:27:00,3.5
customer_0016,3214,Arjun Mehta,Kfc,Sandwich,684,204,480,Upi,Delivered,Sahil Khan,21,3.5,Pune,2024-07-09 02:14:00,4.4
customer_0016,3226,Vikas Yadav,Domino'S,Chicken Wings,851,224,627,Upi,Delivered,Ravi Kumar,10,1.4,Pune,2024-08-04 07:27:00,2.4
customer_0016,3848,Vikas Yadav,Pizza Hut,Pizza,1250,432,818,Card,Delivered,Ravi Kumar,39,3.9,Mumbai,2024-04-15 19:20:00,2.5
customer_0016,3942,Rohan Sharma,Subway,Sandwich,1517,682,835,Card,Delivered,Deepak Singh,11,3.3,Chennai,2024-11-13 18:52:00,3.3
customer_0016,3978,Arjun Mehta,Mcdonald'S,Chicken Wings,594,72,522,Cash On Delivery,Delivered,Sahil Khan,25,3.0,Hyderabad,2024-10-11 02:01:00,3.5
customer_0016,4240,Arjun Mehta,Domino'S,Sandwich,1064,344,720,Upi,Delivered,Ankit Tiwari,35,4.2,Mumbai,2024-09-27 07:29:00,2.0
customer_0016,4243,Rohan Sharma,Mcdonald'S,Biryani,393,58,335,Card,Delivered,Ankit Tiwari,13,1.6,Chennai,2024-02-21 08:21:00,4.6
customer_0016,4434,Arjun Mehta,Pizza Hut,Pasta,298,49,249,Card,Delivered,Ankit Tiwari,11,2.8,Bangalore,2024-06-06 04:01:00,2.6
customer_0016,4493,Rohan Sharma,Domino'S,Pasta,1370,348,1022,Cash On Delivery,Delivered,Rajesh Verma,39,2.5,Mumbai,2024-04-17 05:03:00,4.8
customer_0016,4625,Priya Verma,Burger King,Biryani,1613,406,1207,Cash On Delivery,Delivered,Sahil Khan,51,3.1,Delhi,2024-03-15 13:26:00,4.6
customer_0016,4629,Rohan Sharma,Mcdonald'S,Dosa,1992,474,1518,Card,Delivered,Ravi Kumar,57,2.4,Chennai,2024-05-01 16:05:00,1.2
customer_0016,4717,Priya Verma,Burger King,Biryani,392,8,384,Card,Delivered,Ravi Kumar,50,4.8,Chennai,2024-03-14 00:24:00,1.7
customer_0016,6115,Arjun Mehta,Kfc,Biryani,661,289,372,Cash On Delivery,Delivered,Ravi Kumar,34,4.3,Delhi,2024-02-27 00:25:00,1.2
customer_0016,6318,Sanya Kapoor,Domino'S,Burger,1530,641,889,Card,Delivered,Deepak Singh,15,2.1,Kolkata,2024-02-10 21:44:00,2.3
customer_0016,6420,Rohan Sharma,Domino'S,Pasta,1847,601,1246,Card,Delivered,Deepak Singh,13,2.1,Hyderabad,2024-10-23 21:59:00,2.1
customer_0016,6762,Arjun Mehta,Burger King,Burger,967,299,668,Card,Delivered,Ankit Tiwari,47,3.3,Kolkata,2024-11-21 12:54:00,2.4
customer_0016,6768,Vikas Yadav,Burger King,Biryani,539,168,371,Cash On Delivery,Delivered,Sahil Khan,41,3.5,Kolkata,2024-12-15 02:51:00,3.1
customer_0016,7032,Arjun Mehta,Pizza Hut,Sandwich,611,204,407,Card,Delivered,Ankit Tiwari,48,1.7,Hyderabad,2024-12-16 19:37:00,3.7
customer_0016,7380,Rohan Sharma,Subway,Burger,1974,920,1054,Card,Delivered,Ankit Tiwari,11,4.4,Bangalore,2024-01-05 09:14:00,4.0
customer_0016,7409,Arjun Mehta,Burger King,Pizza,1725,452,1273,Upi,Delivered,Ravi Kumar,32,4.7,Hyderabad,2024-11-27 06:00:00,4.1
customer_0016,7501,Arjun Mehta,Subway,Sandwich,1088,519,569,Card,Delivered,Ankit Tiwari,32,3.8,Delhi,2024-11-24 08:00:00,3.3
customer_0016,7605,Rohan Sharma,Burger King,Sandwich,847,407,440,Card,Delivered,Sahil Khan,34,1.2,Delhi,2024-08-27 11:55:00,1.6
customer_0016,7747,Rohan Sharma,Domino'S,Pizza,1058,63,995,Card,Delivered,Deepak Singh,56,4.0,Pune,2024-11-08 20:56:00,2.0
customer_0016,7844,Vikas Yadav,Domino'S,Sandwich,1907,692,1215,Cash On Delivery,Delivered,Sahil Khan,38,1.4,Bangalore,2024-05-20 03:01:00,4.8
customer_0016,7877,Rohan Sharma,Burger King,Sandwich,919,139,780,Card,Delivered,Deepak Singh,32,2.9,Pune,2024-10-15 06:12:00,2.1
customer_0016,7916,Sanya Kapoor,Mcdonald'S,Burger,1033,262,771,Upi,Delivered,Rajesh Verma,55,4.2,Mumbai,2024-09-16 20:19:00,3.0
customer_0016,8245,Rohan Sharma,Domino'S,Chicken Wings,1852,893,959,Card,Delivered,Rajesh Verma,20,3.7,Hyderabad,2024-05-09 16:20:00,3.6
customer_0016,8281,Arjun Mehta,Burger King,Pasta,661,168,493,Cash On Delivery,Delivered,Ravi Kumar,47,4.9,Mumbai,2024-01-21 22:13:00,2.9
customer_0016,8447,Arjun Mehta,Burger King,Burger,1440,216,1224,Cash On Delivery,Delivered,Ravi Kumar,26,4.1,Mumbai,2024-11-09 00:16:00,2.8
customer_0016,8606,Priya Verma,Domino'S,Biryani,642,102,540,Upi,Delivered,Ravi Kumar,58,4.6,Mumbai,2024-11-01 19:52:00,2.4
customer_0016,8753,Vikas Yadav,Domino'S,Pizza,1537,173,1364,Card,Delivered,Rajesh Verma,37,1.4,Hyderabad,2024-06-11 06:45:00,2.3
customer_0016,8772,Arjun Mehta,Pizza Hut,Biryani,777,39,738,Upi,Delivered,Ankit Tiwari,31,2.5,Hyderabad,2024-11-04 04:09:00,3.3
customer_0016,9525,Rohan Sharma,Burger King,Biryani,774,10,764,Cash On Delivery,Delivered,Rajesh Verma,35,4.7,Pune,2024-04-10 02:02:00,1.7
customer_0016,9976,Arjun Mehta,Domino'S,Dosa,955,362,593,Cash On Delivery,Delivered,Sahil Khan,56,2.2,Chennai,2024-10-25 04:51:00,3.3
customer_0016,10161,Arjun Mehta,Kfc,Sandwich,440,29,411,Upi,Delivered,Sahil Khan,15,1.0,Kolkata,2024-07-26 05:07:00,3.6
customer_0016,10295,Sanya Kapoor,Burger King,Dosa,181,45,136,Upi,Delivered,Ravi Kumar,23,4.6,Delhi,2024-12-28 18:38:00,1.3
customer_0016,10329,Priya Verma,Domino'S,Biryani,494,94,400,Upi,Delivered,Sahil Khan,43,4.0,Delhi,2024-10-14 02:35:00,3.8
customer_0017,40,Arjun Mehta,Burger King,Biryani,1857,584,1273,Cash On Delivery,Delivered,Sahil Khan,30,1.5,Pune,2024-06-17 23:40:00,1.3
customer_0017,218,Rohan Sharma,Burger King,Biryani,1661,46,1615,Card,Delivered,Ravi Kumar,56,4.3,Kolkata,2024-01-24 03:03:00,1.3
customer_0017,223,Rohan Sharma,Pizza Hut,Dosa,1426,605,821,Upi,Delivered,Ankit Tiwari,16,2.1,Kolkata,2024-08-15 01:20:00,3.4
customer_0017,288,Sanya Kapoor,Kfc,Burger,140,69,71,Cash On Delivery,Delivered,Rajesh Verma,32,3.9,Mumbai,2024-10-10 13:26:00,3.2
customer_0017,556,Sanya Kapoor,Subway,Dosa,765,185,580,Upi,Delivered,Ravi Kumar,40,1.0,Chennai,2024-09-11 13:05:00,1.1
customer_0017,600,Priya Verma,Kfc,Burger,380,81,299,Cash On Delivery,Delivered,Rajesh Verma,12,4.0,Hyderabad,2024-04-26 15:00:00,4.1
customer_0017,614,Sanya Kapoor,Mcdonald'S,Dosa,775,233,542,Cash On Delivery,Delivered,Ravi Kumar,44,3.4,Bangalore,2024-02-12 10:03:00,1.5
customer_0017,851,Arjun Mehta,Kfc,Pizza,507,34,473,Card,Delivered,Sahil Khan,54,2.4,Mumbai,2024-07-16 16:07:00,1.4
customer_0017,1105,Rohan Sharma,Subway,Chicken Wings,877,11,866,Upi,Delivered,Sahil Khan,50,1.4,Bangalore,2024-02-11 20:54:00,1.3
customer_0017,1452,Vikas Yadav,Burger King,Pasta,1743,339,1404,Card,Delivered,Rajesh Verma,43,1.1,Chennai,2024-03-13 17:36:00,3.9
customer_0017,1487,Rohan Sharma,Kfc,Dosa,370,96,274,Card,Delivered,Sahil Khan,16,3.7,Hyderabad,2024-03-24 19:19:00,4.2
customer_0017,1502,Sanya Kapoor,Burger King,Burger,1551,304,1247,Upi,Delivered,Rajesh Verma,46,4.0,Kolkata,2024-06-08 17:44:00,2.3
customer_0017,1684,Sanya Kapoor,Subway,Chicken Wings,1195,404,791,Card,Delivered,Ankit Tiwari,47,2.6,Mumbai,2024-11-08 07:59:00,1.9
customer_0017,1685,Vikas Yadav,Domino'S,Sandwich,1990,151,1839,Upi,Delivered,Rajesh Verma,30,4.0,Pune,2024-01-20 14:37:00,4.0
customer_0017,1742,Sanya Kapoor,Mcdonald'S,Biryani,1651,380,1271,Cash On Delivery,Delivered,Ravi Kumar,24,4.7,Kolkata,2024-07-20 12:52:00,4.6
customer_0017,1773,Arjun Mehta,Kfc,Burger,629,281,348,Cash On Delivery,Delivered,Rajesh Verma,31,3.9,Mumbai,2024-01-04 20:08:00,2.5
customer_0017,1969,Arjun Mehta,Domino'S,Chicken Wings,734,89,645,Upi,Delivered,Deepak Singh,16,2.3,Mumbai,2024-11-25 08:48:00,1.8
customer_0017,2162,Priya Verma,Domino'S,Sandwich,1082,344,738,Upi,Delivered,Deepak Singh,43,2.0,Pune,2024-06-26 09:41:00,3.8
customer_0017,2237,Priya Verma,Kfc,Chicken Wings,1949,225,1724,Cash On Delivery,Delivered,Ravi Kumar,47,2.8,Delhi,2024-11-11 14:51:00,3.6
customer_0017,2416,Rohan Sharma,Domino'S,Burger,593,92,501,Cash On Delivery,Delivered,Sahil Khan,34,2.2,Chennai,2024-07-22 04:33:00,3.2
customer_0017,2895,Priya Verma,Domino'S,Chicken Wings,1809,133,1676,Upi,Delivered,Ankit Tiwari,51,4.8,Bangalore,2024-07-25 06:33:00,2.0
customer_0017,2896,Rohan Sharma,Kfc,Pizza,1488,24,1464,Upi,Delivered,Ankit Tiwari,18,5.0,Hyderabad,2024-03-19 00:53:00,1.1
customer_0017,3225,Arjun Mehta,Burger King,Burger,1074,371,703,Cash On Delivery,Delivered,Ravi Kumar,30,1.6,Delhi,2024-10-20 03:33:00,4.9
customer_0017,3385,Rohan Sharma,Kfc,Pasta,1120,481,639,Cash On Delivery,Delivered,Ankit Tiwari,47,1.1,Bangalore,2024-09-19 10:41:00,4.9
customer_0017,3412,Sanya Kapoor,Pizza Hut,Biryani,1162,500,662,Card,Delivered,Deepak Singh,41,3.0,Mumbai,2024-05-02 18:58:00,2.5
customer_0017,3652,Priya Verma,Subway,Pasta,1945,44,1901,Card,Delivered,Rajesh Verma,50,3.4,Delhi,2024-04-18 01:45:00,4.6
customer_0017,3660,Vikas Yadav,Subway,Burger,1756,600,1156,Upi,Delivered,Ravi Kumar,57,4.3,Hyderabad,2024-02-05 07:16:00,4.2
customer_0017,3730,Arjun Mehta,Domino'S,Pizza,1738,333,1405,Cash On Delivery,Delivered,Sahil Khan,48,1.2,Chennai,2024-08-28 22:39:00,2.7
customer_0017,4318,Rohan Sharma,Domino'S,Burger,402,12,390,Upi,Delivered,Deepak Singh,33,2.3,Hyderabad,2024-09-07 20:39:00,2.3
customer_0017,4410,Rohan Sharma,Kfc,Sandwich,700,279,421,Upi,Delivered,Sahil Khan,60,1.3,Mumbai,2024-07-14 06:33:00,3.9
customer_0017,4427,Priya Verma,Kfc,Pizza,958,365,593,Card,Delivered,Sahil Khan,35,1.8,Kolkata,2024-07-09 14:33:00,4.0
customer_0017,4440,Arjun Mehta,Kfc,Chicken Wings,158,17,141,Upi,Delivered,Rajesh Verma,46,3.7,Delhi,2024-12-28 21:32:00,1.9
customer_0017,4681,Arjun Mehta,Pizza Hut,Dosa,373,146,227,Cash On Delivery,Delivered,Rajesh Verma,31,3.6,Hyderabad,2024-01-22 15:33:00,4.7
customer_0017,4765,Vikas Yadav,Pizza Hut,Biryani,1689,272,1417,Cash On Delivery,Delivered,Deepak Singh,52,1.8,Bangalore,2024-04-01 17:37:00,3.1
customer_0017,5189,Arjun Mehta,Kfc,Pizza,1828,822,1006,Card,Delivered,Ankit Tiwari,12,3.5,Bangalore,2024-03-20 08:14:00,4.9
customer_0017,5263,Priya Verma,Domino'S,Sandwich,1777,442,1335,Cash On Delivery,Delivered,Sahil Khan,52,3.8,Kolkata,2024-10-19 00:06:00,3.7
customer_0017,5556,Rohan Sharma,Subway,Sandwich,930,460,470,Cash On Delivery,Delivered,Ankit Tiwari,11,4.0,Chennai,2024-01-12 15:53:00,3.2
customer_0017,5646,Priya Verma,Burger King,Pizza,1359,310,1049,Cash On Delivery,Delivered,Ravi Kumar,20,4.4,Kolkata,2024-09-22 20:53:00,2.7
customer_0017,5666,Sanya Kapoor,Kfc,Pizza,1623,128,1495,Upi,Delivered,Ravi Kumar,15,4.7,Mumbai,2024-03-02 08:54:00,3.0
customer_0017,5756,Priya Verma,Subway,Pasta,394,180,214,Cash On Delivery,Delivered,Sahil Khan,31,1.1,Pune,2024-07-13 16:15:00,3.3
customer_0017,5800,Rohan Sharma,Mcdonald'S,Dosa,1782,745,1037,Upi,Delivered,Rajesh Verma,47,4.5,Mumbai,2024-11-11 23:32:00,4.5
customer_0017,5922,Rohan Sharma,Subway,Pasta,1648,741,907,Upi,Delivered,Ankit Tiwari,43,4.0,Hyderabad,2024-01-08 00:04:00,2.1
customer_0017,6061,Vikas Yadav,Burger King,Sandwich,844,257,587,Upi,Delivered,Deepak Singh,14,4.8,Hyderabad,2024-10-28 02:08:00,2.5
customer_0017,6496,Sanya Kapoor,Subway,Chicken Wings,845,130,715,Cash On Delivery,Delivered,Ravi Kumar,41,3.3,Pune,2024-04-19 18:15:00,4.8
customer_0017,6730,Priya Verma,Domino'S,Burger,684,84,600,Upi,Delivered,Rajesh Verma,42,4.7,Pune,2024-03-26 07:40:00,2.8
customer_0017,6747,Priya Verma,Mcdonald'S,Burger,661,315,346,Card,Delivered,Deepak Singh,52,4.8,Hyderabad,2024-06-17 16:04:00,4.3
customer_0017,6856,Sanya Kapoor,Burger King,Biryani,625,254,371,Card,Delivered,Deepak Singh,52,4.3,Pune,2024-07-03 09:47:00,3.2
customer_0017,6951,Priya Verma,Kfc,Biryani,163,26,137,Upi,Delivered,Rajesh Verma,43,4.8,Chennai,2024-04-02 15:48:00,1.3
customer_0017,7213,Sanya Kapoor,Burger King,Sandwich,955,53,902,Card,Delivered,Rajesh Verma,13,3.7,Chennai,2024-11-24 18:20:00,1.3
customer_0017,7220,Arjun Mehta,Mcdonald'S,Biryani,1255,85,1170,Card,Delivered,Rajesh Verma,49,3.6,Mumbai,2024-10-05 22:29:00,4.9
customer_0017,7239,Arjun Mehta,Mcdonald'S,Burger,389,163,226,Cash On Delivery,Delivered,Ravi Kumar,17,2.9,Mumbai,2024-05-06 05:48:00,3.6
customer_0017,7286,Rohan Sharma,Mcdonald'S,Pizza,972,196,776,Cash On Delivery,Delivered,Sahil Khan,23,4.8,Pune,2024-02-09 04:51:00,3.2
customer_0017,7305,Vikas Yadav,Pizza Hut,Dosa,1211,322,889,Card,Delivered,Ravi Kumar,20,1.7,Bangalore,2024-05-05 15:05:00,3.6
customer_0017,7654,Arjun Mehta,Subway,Pasta,460,0,460,Cash On Delivery,Delivered,Deepak Singh,18,4.5,Chennai,2024-10-21 00:08:00,2.3
customer_0017,7674,Vikas Yadav,Subway,Sandwich,938,322,616,Cash On Delivery,Delivered,Sahil Khan,40,2.1,Mumbai,2024-02-14 06:04:00,2.8
customer_0017,8339,Rohan Sharma,Domino'S,Pizza,1366,141,1225,Card,Delivered,Sahil Khan,59,4.7,Bangalore,2024-12-16 19:59:00,1.5
customer_0017,8460,Sanya Kapoor,Kfc,Burger,127,44,83,Upi,Delivered,Ravi Kumar,40,3.8,Kolkata,2024-08-09 12:09:00,4.0
customer_0017,8835,Sanya Kapoor,Subway,Pizza,1679,88,1591,Cash On Delivery,Delivered,Sahil Khan,58,2.2,Kolkata,2024-05-13 12:54:00,3.4
customer_0017,9793,Rohan Sharma,Pizza Hut,Dosa,344,55,289,Cash On Delivery,Delivered,Deepak Singh,23,4.4,Bangalore,2024-04-01 07:57:00,1.1
customer_0017,10115,Priya Verma,Subway,Sandwich,402,12,390,Upi,Delivered,Rajesh Verma,39,2.4,Chennai,2024-12-06 18:12:00,2.3
customer_0017,10156,Priya Verma,Pizza Hut,Biryani,1011,294,717,Card,Delivered,Deepak Singh,49,4.5,Delhi,2024-02-06 04:47:00,4.9
customer_0018,88,Priya Verma,Mcdonald'S,Sandwich,1430,87,1343,Card,Delivered,Rajesh Verma,41,3.2,Bangalore,2024-09-01 05:32:00,2.3
customer_0018,578,Sanya Kapoor,Pizza Hut,Sandwich,171,21,150,Upi,Delivered,Deepak Singh,46,1.4,Pune,2024-07-07 20:15:00,1.1
customer_0018,920,Priya Verma,Burger King,Pizza,1439,572,867,Cash On Delivery,Delivered,Ravi Kumar,55,4.7,Hyderabad,2024-07-03 11:39:00,2.7
customer_0018,1121,Rohan Sharma,Kfc,Pasta,780,77,703,Cash On Delivery,Delivered,Ravi Kumar,28,3.0,Hyderabad,2024-07-15 08:23:00,4.1
customer_0018,1420,Rohan Sharma,Mcdonald'S,Pizza,1950,681,1269,Upi,Delivered,Ankit Tiwari,16,4.1,Mumbai,2024-07-27 19:18:00,2.5
customer_0018,1495,Vikas Yadav,Domino'S,Pasta,1510,619,891,Card,Delivered,Sahil Khan,38,4.0,Chennai,2024-07-19 12:32:00,1.5
customer_0018,1541,Arjun Mehta,Pizza Hut,Chicken Wings,1334,601,733,Upi,Delivered,Deepak Singh,16,2.2,Mumbai,2024-04-19 15:09:00,1.1
customer_0018,1724,Sanya Kapoor,Mcdonald'S,Dosa,1714,320,1394,Cash On Delivery,Delivered,Ankit Tiwari,40,1.5,Mumbai,2024-08-23 09:02:00,4.2
customer_0018,2262,Vikas Yadav,Subway,Dosa,1088,101,987,Cash On Delivery,Delivered,Ankit Tiwari,55,1.1,Pune,2024-10-27 13:16:00,2.2
customer_0018,2272,Priya Verma,Domino'S,Sandwich,1684,155,1529,Card,Delivered,Sahil Khan,39,1.3,Mumbai,2024-04-05 12:57:00,4.2
customer_0018,2274,Sanya Kapoor,Kfc,Pizza,1773,385,1388,Upi,Delivered,Deepak Singh,10,1.0,Mumbai,2024-01-14 20:49:00,2.6
customer_0018,2430,Vikas Yadav,Pizza Hut,Pasta,1305,309,996,Cash On Delivery,Delivered,Ravi Kumar,39,4.3,Hyderabad,2024-05-03 02:36:00,1.9
customer_0018,2443,Sanya Kapoor,Subway,Chicken Wings,445,139,306,Upi,Delivered,Ankit Tiwari,55,1.4,Mumbai,2024-04-28 04:28:00,1.9
customer_0018,2707,Priya Verma,Kfc,Burger,1307,74,1233,Card,Delivered,Sahil Khan,19,4.0,Chennai,2024-12-04 20:26:00,3.3
customer_0018,2807,Arjun Mehta,Kfc,Sandwich,1479,191,1288,Card,Delivered,Ravi Kumar,16,4.3,Pune,2024-02-22 10:46:00,2.9
customer_0018,2879,Priya Verma,Mcdonald'S,Pizza,1709,271,1438,Upi,Delivered,Rajesh Verma,12,4.3,Bangalore,2024-07-14 11:11:00,4.4
customer_0018,2960,Vikas Yadav,Mcdonald'S,Burger,1573,166,1407,Cash On Delivery,Delivered,Sahil Khan,58,4.6,Pune,2024-11-06 14:39:00,2.4
customer_0018,2987,Sanya Kapoor,Burger King,Biryani,1641,768,873,Cash On Delivery,Delivered,Ankit Tiwari,39,3.3,Delhi,2024-12-06 10:32:00,4.8
customer_0018,3172,Vikas Yadav,Burger King,Chicken Wings,1374,596,778,Upi,Delivered,Deepak Singh,11,3.2,Hyderabad,2024-04-22 03:36:00,3.5
customer_0018,3177,Arjun Mehta,Mcdonald'S,Pizza,558,159,399,Cash On Delivery,Delivered,Sahil Khan,49,3.6,Chennai,2024-01-12 09:56:00,3.1
customer_0018,3352,Sanya Kapoor,Burger King,Pizza,438,76,362,Card,Delivered,Sahil Khan,34,4.4,Chennai,2024-05-25 13:39:00,2.9
customer_0018,3891,Vikas Yadav,Burger King,Pasta,1291,544,747,Card,Delivered,Ravi Kumar,10,4.8,Pune,2024-11-18 02:52:00,3.3
customer_0018,4019,Arjun Mehta,Domino'S,Burger,223,87,136,Cash On Delivery,Delivered,Ankit Tiwari,52,1.8,Mumbai,2024-02-16 08:41:00,1.4
customer_0018,4033,Sanya Kapoor,Mcdonald'S,Sandwich,1298,587,711,Cash On Delivery,Delivered,Ravi Kumar,36,2.7,Kolkata,2024-11-07 08:13:00,4.3
customer_0018,4079,Arjun Mehta,Domino'S,Sandwich,965,261,704,Cash On Delivery,Delivered,Ravi Kumar,41,4.4,Mumbai,2024-10-11 21:00:00,2.1
customer_0018,4108,Priya Verma,Subway,Sandwich,1859,436,1423,Card,Delivered,Sahil Khan,17,2.6,Bangalore,2024-10-06 13:47:00,4.4
customer_0018,4179,Arjun Mehta,Subway,Dosa,1292,196,1096,Cash On Delivery,Delivered,Ravi Kumar,29,3.6,Kolkata,2024-07-26 17:59:00,2.3
customer_0018,4262,Arjun Mehta,Subway,Sandwich,113,10,103,Upi,Delivered,Ankit Tiwari,25,3.1,Hyderabad,2024-05-16 09:14:00,3.1
customer_0018,4270,Priya Verma,Kfc,Dosa,1655,130,1525,Upi,Delivered,Deepak Singh,25,2.0,Mumbai,2024-09-20 04:32:00,2.1
customer_0018,4514,Sanya Kapoor,Kfc,Pizza,1310,279,1031,Upi,Delivered,Deepak Singh,42,3.9,Hyderabad,2024-08-10 16:49:00,3.3
customer_0018,4577,Arjun Mehta,Burger King,Dosa,1277,368,909,Card,Delivered,Ravi Kumar,53,4.4,Kolkata,2024-10-03 01:58:00,2.5
customer_0018,4776,Arjun Mehta,Subway,Burger,1495,164,1331,Upi,Delivered,Ravi Kumar,46,3.4,Chennai,2024-09-10 19:28:00,2.9
customer_0018,5224,Sanya Kapoor,Subway,Chicken Wings,1545,40,1505,Card,Delivered,Ravi Kumar,60,4.7,Bangalore,2024-09-09 15:58:00,2.7
customer_0018,5271,Vikas Yadav,Burger King,Chicken Wings,1033,375,658,Upi,Delivered,Rajesh Verma,32,3.1,Kolkata,2024-06-20 23:59:00,4.9
customer_0018,5499,Rohan Sharma,Mcdonald'S,Pizza,312,122,190,Upi,Delivered,Ravi Kumar,44,1.1,Bangalore,2024-01-24 13:04:00,1.3
customer_0018,5644,Sanya Kapoor,Pizza Hut,Pizza,1719,163,1556,Cash On Delivery,Delivered,Deepak Singh,30,3.1,Hyderabad,2024-12-11 06:47:00,2.0
customer_0018,5782,Rohan Sharma,Mcdonald'S,Sandwich,1583,228,1355,Upi,Delivered,Ankit Tiwari,47,3.9,Delhi,2024-02-15 18:24:00,4.9
customer_0018,5968,Sanya Kapoor,Mcdonald'S,Dosa,156,32,124,Upi,Delivered,Ankit Tiwari,20,2.3,Kolkata,2024-12-24 08:12:00,4.1
customer_0018,6038,Priya Verma,Mcdonald'S,Biryani,1955,79,1876,Upi,Delivered,Sahil Khan,16,1.2,Delhi,2024-11-16 03:23:00,3.0
customer_0018,6210,Arjun Mehta,Domino'S,Pizza,610,69,541,Card,Delivered,Rajesh Verma,56,4.3,Chennai,2024-01-08 13:49:00,2.3
customer_0018,6392,Priya Verma,Mcdonald'S,Pizza,1663,70,1593,Upi,Delivered,Ravi Kumar,51,1.9,Hyderabad,2024-02-22 22:32:00,2.2
customer_0018,7162,Sanya Kapoor,Domino'S,Pizza,1312,472,840,Upi,Delivered,Ankit Tiwari,14,4.7,Pune,2024-07-03 06:35:00,3.0
customer_0018,7266,Sanya Kapoor,Kfc,Dosa,1623,646,977,Upi,Delivered,Sahil Khan,24,1.7,Mumbai,2024-10-25 03:42:00,4.6
customer_0018,7473,Vikas Yadav,Pizza Hut,Pizza,177,31,146,Upi,Delivered,Rajesh Verma,52,2.9,Mumbai,2024-02-15 12:25:00,4.0
customer_0018,7839,Vikas Yadav,Domino'S,Sandwich,732,243,489,Card,Delivered,Sahil Khan,16,4.6,Hyderabad,2024-03-01 02:54:00,4.1
customer_0018,7878,Rohan Sharma,Domino'S,Biryani,1185,3,1182,Upi,Delivered,Deepak Singh,60,3.5,Kolkata,2024-07-07 01:02:00,1.0
customer_0018,7979,Vikas Yadav,Kfc,Dosa,915,330,585,Upi,Delivered,Deepak Singh,27,4.9,Hyderabad,2024-02-03 22:50:00,4.9
customer_0018,8021,Priya Verma,Burger King,Sandwich,1181,582,599,Card,Delivered,Rajesh Verma,60,3.7,Mumbai,2024-07-13 16:04:00,1.4
customer_0018,8126,Rohan Sharma,Pizza Hut,Pasta,601,206,395,Upi,Delivered,Ravi Kumar,55,1.4,Hyderabad,2024-09-22 17:47:00,1.1
customer_0018,8229,Priya Verma,Burger King,Pizza,1894,874,1020,Upi,Delivered,Ankit Tiwari,37,1.7,Bangalore,2024-11-24 14:22:00,4.8
customer_0018,9206,Sanya Kapoor,Domino'S,Burger,571,143,428,Cash On Delivery,Delivered,Ravi Kumar,29,2.8,Mumbai,2024-02-09 21:06:00,4.0
customer_0018,9422,Priya Verma,Subway,Biryani,759,238,521,Upi,Delivered,Ankit Tiwari,13,2.4,Mumbai,2024-03-26 10:37:00,1.2
customer_0018,9635,Priya Verma,Kfc,Biryani,366,11,355,Upi,Delivered,Ankit Tiwari,10,3.4,Pune,2024-12-09 19:17:00,4.8
customer_0018,9705,Priya Verma,Domino'S,Pizza,1259,459,800,Card,Delivered,Deepak Singh,15,4.1,Bangalore,2024-07-21 16:23:00,1.6
customer_0019,161,Sanya Kapoor,Subway,Dosa,713,324,389,Cash On Delivery,Delivered,Deepak Singh,57,3.8,Pune,2024-02-11 01:00:00,4.1
customer_0019,278,Vikas Yadav,Burger King,Sandwich,429,97,332,Cash On Delivery,Delivered,Rajesh Verma,22,4.9,Pune,2024-08-20 01:00:00,4.5
customer_0019,391,Sanya Kapoor,Burger King,Burger,318,134,184,Card,Delivered,Rajesh Verma,10,3.2,Mumbai,2024-04-18 01:13:00,1.7
customer_0019,978,Rohan Sharma,Mcdonald'S,Chicken Wings,388,127,261,Upi,Delivered,Deepak Singh,24,1.3,Kolkata,2024-01-07 06:36:00,3.9
customer_0019,1034,Arjun Mehta,Pizza Hut,Burger,235,0,235,Cash On Delivery,Delivered,Ankit Tiwari,35,4.8,Kolkata,2024-11-08 21:15:00,3.4
customer_0019,1043,Sanya Kapoor,Domino'S,Sandwich,1166,317,849,Cash On Delivery,Delivered,Sahil Khan,54,2.4,Bangalore,2024-10-14 21:55:00,4.0
customer_0019,1267,Priya Verma,Pizza Hut,Burger,134,48,86,Card,Delivered,Sahil Khan,43,1.5,Bangalore,2024-01-23 22:22:00,1.4
customer_0019,1441,Rohan Sharma,Mcdonald'S,Burger,1935,151,1784,Cash On Delivery,Delivered,Ankit Tiwari,50,4.9,Delhi,2024-08-26 03:50:00,3.9
customer_0019,1460,Sanya Kapoor,Burger King,Biryani,837,156,681,Upi,Delivered,Deepak Singh,45,5.0,Pune,2024-08-07 19:05:00,3.1
customer_0019,2580,Priya Verma,Domino'S,Biryani,1475,93,1382,Card,Delivered,Deepak Singh,36,4.9,Kolkata,2024-05-05 01:13:00,1.9
customer_0019,2802,Rohan Sharma,Domino'S,Burger,1582,387,1195,Cash On Delivery,Delivered,Rajesh Verma,31,3.3,Hyderabad,2024-03-19 04:18:00,4.4
customer_0019,2816,Vikas Yadav,Subway,Burger,849,17,832,Card,Delivered,Sahil Khan,55,3.2,Delhi,2024-04-24 06:00:00,1.6
customer_0019,3075,Rohan Sharma,Mcdonald'S,Burger,1238,254,984,Cash On Delivery,Delivered,Deepak Singh,24,2.8,Kolkata,2024-12-24 16:04:00,3.2
customer_0019,3180,Rohan Sharma,Burger King,Pizza,1845,51,1794,Upi,Delivered,Deepak Singh,13,1.7,Delhi,2024-05-05 16:04:00,2.8
customer_0019,3348,Priya Verma,Burger King,Burger,1700,399,1301,Card,Delivered,Ravi Kumar,33,4.3,Chennai,2024-12-21 08:17:00,4.9
customer_0019,3397,Rohan Sharma,Mcdonald'S,Pizza,1055,518,537,Upi,Delivered,Sahil Khan,40,3.0,Kolkata,2024-02-24 07:26:00,3.4
customer_0019,3502,Sanya Kapoor,Kfc,Chicken Wings,1714,48,1666,Cash On Delivery,Delivered,Ankit Tiwari,31,5.0,Hyderabad,2024-04-10 05:15:00,3.7
customer_0019,3582,Rohan Sharma,Burger King,Pasta,1177,172,1005,Cash On Delivery,Delivered,Ankit Tiwari,44,4.4,Chennai,2024-09-28 10:20:00,3.4
customer_0019,3759,Arjun Mehta,Pizza Hut,Burger,997,239,758,Upi,Delivered,Ankit Tiwari,27,2.9,Kolkata,2024-12-26 09:26:00,3.9
customer_0019,3831,Sanya Kapoor,Burger King,Dosa,456,183,273,Cash On Delivery,Delivered,Rajesh Verma,16,4.2,Pune,2024-06-06 11:21:00,4.5
customer_0019,3893,Priya Verma,Domino'S,Sandwich,1774,154,1620,Upi,Delivered,Ankit Tiwari,32,1.8,Bangalore,2024-09-14 08:59:00,1.2
customer_0019,3991,Rohan Sharma,Pizza Hut,Pizza,1043,148,895,Upi,Delivered,Deepak Singh,10,2.7,Mumbai,2024-11-14 13:24:00,3.3
customer_0019,4149,Arjun Mehta,Subway,Dosa,595,147,448,Cash On Delivery,Delivered,Rajesh Verma,41,2.3,Pune,2024-03-24 17:03:00,4.2
customer_0019,4227,Arjun Mehta,Burger King,Pizza,1181,237,944,Upi,Delivered,Sahil Khan,36,2.2,Chennai,2024-05-06 15:20:00,4.5
customer_0019,4648,Vikas Yadav,Kfc,Sandwich,112,20,92,Upi,Delivered,Sahil Khan,26,2.7,Bangalore,2024-01-08 15:33:00,3.9
customer_0019,4674,Sanya Kapoor,Mcdonald'S,Chicken Wings,395,47,348,Cash On Delivery,Delivered,Rajesh Verma,23,4.0,Chennai,2024-03-22 15:27:00,3.8
customer_0019,4987,Rohan Sharma,Burger King,Dosa,726,171,555,Card,Delivered,Ankit Tiwari,17,3.4,Chennai,2024-05-28 14:20:00,2.3
customer_0019,5057,Sanya Kapoor,Subway,Burger,1882,220,1662,Cash On Delivery,Delivered,Deepak Singh,59,1.7,Chennai,2024-12-14 07:49:00,4.9
customer_0019,5130,Rohan Sharma,Kfc,Burger,545,127,418,Upi,Delivered,Ravi Kumar,58,4.7,Hyderabad,2024-11-09 16:46:00,1.7
customer_0019,5261,Rohan Sharma,Burger King,Burger,1139,139,1000,Upi,Delivered,Sahil Khan,52,4.7,Pune,2024-12-11 17:20:00,3.1
customer_0019,5365,Arjun Mehta,Domino'S,Pasta,1922,90,1832,Upi,Delivered,Ankit Tiwari,56,1.2,Chennai,2024-12-13 20:59:00,2.4
customer_0019,5399,Vikas Yadav,Burger King,Chicken Wings,517,16,501,Upi,Delivered,Deepak Singh,21,3.5,Delhi,2024-03-09 02:30:00,2.3
customer_0019,5994,Vikas Yadav,Domino'S,Burger,1327,622,705,Cash On Delivery,Delivered,Deepak Singh,20,2.1,Bangalore,2024-11-10 04:22:00,4.3
customer_0019,6239,Arjun Mehta,Kfc,Chicken Wings,271,12,259,Upi,Delivered,Ankit Tiwari,41,1.3,Pune,2024-08-27 21:06:00,3.1
customer_0019,6523,Priya Verma,Subway,Sandwich,1210,505,705,Upi,Delivered,Ankit Tiwari,59,1.7,Mumbai,2024-04-25 10:33:00,1.3
customer_0019,6661,Vikas Yadav,Burger King,Pasta,579,193,386,Upi,Delivered,Rajesh Verma,33,1.1,Pune,2024-08-24 21:43:00,1.2
customer_0019,6708,Arjun Mehta,Kfc,Pasta,799,174,625,Upi,Delivered,Deepak Singh,29,3.0,Mumbai,2024-08-21 08:42:00,2.9
customer_0019,6865,Vikas Yadav,Subway,Sandwich,1940,41,1899,Card,Delivered,Rajesh Verma,34,1.5,Bangalore,2024-12-20 15:14:00,1.4
customer_0019,6994,Priya Verma,Domino'S,Pasta,1665,222,1443,Upi,Delivered,Ankit Tiwari,11,3.4,Kolkata,2024-04-15 00:02:00,2.9
customer_0019,7068,Arjun Mehta,Domino'S,Sandwich,1630,665,965,Card,Delivered,Ravi Kumar,21,3.9,Delhi,2024-04-23 02:30:00,2.0
customer_0019,7562,Sanya Kapoor,Subway,Pasta,1804,120,1684,Cash On Delivery,Delivered,Deepak Singh,26,4.0,Pune,2024-06-13 17:13:00,1.1
customer_0019,8546,Priya Verma,Mcdonald'S,Pasta,701,332,369,Cash On Delivery,Delivered,Sahil Khan,48,4.3,Bangalore,2024-11-14 11:40:00,2.1
customer_0019,8756,Sanya Kapoor,Subway,Pasta,640,74,566,Cash On Delivery,Delivered,Rajesh Verma,35,1.7,Delhi,2024-07-28 10:09:00,4.7
customer_0019,9458,Sanya Kapoor,Burger King,Biryani,1949,399,1550,Card,Delivered,Sahil Khan,54,2.7,Delhi,2024-11-16 05:37:00,3.6
customer_0019,9670,Rohan Sharma,Mcdonald'S,Chicken Wings,350,91,259,Upi,Delivered,Ravi Kumar,51,4.7,Mumbai,2024-11-01 11:39:00,4.4
customer_0019,10239,Priya Verma,Kfc,Chicken Wings,770,94,676,Upi,Delivered,Deepak Singh,45,3.6,Hyderabad,2024-09-15 05:43:00,4.1
customer_0019,10288,Sanya Kapoor,Burger King,Burger,787,265,522,Cash On Delivery,Delivered,Ankit Tiwari,32,2.8,Mumbai,2024-03-16 18:30:00,1.4
customer_0020,21,Sanya Kapoor,Domino'S,Burger,1620,302,1318,Card,Delivered,Ankit Tiwari,60,3.8,Kolkata,2024-09-23 23:28:00,1.8
customer_0020,138,Rohan Sharma,Kfc,Pasta,1736,435,1301,Card,Delivered,Ankit Tiwari,10,4.6,Hyderabad,2024-06-02 11:49:00,3.8
customer_0020,428,Rohan Sharma,Mcdonald'S,Chicken Wings,1945,876,1069,Card,Delivered,Ravi Kumar,60,1.6,Chennai,2024-03-11 20:22:00,1.2
customer_0020,573,Vikas Yadav,Subway,Pizza,926,289,637,Card,Delivered,Deepak Singh,55,2.0,Delhi,2024-04-01 15:19:00,2.2
customer_0020,652,Arjun Mehta,Burger King,Pasta,1848,598,1250,Card,Delivered,Ankit Tiwari,23,1.8,Pune,2024-08-01 12:01:00,2.6
customer_0020,744,Priya Verma,Domino'S,Pasta,1024,157,867,Upi,Delivered,Ankit Tiwari,48,2.4,Mumbai,2024-06-04 23:31:00,1.3
customer_0020,883,Vikas Yadav,Subway,Pasta,1980,335,1645,Cash On Delivery,Delivered,Ravi Kumar,35,3.6,Delhi,2024-04-20 20:44:00,1.6
customer_0020,933,Vikas Yadav,Burger King,Pasta,414,159,255,Card,Delivered,Rajesh Verma,38,2.1,Mumbai,2024-03-12 05:46:00,3.6
customer_0020,1143,Arjun Mehta,Pizza Hut,Chicken Wings,1990,801,1189,Upi,Delivered,Ankit Tiwari,22,2.5,Mumbai,2024-07-07 01:48:00,2.6
customer_0020,1786,Priya Verma,Kfc,Dosa,1968,53,1915,Upi,Delivered,Ravi Kumar,19,4.6,Hyderabad,2024-04-13 14:40:00,2.7
customer_0020,1815,Priya Verma,Domino'S,Sandwich,1361,629,732,Cash On Delivery,Delivered,Deepak Singh,54,1.6,Chennai,2024-10-22 03:32:00,2.5
customer_0020,1917,Rohan Sharma,Kfc,Pasta,181,9,172,Cash On Delivery,Delivered,Rajesh Verma,53,4.9,Kolkata,2024-04-23 18:50:00,1.0
customer_0020,2049,Priya Verma,Kfc,Biryani,397,188,209,Cash On Delivery,Delivered,Sahil Khan,45,3.2,Kolkata,2024-11-06 17:42:00,2.2
customer_0020,2332,Rohan Sharma,Subway,Pizza,1279,119,1160,Card,Delivered,Ravi Kumar,34,2.4,Delhi,2024-03-10 21:31:00,1.3
customer_0020,2380,Rohan Sharma,Burger King,Biryani,1332,195,1137,Card,Delivered,Deepak Singh,17,2.0,Hyderabad,2024-10-20 10:29:00,3.0
customer_0020,2658,Arjun Mehta,Pizza Hut,Biryani,326,160,166,Card,Delivered,Deepak Singh,44,2.7,Delhi,2024-05-07 12:55:00,1.4
customer_0020,2702,Arjun Mehta,Mcdonald'S,Chicken Wings,166,67,99,Cash On Delivery,Delivered,Deepak Singh,40,4.1,Bangalore,2024-04-07 08:06:00,2.4
customer_0020,3402,Vikas Yadav,Kfc,Pizza,1952,853,1099,Card,Delivered,Sahil Khan,22,4.2,Kolkata,2024-11-12 20:44:00,2.3
customer_0020,4423,Priya Verma,Burger King,Chicken Wings,791,216,575,Cash On Delivery,Delivered,Ravi Kumar,59,3.6,Pune,2024-06-11 05:52:00,3.8
customer_0020,4533,Arjun Mehta,Domino'S,Biryani,1299,185,1114,Cash On Delivery,Delivered,Deepak Singh,46,4.9,Kolkata,2024-02-24 18:41:00,3.8
customer_0020,4634,Priya Verma,Domino'S,Dosa,112,56,56,Cash On Delivery,Delivered,Rajesh Verma,31,1.8,Pune,2024-04-28 17:21:00,4.6
customer_0020,4722,Vikas Yadav,Burger King,Burger,1232,307,925,Upi,Delivered,Rajesh Verma,15,2.5,Mumbai,2024-10-17 20:47:00,3.5
customer_0020,4878,Arjun Mehta,Domino'S,Chicken Wings,1889,800,1089,Cash On Delivery,Delivered,Deepak Singh,14,2.6,Mumbai,2024-11-20 07:43:00,4.6
customer_0020,4952,Vikas Yadav,Mcdonald'S,Pasta,1970,255,1715,Card,Delivered,Deepak Singh,23,3.3,Kolkata,2024-05-22 00:25:00,3.8
customer_0020,5361,Vikas Yadav,Subway,Sandwich,1619,753,866,Cash On Delivery,Delivered,Deepak Singh,32,1.7,Kolkata,2024-07-21 22:52:00,1.6
customer_0020,5404,Priya Verma,Subway,Sandwich,1780,282,1498,Card,Delivered,Rajesh Verma,31,1.6,Pune,2024-04-04 03:58:00,4.9
customer_0020,5969,Rohan Sharma,Pizza Hut,Burger,727,145,582,Upi,Delivered,Ravi Kumar,29,2.5,Bangalore,2024-07-26 16:47:00,3.5
customer_0020,6358,Rohan Sharma,Mcdonald'S,Pasta,1039,358,681,Upi,Delivered,Rajesh Verma,49,1.6,Bangalore,2024-04-01 05:26:00,3.3
customer_0020,6629,Sanya Kapoor,Mcdonald'S,Sandwich,1059,313,746,Cash On Delivery,Delivered,Deepak Singh,23,4.1,Mumbai,2024-03-15 03:37:00,2.9
customer_0020,6638,Arjun Mehta,Subway,Chicken Wings,1012,487,525,Cash On Delivery,Delivered,Deepak Singh,43,2.9,Delhi,2024-11-12 19:40:00,3.9
customer_0020,6847,Sanya Kapoor,Burger King,Burger,1340,607,733,Cash On Delivery,Delivered,Rajesh Verma,15,1.3,Delhi,2024-05-05 05:39:00,3.5
customer_0020,7114,Rohan Sharma,Domino'S,Burger,1814,31,1783,Cash On Delivery,Delivered,Ravi Kumar,20,4.4,Bangalore,2024-05-10 21:46:00,3.3
customer_0020,7468,Arjun Mehta,Mcdonald'S,Pizza,767,151,616,Cash On Delivery,Delivered,Rajesh Verma,20,2.4,Chennai,2024-12-12 19:31:00,4.2
customer_0020,7606,Arjun Mehta,Domino'S,Pizza,1431,550,881,Card,Delivered,Ravi Kumar,51,3.0,Bangalore,2024-12-20 08:35:00,2.8
customer_0020,7626,Rohan Sharma,Pizza Hut,Dosa,288,81,207,Upi,Delivered,Deepak Singh,16,2.6,Hyderabad,2024-08-16 04:45:00,3.8
customer_0020,7720,Priya Verma,Burger King,Burger,1626,739,887,Upi,Delivered,Deepak Singh,15,1.3,Delhi,2024-01-28 06:41:00,1.3
customer_0020,8412,Sanya Kapoor,Kfc,Pizza,1086,213,873,Cash On Delivery,Delivered,Deepak Singh,60,2.9,Chennai,2024-10-18 03:35:00,4.4
customer_0020,8502,Arjun Mehta,Burger King,Burger,1144,539,605,Upi,Delivered,Sahil Khan,43,1.7,Bangalore,2024-08-18 06:16:00,1.2
customer_0020,8572,Sanya Kapoor,Domino'S,Burger,1867,818,1049,Upi,Delivered,Ankit Tiwari,58,2.9,Bangalore,2024-07-03 05:15:00,3.4
customer_0020,8862,Rohan Sharma,Subway,Pizza,506,52,454,Upi,Delivered,Ankit Tiwari,48,1.9,Hyderabad,2024-12-04 14:46:00,2.8
customer_0020,8913,Sanya Kapoor,Subway,Pasta,554,8,546,Cash On Delivery,Delivered,Ankit Tiwari,27,1.8,Delhi,2024-11-25 23:38:00,2.7
customer_0020,9125,Vikas Yadav,Burger King,Chicken Wings,595,9,586,Card,Delivered,Deepak Singh,14,2.2,Mumbai,2024-07-27 18:50:00,3.7
customer_0020,9523,Vikas Yadav,Mcdonald'S,Burger,180,26,154,Cash On Delivery,Delivered,Ravi Kumar,56,2.8,Kolkata,2024-07-11 03:35:00,4.8
customer_0020,9796,Rohan Sharma,Domino'S,Chicken Wings,245,42,203,Upi,Delivered,Rajesh Verma,12,1.1,Delhi,2024-08-03 04:02:00,4.3
customer_0020,9815,Rohan Sharma,Domino'S,Pasta,1772,525,1247,Cash On Delivery,Delivered,Ravi Kumar,55,1.8,Chennai,2024-05-10 03:03:00,1.1
customer_0020,10111,Priya Verma,Domino'S,Pizza,1954,486,1468,Cash On Delivery,Delivered,Sahil Khan,47,2.2,Delhi,2024-05-23 01:57:00,2.5
customer_0020,10351,Priya Verma,Pizza Hut,Pizza,1669,415,1254,Card,Delivered,Deepak Singh,46,2.7,Chennai,2024-12-01 19:45:00,4.1
customer_0021,291,Rohan Sharma,Mcdonald'S,Chicken Wings,916,167,749,Cash On Delivery,Delivered,Ravi Kumar,38,4.8,Chennai,2024-11-22 03:38:00,3.6
customer_0021,303,Vikas Yadav,Pizza Hut,Pasta,1893,425,1468,Cash On Delivery,Delivered,Deepak Singh,37,1.6,Bangalore,2024-03-17 00:37:00,1.2
customer_0021,1039,Arjun Mehta,Pizza Hut,Biryani,1319,489,830,Card,Delivered,Ankit Tiwari,19,2.6,Hyderabad,2024-02-08 12:55:00,1.4
customer_0021,1211,Sanya Kapoor,Domino'S,Pasta,1606,708,898,Cash On Delivery,Delivered,Rajesh Verma,60,1.2,Bangalore,2024-01-12 00:18:00,3.7
customer_0021,1991,Vikas Yadav,Mcdonald'S,Dosa,549,133,416,Upi,Delivered,Rajesh Verma,16,2.1,Bangalore,2024-01-24 08:04:00,3.6
customer_0021,2115,Priya Verma,Domino'S,Dosa,779,337,442,Card,Delivered,Rajesh Verma,51,2.7,Chennai,2024-03-27 15:36:00,4.9
customer_0021,2393,Vikas Yadav,Domino'S,Pasta,608,296,312,Cash On Delivery,Delivered,Rajesh Verma,20,2.4,Hyderabad,2024-08-18 07:34:00,2.9
customer_0021,2395,Arjun Mehta,Pizza Hut,Sandwich,1311,100,1211,Cash On Delivery,Delivered,Rajesh Verma,30,4.7,Kolkata,2024-12-19 07:12:00,3.2
customer_0021,2582,Sanya Kapoor,Pizza Hut,Burger,546,45,501,Cash On Delivery,Delivered,Sahil Khan,34,4.6,Pune,2024-04-16 13:12:00,5.0
customer_0021,2623,Sanya Kapoor,Burger King,Chicken Wings,1553,580,973,Card,Delivered,Deepak Singh,36,3.4,Delhi,2024-01-27 08:01:00,4.2
customer_0021,3065,Priya Verma,Pizza Hut,Burger,510,22,488,Upi,Delivered,Deepak Singh,27,5.0,Delhi,2024-04-06 04:22:00,4.0
customer_0021,3448,Vikas Yadav,Domino'S,Pasta,594,8,586,Card,Delivered,Deepak Singh,12,4.1,Mumbai,2024-08-19 00:47:00,4.1
customer_0021,3620,Vikas Yadav,Burger King,Chicken Wings,772,317,455,Upi,Delivered,Rajesh Verma,20,2.3,Pune,2024-02-25 12:05:00,1.7
customer_0021,3909,Vikas Yadav,Domino'S,Dosa,1019,269,750,Card,Delivered,Ankit Tiwari,28,2.3,Bangalore,2024-01-26 22:55:00,4.2
customer_0021,4005,Arjun Mehta,Subway,Sandwich,1979,552,1427,Card,Delivered,Deepak Singh,37,1.8,Mumbai,2024-12-27 19:37:00,3.8
customer_0021,4052,Arjun Mehta,Mcdonald'S,Pizza,463,198,265,Card,Delivered,Deepak Singh,40,4.3,Kolkata,2024-06-18 02:26:00,3.6
customer_0021,4110,Priya Verma,Subway,Chicken Wings,1795,867,928,Card,Delivered,Deepak Singh,27,2.2,Delhi,2024-12-18 03:21:00,1.6
customer_0021,4218,Rohan Sharma,Domino'S,Burger,410,75,335,Card,Delivered,Ankit Tiwari,35,2.0,Hyderabad,2024-08-05 10:23:00,3.9
customer_0021,4275,Rohan Sharma,Burger King,Sandwich,1150,117,1033,Upi,Delivered,Ankit Tiwari,60,4.0,Bangalore,2024-10-20 20:56:00,4.9
customer_0021,4286,Sanya Kapoor,Kfc,Sandwich,1720,748,972,Cash On Delivery,Delivered,Sahil Khan,56,3.6,Delhi,2024-01-25 17:26:00,3.2
customer_0021,4372,Vikas Yadav,Domino'S,Dosa,1512,108,1404,Cash On Delivery,Delivered,Ravi Kumar,49,2.2,Bangalore,2024-12-21 03:15:00,2.6
customer_0021,4595,Priya Verma,Mcdonald'S,Dosa,720,272,448,Upi,Delivered,Rajesh Verma,47,3.3,Hyderabad,2024-02-18 09:01:00,2.2
customer_0021,4866,Rohan Sharma,Pizza Hut,Chicken Wings,1468,671,797,Card,Delivered,Deepak Singh,20,3.4,Delhi,2024-12-13 21:31:00,4.5
customer_0021,5096,Sanya Kapoor,Domino'S,Sandwich,1878,136,1742,Cash On Delivery,Delivered,Sahil Khan,10,4.6,Mumbai,2024-04-15 02:37:00,3.0
customer_0021,5137,Rohan Sharma,Burger King,Pizza,1632,105,1527,Card,Delivered,Deepak Singh,34,2.9,Kolkata,2024-03-23 06:37:00,3.2
customer_0021,5238,Priya Verma,Pizza Hut,Sandwich,461,227,234,Cash On Delivery,Delivered,Ankit Tiwari,27,4.5,Mumbai,2024-10-01 10:39:00,3.8
customer_0021,5734,Vikas Yadav,Subway,Pasta,1908,121,1787,Card,Delivered,Ravi Kumar,32,1.0,Bangalore,2024-05-17 15:45:00,2.4
customer_0021,5899,Sanya Kapoor,Mcdonald'S,Sandwich,1631,697,934,Card,Delivered,Deepak Singh,45,4.7,Bangalore,2024-02-11 11:40:00,2.7
customer_0021,6120,Arjun Mehta,Subway,Chicken Wings,1498,43,1455,Upi,Delivered,Deepak Singh,57,3.8,Hyderabad,2024-08-07 16:51:00,2.2
customer_0021,6620,Priya Verma,Kfc,Chicken Wings,774,274,500,Upi,Delivered,Deepak Singh,38,3.5,Bangalore,2024-05-03 05:03:00,1.5
customer_0021,6690,Sanya Kapoor,Domino'S,Sandwich,299,97,202,Cash On Delivery,Delivered,Rajesh Verma,29,4.6,Chennai,2024-11-26 02:18:00,4.8
customer_0021,7270,Vikas Yadav,Mcdonald'S,Burger,1719,802,917,Card,Delivered,Rajesh Verma,32,2.6,Pune,2024-09-02 14:02:00,2.0
customer_0021,7947,Arjun Mehta,Domino'S,Burger,1289,339,950,Cash On Delivery,Delivered,Rajesh Verma,36,1.0,Mumbai,2024-03-08 03:05:00,2.5
customer_0021,7955,Priya Verma,Pizza Hut,Chicken Wings,1059,58,1001,Cash On Delivery,Delivered,Ankit Tiwari,27,3.9,Hyderabad,2024-05-14 17:15:00,3.0
customer_0021,8101,Arjun Mehta,Subway,Pasta,1449,7,1442,Upi,Delivered,Ravi Kumar,40,3.3,Hyderabad,2024-10-06 17:06:00,1.8
customer_0021,8886,Rohan Sharma,Kfc,Chicken Wings,231,100,131,Cash On Delivery,Delivered,Deepak Singh,32,4.8,Kolkata,2024-10-27 11:34:00,1.7
customer_0021,9230,Sanya Kapoor,Burger King,Dosa,105,26,79,Cash On Delivery,Delivered,Deepak Singh,16,3.4,Mumbai,2024-01-23 03:14:00,1.1
customer_0021,9255,Priya Verma,Pizza Hut,Dosa,1098,82,1016,Cash On Delivery,Delivered,Rajesh Verma,19,1.6,Kolkata,2024-06-16 12:22:00,2.7
customer_0021,9289,Sanya Kapoor,Kfc,Pasta,1990,52,1938,Cash On Delivery,Delivered,Deepak Singh,59,1.6,Chennai,2024-03-02 15:52:00,4.1
customer_0021,9402,Vikas Yadav,Pizza Hut,Pasta,1245,461,784,Card,Delivered,Sahil Khan,22,3.0,Delhi,2024-01-03 00:14:00,2.7
customer_0021,9644,Arjun Mehta,Burger King,Chicken Wings,743,308,435,Upi,Delivered,Ravi Kumar,38,2.0,Hyderabad,2024-05-16 09:40:00,4.4
customer_0021,9651,Arjun Mehta,Mcdonald'S,Dosa,710,41,669,Cash On Delivery,Delivered,Rajesh Verma,58,3.7,Hyderabad,2024-10-28 23:51:00,2.2
customer_0021,9677,Sanya Kapoor,Subway,Sandwich,1020,74,946,Card,Delivered,Deepak Singh,10,1.6,Kolkata,2024-05-01 23:13:00,3.9
customer_0021,9856,Rohan Sharma,Kfc,Sandwich,1381,579,802,Cash On Delivery,Delivered,Sahil Khan,17,4.3,Delhi,2024-10-22 14:05:00,1.1
customer_0021,10352,Arjun Mehta,Domino'S,Dosa,1882,137,1745,Cash On Delivery,Delivered,Rajesh Verma,12,1.7,Mumbai,2024-04-09 10:00:00,1.9
customer_0022,103,Vikas Yadav,Pizza Hut,Pasta,478,111,367,Card,Delivered,Deepak Singh,58,5.0,Mumbai,2024-11-08 19:04:00,3.0
customer_0022,215,Arjun Mehta,Subway,Biryani,1821,682,1139,Card,Delivered,Ravi Kumar,34,2.2,Pune,2024-07-22 21:28:00,2.2
customer_0022,341,Rohan Sharma,Mcdonald'S,Dosa,497,147,350,Card,Delivered,Sahil Khan,49,1.1,Mumbai,2024-07-23 20:11:00,4.8
customer_0022,358,Priya Verma,Mcdonald'S,Dosa,353,97,256,Card,Delivered,Rajesh Verma,50,2.0,Bangalore,2024-04-11 14:28:00,4.9
customer_0022,628,Vikas Yadav,Subway,Chicken Wings,1277,470,807,Upi,Delivered,Deepak Singh,56,3.3,Chennai,2024-02-22 17:23:00,1.6
customer_0022,808,Rohan Sharma,Subway,Pizza,1945,95,1850,Card,Delivered,Ankit Tiwari,17,2.1,Bangalore,2024-06-05 06:01:00,2.4
customer_0022,880,Sanya Kapoor,Mcdonald'S,Pizza,781,125,656,Upi,Delivered,Deepak Singh,28,1.7,Chennai,2024-11-08 00:26:00,1.2
customer_0022,959,Arjun Mehta,Mcdonald'S,Dosa,1832,570,1262,Card,Delivered,Deepak Singh,27,3.4,Pune,2024-09-28 23:34:00,2.7
customer_0022,990,Priya Verma,Domino'S,Pizza,681,236,445,Cash On Delivery,Delivered,Ankit Tiwari,35,2.8,Hyderabad,2024-07-05 19:49:00,4.7
customer_0022,1221,Priya Verma,Burger King,Sandwich,1382,175,1207,Cash On Delivery,Delivered,Rajesh Verma,29,4.1,Mumbai,2024-02-20 10:58:00,4.8
customer_0022,1419,Rohan Sharma,Domino'S,Chicken Wings,1731,74,1657,Card,Delivered,Ravi Kumar,56,1.2,Mumbai,2024-12-17 14:09:00,1.1
customer_0022,1691,Sanya Kapoor,Kfc,Biryani,1032,504,528,Upi,Delivered,Deepak Singh,42,2.3,Chennai,2024-01-15 23:32:00,4.8
customer_0022,1863,Vikas Yadav,Pizza Hut,Chicken Wings,420,137,283,Cash On Delivery,Delivered,Ankit Tiwari,37,3.9,Kolkata,2024-01-26 00:40:00,2.8
customer_0022,2588,Rohan Sharma,Pizza Hut,Pasta,735,199,536,Upi,Delivered,Ankit Tiwari,27,4.4,Mumbai,2024-07-07 18:28:00,4.0
customer_0022,2674,Rohan Sharma,Pizza Hut,Dosa,1889,141,1748,Card,Delivered,Deepak Singh,19,3.7,Kolkata,2024-06-15 14:34:00,2.8
customer_0022,2756,Arjun Mehta,Subway,Sandwich,670,334,336,Card,Delivered,Ravi Kumar,60,1.6,Chennai,2024-07-23 00:01:00,2.6
customer_0022,2761,Sanya Kapoor,Pizza Hut,Dosa,884,203,681,Cash On Delivery,Delivered,Ankit Tiwari,56,1.4,Pune,2024-10-17 08:33:00,3.8
customer_0022,3239,Rohan Sharma,Kfc,Biryani,787,20,767,Upi,Delivered,Sahil Khan,32,3.2,Delhi,2024-09-10 04:37:00,2.3
customer_0022,3243,Priya Verma,Domino'S,Sandwich,372,48,324,Upi,Delivered,Rajesh Verma,32,1.6,Delhi,2024-04-20 22:33:00,2.6
customer_0022,4014,Sanya Kapoor,Mcdonald'S,Pizza,302,84,218,Card,Delivered,Ankit Tiwari,10,2.7,Chennai,2024-02-07 21:17:00,2.7
customer_0022,4116,Priya Verma,Domino'S,Chicken Wings,1498,535,963,Card,Delivered,Ankit Tiwari,13,3.2,Pune,2024-07-24 01:58:00,2.3
customer_0022,4508,Arjun Mehta,Mcdonald'S,Biryani,1417,267,1150,Upi,Delivered,Rajesh Verma,38,2.1,Pune,2024-08-16 19:32:00,2.2
customer_0022,4838,Rohan Sharma,Kfc,Pizza,1962,538,1424,Upi,Delivered,Ankit Tiwari,29,1.7,Chennai,2024-02-08 01:01:00,2.2
customer_0022,5242,Sanya Kapoor,Domino'S,Sandwich,1067,357,710,Upi,Delivered,Ravi Kumar,16,2.7,Bangalore,2024-07-23 11:48:00,3.6
customer_0022,5388,Rohan Sharma,Domino'S,Pizza,592,201,391,Card,Delivered,Ankit Tiwari,51,4.1,Pune,2024-04-04 21:43:00,4.7
customer_0022,5398,Sanya Kapoor,Subway,Pasta,1691,416,1275,Cash On Delivery,Delivered,Ankit Tiwari,34,1.4,Mumbai,2024-10-09 19:01:00,4.2
customer_0022,5547,Arjun Mehta,Mcdonald'S,Chicken Wings,1003,75,928,Cash On Delivery,Delivered,Deepak Singh,14,4.5,Hyderabad,2024-03-09 22:09:00,2.1
customer_0022,5587,Sanya Kapoor,Mcdonald'S,Pasta,1647,313,1334,Upi,Delivered,Ravi Kumar,23,2.0,Pune,2024-12-17 15:02:00,1.5
customer_0022,5831,Priya Verma,Subway,Pizza,698,31,667,Card,Delivered,Rajesh Verma,15,3.5,Kolkata,2024-02-17 20:40:00,1.7
customer_0022,5909,Sanya Kapoor,Burger King,Dosa,1134,408,726,Card,Delivered,Rajesh Verma,33,2.5,Hyderabad,2024-09-10 00:38:00,3.4
customer_0022,6031,Vikas Yadav,Domino'S,Sandwich,872,203,669,Upi,Delivered,Ravi Kumar,49,4.3,Kolkata,2024-03-14 23:13:00,1.1
customer_0022,6056,Rohan Sharma,Pizza Hut,Chicken Wings,1664,598,1066,Card,Delivered,Ravi Kumar,22,1.5,Hyderabad,2024-09-20 23:37:00,1.3
customer_0022,6072,Arjun Mehta,Burger King,Pasta,1289,199,1090,Card,Delivered,Rajesh Verma,44,2.9,Hyderabad,2024-05-09 09:59:00,1.5
customer_0022,6097,Priya Verma,Subway,Dosa,978,157,821,Cash On Delivery,Delivered,Rajesh Verma,27,3.3,Kolkata,2024-12-01 02:33:00,4.9
customer_0022,6362,Priya Verma,Pizza Hut,Pizza,1535,200,1335,Card,Delivered,Ankit Tiwari,36,2.1,Hyderabad,2024-09-08 07:15:00,2.5
customer_0022,6775,Sanya Kapoor,Mcdonald'S,Biryani,608,211,397,Cash On Delivery,Delivered,Sahil Khan,28,1.5,Mumbai,2024-03-13 03:41:00,1.7
customer_0022,6893,Sanya Kapoor,Pizza Hut,Pasta,656,235,421,Card,Delivered,Ankit Tiwari,18,1.3,Hyderabad,2024-03-07 18:44:00,1.5
customer_0022,7075,Vikas Yadav,Kfc,Biryani,318,94,224,Cash On Delivery,Delivered,Deepak Singh,34,3.4,Bangalore,2024-01-13 01:01:00,2.4
customer_0022,7116,Rohan Sharma,Burger King,Pizza,1781,253,1528,Cash On Delivery,Delivered,Ravi Kumar,21,4.7,Bangalore,2024-12-27 20:00:00,1.6
customer_0022,7596,Vikas Yadav,Mcdonald'S,Chicken Wings,1070,192,878,Cash On Delivery,Delivered,Rajesh Verma,14,2.0,Mumbai,2024-03-26 11:59:00,2.0
customer_0022,7864,Sanya Kapoor,Mcdonald'S,Pasta,1445,17,1428,Cash On Delivery,Delivered,Ravi Kumar,51,2.0,Hyderabad,2024-02-08 23:04:00,2.0
customer_0022,7914,Vikas Yadav,Pizza Hut,Sandwich,1427,443,984,Card,Delivered,Sahil Khan,11,1.8,Chennai,2024-11-02 07:55:00,3.5
customer_0022,8079,Sanya Kapoor,Pizza Hut,Biryani,1461,302,1159,Card,Delivered,Ravi Kumar,46,2.4,Delhi,2024-06-15 04:35:00,4.4
customer_0022,8171,Rohan Sharma,Burger King,Pasta,1804,557,1247,Card,Delivered,Ravi Kumar,35,2.9,Hyderabad,2024-04-16 15:31:00,1.9
customer_0022,8347,Sanya Kapoor,Burger King,Sandwich,1517,24,1493,Card,Delivered,Rajesh Verma,31,2.7,Delhi,2024-04-22 05:20:00,3.0
customer_0022,8361,Priya Verma,Mcdonald'S,Dosa,1321,89,1232,Cash On Delivery,Delivered,Deepak Singh,22,4.0,Hyderabad,2024-01-18 03:02:00,2.6
customer_0022,8691,Priya Verma,Domino'S,Biryani,1386,430,956,Upi,Delivered,Ravi Kumar,35,3.7,Kolkata,2024-08-04 01:00:00,1.8
customer_0022,8734,Sanya Kapoor,Kfc,Burger,1244,67,1177,Upi,Delivered,Deepak Singh,26,4.2,Mumbai,2024-02-16 23:58:00,1.7
customer_0022,8925,Rohan Sharma,Burger King,Chicken Wings,293,37,256,Cash On Delivery,Delivered,Sahil Khan,30,4.0,Chennai,2024-03-22 17:16:00,1.1
customer_0022,9087,Rohan Sharma,Mcdonald'S,Chicken Wings,1549,427,1122,Cash On Delivery,Delivered,Rajesh Verma,53,2.6,Chennai,2024-12-15 07:52:00,3.1
customer_0022,9378,Priya Verma,Pizza Hut,Pasta,1819,383,1436,Card,Delivered,Deepak Singh,36,4.0,Chennai,2024-02-18 10:05:00,2.6
customer_0022,9454,Sanya Kapoor,Kfc,Pasta,1108,63,1045,Upi,Delivered,Ravi Kumar,16,3.6,Kolkata,2024-01-10 01:39:00,2.0
customer_0022,9505,Rohan Sharma,Subway,Biryani,1466,129,1337,Card,Delivered,Ravi Kumar,24,4.5,Pune,2024-06-16 12:19:00,1.4
customer_0022,9555,Rohan Sharma,Domino'S,Pizza,1621,121,1500,Cash On Delivery,Delivered,Sahil Khan,40,3.0,Kolkata,2024-05-25 01:44:00,2.2
customer_0022,10211,Sanya Kapoor,Mcdonald'S,Pizza,1364,33,1331,Cash On Delivery,Delivered,Deepak Singh,31,2.1,Mumbai,2024-05-04 11:34:00,2.7
customer_0022,10405,Sanya Kapoor,Domino'S,Pasta,1355,87,1268,Upi,Delivered,Deepak Singh,47,4.7,Chennai,2024-11-08 19:50:00,3.1
customer_0023,4,Rohan Sharma,Burger King,Dosa,1723,14,1709,Card,Delivered,Sahil Khan,35,3.6,Hyderabad,2024-04-11 03:25:00,4.1
customer_0023,59,Arjun Mehta,Subway,Dosa,1346,274,1072,Upi,Delivered,Rajesh Verma,27,3.5,Kolkata,2024-11-11 13:16:00,3.4
customer_0023,108,Arjun Mehta,Pizza Hut,Sandwich,1996,439,1557,Cash On Delivery,Delivered,Deepak Singh,22,1.2,Chennai,2024-07-24 02:35:00,4.5
customer_0023,271,Vikas Yadav,Burger King,Biryani,802,159,643,Cash On Delivery,Delivered,Rajesh Verma,44,2.1,Bangalore,2024-05-12 18:16:00,2.7
customer_0023,382,Arjun Mehta,Domino'S,Dosa,397,177,220,Upi,Delivered,Ravi Kumar,38,3.3,Kolkata,2024-01-18 09:16:00,2.3
customer_0023,982,Rohan Sharma,Domino'S,Chicken Wings,409,107,302,Card,Delivered,Sahil Khan,33,1.5,Kolkata,2024-08-16 17:47:00,4.4
customer_0023,1209,Priya Verma,Burger King,Biryani,1347,334,1013,Cash On Delivery,Delivered,Rajesh Verma,31,4.6,Pune,2024-01-19 02:28:00,1.4
customer_0023,1434,Vikas Yadav,Mcdonald'S,Dosa,648,76,572,Upi,Delivered,Rajesh Verma,21,4.8,Mumbai,2024-02-17 03:33:00,4.3
customer_0023,1442,Vikas Yadav,Domino'S,Biryani,1068,410,658,Upi,Delivered,Ankit Tiwari,22,3.8,Delhi,2024-08-24 08:31:00,4.2
customer_0023,1476,Rohan Sharma,Burger King,Pasta,381,117,264,Upi,Delivered,Rajesh Verma,12,3.9,Pune,2024-04-13 23:49:00,2.0
customer_0023,2037,Priya Verma,Pizza Hut,Dosa,1485,330,1155,Cash On Delivery,Delivered,Sahil Khan,42,1.3,Mumbai,2024-07-21 06:17:00,2.9
customer_0023,2191,Arjun Mehta,Pizza Hut,Pizza,876,188,688,Card,Delivered,Ankit Tiwari,10,1.0,Mumbai,2024-06-25 16:00:00,2.3
customer_0023,2497,Priya Verma,Kfc,Dosa,1202,501,701,Card,Delivered,Ankit Tiwari,40,1.6,Mumbai,2024-04-10 07:29:00,3.8
customer_0023,2628,Arjun Mehta,Mcdonald'S,Sandwich,608,180,428,Cash On Delivery,Delivered,Ankit Tiwari,49,4.3,Delhi,2024-09-16 01:56:00,2.3
customer_0023,2655,Sanya Kapoor,Subway,Biryani,657,270,387,Cash On Delivery,Delivered,Ravi Kumar,40,1.0,Mumbai,2024-04-23 02:33:00,4.1
customer_0023,3087,Sanya Kapoor,Burger King,Biryani,905,226,679,Card,Delivered,Ravi Kumar,13,1.9,Bangalore,2024-02-26 23:14:00,2.2
customer_0023,3229,Sanya Kapoor,Domino'S,Burger,1524,430,1094,Cash On Delivery,Delivered,Deepak Singh,50,3.4,Pune,2024-01-13 19:13:00,3.4
customer_0023,3555,Rohan Sharma,Kfc,Burger,820,65,755,Cash On Delivery,Delivered,Deepak Singh,36,1.7,Bangalore,2024-10-27 05:14:00,1.5
customer_0023,3693,Arjun Mehta,Domino'S,Biryani,496,81,415,Cash On Delivery,Delivered,Deepak Singh,28,5.0,Chennai,2024-09-15 16:29:00,3.0
customer_0023,3964,Priya Verma,Pizza Hut,Chicken Wings,1161,82,1079,Cash On Delivery,Delivered,Rajesh Verma,31,4.3,Bangalore,2024-03-02 22:44:00,4.6
customer_0023,4062,Arjun Mehta,Subway,Chicken Wings,611,52,559,Card,Delivered,Rajesh Verma,57,3.4,Chennai,2024-07-16 14:32:00,3.4
customer_0023,4105,Sanya Kapoor,Kfc,Pizza,283,5,278,Cash On Delivery,Delivered,Rajesh Verma,46,4.2,Bangalore,2024-08-01 13:39:00,3.1
customer_0023,4184,Priya Verma,Pizza Hut,Sandwich,1620,148,1472,Upi,Delivered,Sahil Khan,56,3.0,Kolkata,2024-01-26 04:26:00,4.5
customer_0023,4264,Arjun Mehta,Burger King,Pizza,718,19,699,Upi,Delivered,Ravi Kumar,54,4.0,Delhi,2024-08-26 03:22:00,4.6
customer_0023,4604,Rohan Sharma,Kfc,Dosa,1026,422,604,Cash On Delivery,Delivered,Rajesh Verma,43,1.2,Mumbai,2024-03-14 11:04:00,2.7
customer_0023,4701,Arjun Mehta,Mcdonald'S,Pizza,249,82,167,Cash On Delivery,Delivered,Sahil Khan,42,4.6,Pune,2024-06-28 20:13:00,1.2
customer_0023,4891,Arjun Mehta,Kfc,Pizza,1406,395,1011,Card,Delivered,Rajesh Verma,10,2.9,Chennai,2024-07-28 06:28:00,2.4
customer_0023,5068,Rohan Sharma,Kfc,Burger,1093,220,873,Cash On Delivery,Delivered,Ravi Kumar,60,3.3,Hyderabad,2024-03-22 09:05:00,1.1
customer_0023,5273,Sanya Kapoor,Pizza Hut,Dosa,1473,182,1291,Cash On Delivery,Delivered,Ankit Tiwari,25,5.0,Hyderabad,2024-07-15 08:42:00,3.2
customer_0023,5367,Vikas Yadav,Mcdonald'S,Pizza,873,380,493,Card,Delivered,Ankit Tiwari,26,4.3,Delhi,2024-02-05 10:30:00,1.1
customer_0023,5394,Rohan Sharma,Pizza Hut,Burger,1785,589,1196,Cash On Delivery,Delivered,Sahil Khan,50,3.2,Pune,2024-10-20 16:26:00,2.9
customer_0023,5479,Vikas Yadav,Pizza Hut,Biryani,217,25,192,Card,Delivered,Sahil Khan,46,2.2,Hyderabad,2024-02-27 01:33:00,1.7
customer_0023,5938,Arjun Mehta,Burger King,Pizza,1305,377,928,Card,Delivered,Deepak Singh,40,4.3,Delhi,2024-11-13 23:50:00,2.6
customer_0023,6160,Sanya Kapoor,Subway,Burger,1510,139,1371,Card,Delivered,Ankit Tiwari,37,3.0,Pune,2024-04-25 02:39:00,5.0
customer_0023,6198,Priya Verma,Pizza Hut,Pasta,722,228,494,Cash On Delivery,Delivered,Sahil Khan,58,3.9,Kolkata,2024-07-18 04:21:00,2.8
customer_0023,6340,Vikas Yadav,Pizza Hut,Biryani,1096,398,698,Upi,Delivered,Deepak Singh,39,1.8,Chennai,2024-07-21 16:51:00,3.8
customer_0023,6528,Vikas Yadav,Kfc,Biryani,766,290,476,Upi,Delivered,Ankit Tiwari,34,1.4,Mumbai,2024-03-17 18:18:00,4.6
customer_0023,6704,Vikas Yadav,Mcdonald'S,Sandwich,877,138,739,Card,Delivered,Ankit Tiwari,32,1.3,Bangalore,2024-04-20 21:56:00,3.2
customer_0023,6719,Arjun Mehta,Burger King,Pasta,1239,229,1010,Card,Delivered,Rajesh Verma,39,3.7,Hyderabad,2024-10-28 09:14:00,1.8
customer_0023,6860,Priya Verma,Mcdonald'S,Biryani,1778,271,1507,Card,Delivered,Ankit Tiwari,56,3.4,Kolkata,2024-05-22 02:01:00,4.7
customer_0023,6939,Rohan Sharma,Burger King,Sandwich,1360,358,1002,Cash On Delivery,Delivered,Deepak Singh,12,3.7,Delhi,2024-03-12 15:45:00,4.3
customer_0023,7316,Vikas Yadav,Mcdonald'S,Pasta,1213,362,851,Cash On Delivery,Delivered,Sahil Khan,35,3.3,Mumbai,2024-08-16 20:55:00,2.8
customer_0023,7428,Priya Verma,Mcdonald'S,Sandwich,777,264,513,Upi,Delivered,Sahil Khan,56,2.1,Bangalore,2024-08-20 14:48:00,3.0
customer_0023,7531,Priya Verma,Pizza Hut,Pizza,1070,192,878,Cash On Delivery,Delivered,Sahil Khan,44,1.4,Chennai,2024-04-05 17:28:00,4.2
customer_0023,7609,Rohan Sharma,Burger King,Dosa,393,51,342,Upi,Delivered,Ravi Kumar,21,2.3,Bangalore,2024-10-12 20:40:00,4.7
customer_0023,7641,Rohan Sharma,Domino'S,Biryani,1537,65,1472,Cash On Delivery,Delivered,Rajesh Verma,20,1.3,Bangalore,2024-08-01 05:30:00,4.4
customer_0023,7977,Sanya Kapoor,Pizza Hut,Biryani,811,349,462,Cash On Delivery,Delivered,Ravi Kumar,49,3.3,Pune,2024-09-15 03:53:00,4.8
customer_0023,8150,Priya Verma,Burger King,Chicken Wings,1917,587,1330,Card,Delivered,Deepak Singh,23,4.3,Bangalore,2024-05-20 20:01:00,3.5
customer_0023,8612,Priya Verma,Domino'S,Sandwich,207,67,140,Card,Delivered,Ravi Kumar,50,2.1,Delhi,2024-03-22 00:22:00,1.2
customer_0023,8885,Arjun Mehta,Kfc,Burger,1631,473,1158,Cash On Delivery,Delivered,Ankit Tiwari,11,4.3,Kolkata,2024-08-08 14:36:00,4.7
customer_0023,8977,Rohan Sharma,Pizza Hut,Pasta,947,247,700,Cash On Delivery,Delivered,Sahil Khan,17,4.8,Hyderabad,2024-09-23 15:00:00,2.7
customer_0023,9812,Sanya Kapoor,Domino'S,Biryani,1915,150,1765,Cash On Delivery,Delivered,Deepak Singh,48,4.5,Mumbai,2024-06-14 14:02:00,2.8
customer_0023,9906,Rohan Sharma,Domino'S,Chicken Wings,1252,428,824,Card,Delivered,Ankit Tiwari,56,1.5,Chennai,2024-08-14 22:59:00,2.1
customer_0023,10040,Rohan Sharma,Domino'S,Chicken Wings,340,17,323,Card,Delivered,Sahil Khan,31,1.2,Pune,2024-09-14 15:31:00,2.3
customer_0023,10233,Vikas Yadav,Kfc,Burger,570,285,285,Card,Delivered,Deepak Singh,36,2.5,Pune,2024-05-13 18:16:00,3.7
customer_0024,97,Priya Verma,Pizza Hut,Dosa,1143,367,776,Card,Delivered,Sahil Khan,14,4.8,Hyderabad,2024-09-22 07:42:00,2.5
customer_0024,160,Sanya Kapoor,Subway,Pizza,1077,52,1025,Cash On Delivery,Delivered,Sahil Khan,22,1.6,Chennai,2024-02-27 10:03:00,4.7
customer_0024,217,Arjun Mehta,Pizza Hut,Sandwich,510,116,394,Card,Delivered,Rajesh Verma,13,4.8,Mumbai,2024-02-06 19:55:00,2.0
customer_0024,332,Vikas Yadav,Mcdonald'S,Burger,1195,396,799,Card,Delivered,Rajesh Verma,13,1.1,Pune,2024-05-01 18:17:00,3.8
customer_0024,398,Priya Verma,Domino'S,Biryani,1921,671,1250,Upi,Delivered,Ravi Kumar,14,1.6,Kolkata,2024-10-24 10:33:00,3.8
customer_0024,413,Rohan Sharma,Mcdonald'S,Sandwich,1368,7,1361,Cash On Delivery,Delivered,Ravi Kumar,58,2.4,Delhi,2024-02-05 16:32:00,4.2
customer_0024,670,Priya Verma,Domino'S,Dosa,1195,116,1079,Cash On Delivery,Delivered,Rajesh Verma,43,3.2,Pune,2024-01-13 19:16:00,3.0
customer_0024,687,Vikas Yadav,Burger King,Chicken Wings,291,123,168,Upi,Delivered,Deepak Singh,54,3.3,Pune,2024-09-08 05:51:00,4.2
customer_0024,819,Priya Verma,Kfc,Pizza,933,98,835,Upi,Delivered,Sahil Khan,33,1.7,Delhi,2024-03-24 02:07:00,1.0
customer_0024,1041,Sanya Kapoor,Domino'S,Biryani,1267,41,1226,Cash On Delivery,Delivered,Deepak Singh,11,2.7,Mumbai,2024-08-01 05:18:00,4.2
customer_0024,1342,Priya Verma,Subway,Chicken Wings,1174,94,1080,Card,Delivered,Ravi Kumar,52,1.3,Bangalore,2024-02-26 18:43:00,3.4
customer_0024,1484,Sanya Kapoor,Subway,Dosa,1010,232,778,Upi,Delivered,Deepak Singh,18,4.3,Delhi,2024-04-20 01:51:00,4.5
customer_0024,1639,Rohan Sharma,Mcdonald'S,Pizza,1608,415,1193,Cash On Delivery,Delivered,Ravi Kumar,29,4.3,Mumbai,2024-10-16 23:13:00,1.6
customer_0024,1717,Priya Verma,Domino'S,Dosa,1928,731,1197,Cash On Delivery,Delivered,Ankit Tiwari,59,2.7,Kolkata,2024-06-26 13:23:00,3.0
customer_0024,1806,Vikas Yadav,Kfc,Dosa,1327,8,1319,Card,Delivered,Ravi Kumar,12,1.6,Hyderabad,2024-05-06 03:46:00,4.3
customer_0024,2001,Arjun Mehta,Burger King,Biryani,1543,1,1542,Cash On Delivery,Delivered,Ravi Kumar,54,1.4,Pune,2024-09-22 19:05:00,1.5
customer_0024,2183,Vikas Yadav,Domino'S,Chicken Wings,583,235,348,Card,Delivered,Ankit Tiwari,39,1.3,Pune,2024-08-07 13:31:00,3.5
customer_0024,2509,Vikas Yadav,Subway,Burger,709,231,478,Cash On Delivery,Delivered,Sahil Khan,46,4.4,Bangalore,2024-06-24 22:18:00,2.3
customer_0024,2724,Sanya Kapoor,Mcdonald'S,Biryani,1509,535,974,Cash On Delivery,Delivered,Ravi Kumar,44,1.8,Pune,2024-03-24 15:04:00,2.9
customer_0024,2892,Rohan Sharma,Burger King,Sandwich,1857,71,1786,Cash On Delivery,Delivered,Ankit Tiwari,51,3.6,Kolkata,2024-12-01 18:42:00,2.4
customer_0024,3215,Sanya Kapoor,Pizza Hut,Sandwich,1478,679,799,Upi,Delivered,Rajesh Verma,32,2.6,Bangalore,2024-07-24 21:54:00,3.1
customer_0024,3231,Vikas Yadav,Mcdonald'S,Chicken Wings,1362,330,1032,Upi,Delivered,Rajesh Verma,51,2.8,Kolkata,2024-01-18 10:36:00,3.8
customer_0024,3346,Vikas Yadav,Burger King,Pasta,1009,493,516,Upi,Delivered,Ankit Tiwari,50,2.2,Bangalore,2024-09-01 11:31:00,4.6
customer_0024,3467,Rohan Sharma,Subway,Chicken Wings,753,208,545,Cash On Delivery,Delivered,Deepak Singh,18,1.7,Pune,2024-02-01 13:56:00,2.4
customer_0024,3488,Rohan Sharma,Domino'S,Burger,581,187,394,Card,Delivered,Deepak Singh,27,3.6,Kolkata,2024-07-01 01:58:00,2.4
customer_0024,3646,Sanya Kapoor,Burger King,Pasta,1245,97,1148,Card,Delivered,Rajesh Verma,60,1.1,Bangalore,2024-05-06 21:34:00,3.9
customer_0024,3794,Sanya Kapoor,Domino'S,Sandwich,1906,463,1443,Cash On Delivery,Delivered,Ravi Kumar,51,2.3,Bangalore,2024-06-12 14:42:00,2.3
customer_0024,3836,Sanya Kapoor,Kfc,Biryani,283,41,242,Upi,Delivered,Sahil Khan,46,1.1,Delhi,2024-11-17 17:05:00,4.7
customer_0024,4042,Rohan Sharma,Subway,Biryani,1234,146,1088,Upi,Delivered,Deepak Singh,22,4.7,Kolkata,2024-12-08 22:50:00,1.5
customer_0024,4436,Vikas Yadav,Domino'S,Sandwich,281,87,194,Upi,Delivered,Ankit Tiwari,57,4.4,Mumbai,2024-04-26 10:23:00,3.4
customer_0024,5078,Sanya Kapoor,Kfc,Pasta,1526,384,1142,Cash On Delivery,Delivered,Sahil Khan,34,1.9,Delhi,2024-12-20 00:41:00,4.2
customer_0024,5290,Priya Verma,Kfc,Dosa,1959,846,1113,Upi,Delivered,Sahil Khan,29,4.7,Pune,2024-02-23 04:49:00,1.9
customer_0024,5773,Priya Verma,Burger King,Chicken Wings,1228,410,818,Cash On Delivery,Delivered,Ravi Kumar,59,3.3,Bangalore,2024-07-21 22:52:00,4.7
customer_0024,6070,Vikas Yadav,Subway,Burger,1602,318,1284,Cash On Delivery,Delivered,Deepak Singh,10,2.3,Kolkata,2024-11-03 08:59:00,2.5
customer_0024,6071,Rohan Sharma,Subway,Pasta,324,26,298,Card,Delivered,Sahil Khan,12,4.1,Delhi,2024-12-04 04:51:00,1.3
customer_0024,6091,Priya Verma,Burger King,Pasta,1199,195,1004,Cash On Delivery,Delivered,Ankit Tiwari,54,3.5,Mumbai,2024-11-01 02:13:00,2.9
customer_0024,6416,Priya Verma,Kfc,Pasta,118,38,80,Card,Delivered,Rajesh Verma,38,3.5,Kolkata,2024-09-26 08:56:00,2.9
customer_0024,6451,Vikas Yadav,Mcdonald'S,Pizza,1937,43,1894,Cash On Delivery,Delivered,Rajesh Verma,55,2.2,Kolkata,2024-06-03 13:14:00,2.4
customer_0024,6588,Sanya Kapoor,Kfc,Burger,1041,505,536,Cash On Delivery,Delivered,Ravi Kumar,38,4.0,Delhi,2024-06-04 21:32:00,4.1
customer_0024,6662,Vikas Yadav,Kfc,Pizza,1752,613,1139,Card,Delivered,Ankit Tiwari,48,3.3,Delhi,2024-07-05 10:27:00,4.0
customer_0024,7251,Sanya Kapoor,Domino'S,Pizza,424,73,351,Card,Delivered,Sahil Khan,40,4.0,Kolkata,2024-09-24 00:24:00,4.3
customer_0024,7656,Arjun Mehta,Kfc,Biryani,1462,81,1381,Card,Delivered,Rajesh Verma,25,3.3,Hyderabad,2024-03-05 13:28:00,1.3
customer_0024,7801,Vikas Yadav,Domino'S,Pizza,147,25,122,Upi,Delivered,Deepak Singh,38,4.8,Kolkata,2024-09-25 20:09:00,2.0
customer_0024,8084,Vikas Yadav,Domino'S,Burger,625,231,394,Card,Delivered,Rajesh Verma,20,2.9,Mumbai,2024-07-12 01:59:00,4.5
customer_0024,8155,Priya Verma,Kfc,Dosa,1192,84,1108,Upi,Delivered,Rajesh Verma,36,3.4,Delhi,2024-09-11 01:53:00,2.4
customer_0024,8638,Rohan Sharma,Pizza Hut,Sandwich,671,305,366,Card,Delivered,Ankit Tiwari,20,4.0,Hyderabad,2024-06-07 00:56:00,3.8
customer_0024,8823,Sanya Kapoor,Mcdonald'S,Sandwich,970,383,587,Card,Delivered,Sahil Khan,56,2.8,Hyderabad,2024-05-08 05:01:00,2.7
customer_0024,8936,Arjun Mehta,Subway,Dosa,384,89,295,Cash On Delivery,Delivered,Sahil Khan,49,2.1,Pune,2024-11-15 07:10:00,3.7
customer_0024,9240,Priya Verma,Burger King,Sandwich,412,56,356,Card,Delivered,Ankit Tiwari,33,4.1,Chennai,2024-08-05 06:04:00,3.2
customer_0024,9260,Vikas Yadav,Mcdonald'S,Burger,934,367,567,Upi,Delivered,Ravi Kumar,21,2.6,Delhi,2024-05-11 11:47:00,3.3
customer_0024,9295,Priya Verma,Burger King,Dosa,229,7,222,Upi,Delivered,Ravi Kumar,34,4.4,Mumbai,2024-09-11 19:37:00,2.1
customer_0024,9311,Sanya Kapoor,Burger King,Dosa,1755,268,1487,Upi,Delivered,Ankit Tiwari,50,4.9,Hyderabad,2024-11-28 04:09:00,2.8
customer_0024,9551,Sanya Kapoor,Pizza Hut,Sandwich,953,162,791,Upi,Delivered,Ravi Kumar,19,1.4,Hyderabad,2024-01-12 02:31:00,3.9
customer_0024,9577,Vikas Yadav,Subway,Burger,1667,488,1179,Card,Delivered,Rajesh Verma,31,1.6,Hyderabad,2024-04-23 00:41:00,3.7
customer_0024,9809,Arjun Mehta,Mcdonald'S,Chicken Wings,1260,332,928,Upi,Delivered,Rajesh Verma,58,1.7,Chennai,2024-03-25 16:22:00,2.3
customer_0024,9858,Rohan Sharma,Pizza Hut,Pasta,155,15,140,Upi,Delivered,Deepak Singh,29,4.5,Pune,2024-08-20 16:21:00,2.0
customer_0024,9868,Vikas Yadav,Domino'S,Pizza,426,69,357,Card,Delivered,Rajesh Verma,25,4.1,Chennai,2024-12-05 11:33:00,4.3
customer_0024,9940,Priya Verma,Pizza Hut,Chicken Wings,412,140,272,Card,Delivered,Ankit Tiwari,22,1.6,Kolkata,2024-10-02 13:34:00,3.8
customer_0025,63,Sanya Kapoor,Subway,Burger,493,115,378,Cash On Delivery,Delivered,Ravi Kumar,15,4.3,Delhi,2024-07-02 22:24:00,2.1
customer_0025,296,Vikas Yadav,Mcdonald'S,Pasta,1144,323,821,Upi,Delivered,Sahil Khan,38,3.4,Delhi,2024-09-16 17:18:00,2.7
customer_0025,306,Sanya Kapoor,Burger King,Pizza,373,153,220,Upi,Delivered,Deepak Singh,42,4.6,Bangalore,2024-09-04 13:35:00,1.3
customer_0025,529,Arjun Mehta,Mcdonald'S,Chicken Wings,1858,624,1234,Upi,Delivered,Ravi Kumar,15,1.9,Mumbai,2024-06-14 17:39:00,4.8
customer_0025,1064,Arjun Mehta,Subway,Pasta,325,98,227,Cash On Delivery,Delivered,Rajesh Verma,38,4.1,Chennai,2024-01-04 00:36:00,1.7
customer_0025,1084,Rohan Sharma,Kfc,Burger,1480,341,1139,Card,Delivered,Deepak Singh,46,4.4,Delhi,2024-02-07 13:21:00,4.2
customer_0025,1450,Rohan Sharma,Burger King,Burger,1248,282,966,Cash On Delivery,Delivered,Sahil Khan,49,1.2,Delhi,2024-12-02 20:40:00,2.9
customer_0025,1882,Rohan Sharma,Domino'S,Pasta,857,265,592,Cash On Delivery,Delivered,Ankit Tiwari,13,4.7,Chennai,2024-09-19 05:27:00,3.9
customer_0025,2101,Arjun Mehta,Mcdonald'S,Burger,867,390,477,Card,Delivered,Deepak Singh,52,3.6,Pune,2024-01-06 13:55:00,4.3
customer_0025,2313,Rohan Sharma,Mcdonald'S,Pizza,1838,613,1225,Card,Delivered,Sahil Khan,45,3.4,Delhi,2024-08-27 21:04:00,4.2
customer_0025,2602,Arjun Mehta,Burger King,Pizza,1589,778,811,Card,Delivered,Ravi Kumar,58,1.4,Hyderabad,2024-01-09 13:16:00,1.3
customer_0025,2700,Sanya Kapoor,Kfc,Sandwich,274,15,259,Cash On Delivery,Delivered,Rajesh Verma,40,2.5,Kolkata,2024-02-19 18:30:00,4.8
customer_0025,2747,Priya Verma,Subway,Pizza,789,394,395,Upi,Delivered,Sahil Khan,18,4.2,Chennai,2024-07-17 22:48:00,3.1
customer_0025,3189,Vikas Yadav,Subway,Biryani,1401,583,818,Upi,Delivered,Sahil Khan,33,4.5,Delhi,2024-03-27 05:50:00,3.2
customer_0025,3392,Rohan Sharma,Subway,Burger,526,247,279,Cash On Delivery,Delivered,Rajesh Verma,36,4.7,Hyderabad,2024-12-22 23:24:00,3.3
customer_0025,3581,Vikas Yadav,Mcdonald'S,Pasta,794,360,434,Upi,Delivered,Ankit Tiwari,10,4.4,Pune,2024-03-13 16:32:00,2.4
customer_0025,3814,Priya Verma,Mcdonald'S,Pasta,1045,396,649,Upi,Delivered,Rajesh Verma,38,3.3,Hyderabad,2024-11-12 01:01:00,2.7
customer_0025,3983,Sanya Kapoor,Subway,Chicken Wings,1597,701,896,Card,Delivered,Ankit Tiwari,48,4.0,Delhi,2024-12-17 23:58:00,4.8
customer_0025,4055,Priya Verma,Subway,Biryani,189,37,152,Card,Delivered,Sahil Khan,11,3.2,Mumbai,2024-03-06 13:07:00,1.5
customer_0025,4386,Arjun Mehta,Mcdonald'S,Sandwich,1660,367,1293,Cash On Delivery,Delivered,Rajesh Verma,20,3.7,Hyderabad,2024-10-02 11:29:00,1.6
customer_0025,4402,Rohan Sharma,Mcdonald'S,Biryani,206,72,134,Cash On Delivery,Delivered,Rajesh Verma,58,2.4,Kolkata,2024-05-06 17:31:00,4.2
customer_0025,4422,Priya Verma,Kfc,Biryani,574,36,538,Card,Delivered,Deepak Singh,36,2.5,Bangalore,2024-10-04 07:27:00,3.0
customer_0025,4501,Arjun Mehta,Domino'S,Dosa,1339,107,1232,Card,Delivered,Ravi Kumar,39,5.0,Mumbai,2024-10-17 04:40:00,4.7
customer_0025,4529,Arjun Mehta,Subway,Dosa,1528,533,995,Upi,Delivered,Ankit Tiwari,36,2.8,Delhi,2024-05-26 13:11:00,3.2
customer_0025,4530,Priya Verma,Burger King,Pizza,294,28,266,Cash On Delivery,Delivered,Rajesh Verma,46,3.0,Bangalore,2024-11-18 04:48:00,1.4
customer_0025,4589,Priya Verma,Mcdonald'S,Biryani,1935,144,1791,Cash On Delivery,Delivered,Rajesh Verma,35,4.2,Bangalore,2024-12-15 11:49:00,4.9
customer_0025,4725,Sanya Kapoor,Burger King,Biryani,132,21,111,Card,Delivered,Sahil Khan,53,1.3,Pune,2024-11-27 15:04:00,3.9
customer_0025,5339,Priya Verma,Pizza Hut,Sandwich,1184,21,1163,Card,Delivered,Deepak Singh,11,1.2,Mumbai,2024-08-18 02:33:00,1.3
customer_0025,5344,Vikas Yadav,Mcdonald'S,Dosa,1536,94,1442,Cash On Delivery,Delivered,Ravi Kumar,36,3.9,Kolkata,2024-12-28 15:38:00,1.6
customer_0025,5480,Vikas Yadav,Burger King,Biryani,1587,40,1547,Cash On Delivery,Delivered,Rajesh Verma,50,2.1,Chennai,2024-07-14 20:53:00,4.1
customer_0025,5676,Sanya Kapoor,Mcdonald'S,Burger,1914,839,1075,Cash On Delivery,Delivered,Ravi Kumar,31,3.6,Bangalore,2024-09-04 06:22:00,3.1
customer_0025,5848,Vikas Yadav,Domino'S,Dosa,763,18,745,Card,Delivered,Ravi Kumar,23,1.8,Hyderabad,2024-09-28 22:08:00,3.3
customer_0025,5852,Priya Verma,Mcdonald'S,Pasta,1728,53,1675,Cash On Delivery,Delivered,Ankit Tiwari,56,4.0,Bangalore,2024-04-02 22:32:00,1.2
customer_0025,6271,Rohan Sharma,Kfc,Pasta,687,329,358,Card,Delivered,Ankit Tiwari,39,2.2,Hyderabad,2024-07-05 12:35:00,2.9
customer_0025,6612,Priya Verma,Burger King,Sandwich,262,12,250,Card,Delivered,Ankit Tiwari,42,1.6,Pune,2024-11-05 10:19:00,2.8
customer_0025,6824,Rohan Sharma,Mcdonald'S,Burger,1637,549,1088,Upi,Delivered,Ravi Kumar,39,2.3,Hyderabad,2024-09-07 13:48:00,4.5
customer_0025,6914,Vikas Yadav,Domino'S,Chicken Wings,1175,537,638,Upi,Delivered,Ravi Kumar,26,4.9,Bangalore,2024-06-24 15:02:00,4.5
customer_0025,7194,Rohan Sharma,Pizza Hut,Dosa,1107,402,705,Upi,Delivered,Ravi Kumar,23,4.6,Kolkata,2024-08-16 12:56:00,2.1
customer_0025,7280,Priya Verma,Burger King,Sandwich,1867,510,1357,Card,Delivered,Rajesh Verma,40,4.4,Pune,2024-07-27 19:24:00,3.5
customer_0025,7295,Sanya Kapoor,Subway,Sandwich,1816,253,1563,Upi,Delivered,Ravi Kumar,20,1.7,Pune,2024-10-06 22:51:00,2.9
customer_0025,7343,Vikas Yadav,Pizza Hut,Chicken Wings,1088,146,942,Upi,Delivered,Deepak Singh,17,3.7,Hyderabad,2024-01-21 05:44:00,4.4
customer_0025,7395,Vikas Yadav,Kfc,Sandwich,1349,6,1343,Upi,Delivered,Deepak Singh,55,2.8,Mumbai,2024-06-08 11:39:00,1.2
customer_0025,8132,Priya Verma,Subway,Chicken Wings,1104,85,1019,Card,Delivered,Ravi Kumar,33,2.8,Pune,2024-08-19 07:32:00,1.5
customer_0025,8508,Sanya Kapoor,Pizza Hut,Chicken Wings,553,34,519,Upi,Delivered,Ravi Kumar,25,4.5,Mumbai,2024-01-01 15:42:00,1.6
customer_0025,8525,Rohan Sharma,Burger King,Chicken Wings,1402,5,1397,Card,Delivered,Ravi Kumar,34,4.0,Pune,2024-06-12 15:58:00,2.0
customer_0025,8576,Arjun Mehta,Kfc,Dosa,735,119,616,Upi,Delivered,Deepak Singh,54,5.0,Pune,2024-01-23 00:50:00,1.5
customer_0025,8598,Priya Verma,Pizza Hut,Sandwich,105,9,96,Upi,Delivered,Rajesh Verma,29,3.1,Delhi,2024-07-05 16:51:00,3.5
customer_0025,8680,Sanya Kapoor,Kfc,Chicken Wings,807,248,559,Card,Delivered,Sahil Khan,51,5.0,Chennai,2024-11-17 19:54:00,4.4
customer_0025,8750,Priya Verma,Mcdonald'S,Biryani,864,19,845,Upi,Delivered,Rajesh Verma,51,2.4,Delhi,2024-06-26 16:09:00,2.5
customer_0025,8816,Vikas Yadav,Burger King,Pasta,1615,27,1588,Card,Delivered,Deepak Singh,33,2.5,Mumbai,2024-02-07 06:32:00,1.7
customer_0025,9019,Arjun Mehta,Domino'S,Pasta,1440,154,1286,Cash On Delivery,Delivered,Ankit Tiwari,31,1.1,Kolkata,2024-06-12 17:35:00,4.7
customer_0025,9020,Arjun Mehta,Pizza Hut,Pasta,855,403,452,Cash On Delivery,Delivered,Sahil Khan,32,4.2,Chennai,2024-05-05 00:36:00,5.0
customer_0025,9209,Arjun Mehta,Kfc,Pizza,113,23,90,Cash On Delivery,Delivered,Ravi Kumar,10,3.3,Delhi,2024-06-23 23:57:00,2.8
customer_0025,9296,Priya Verma,Kfc,Pasta,1097,204,893,Cash On Delivery,Delivered,Deepak Singh,50,3.5,Delhi,2024-09-16 16:13:00,3.8
customer_0025,9798,Arjun Mehta,Domino'S,Burger,1322,646,676,Upi,Delivered,Sahil Khan,58,1.7,Chennai,2024-09-12 22:58:00,3.1
customer_0025,9823,Rohan Sharma,Subway,Biryani,1247,138,1109,Cash On Delivery,Delivered,Sahil Khan,41,4.7,Pune,2024-01-12 00:58:00,4.6
customer_0025,9953,Rohan Sharma,Subway,Dosa,1972,257,1715,Cash On Delivery,Delivered,Rajesh Verma,13,2.1,Chennai,2024-06-21 11:17:00,2.5
customer_0025,9969,Rohan Sharma,Subway,Pasta,609,141,468,Upi,Delivered,Ankit Tiwari,24,3.9,Bangalore,2024-05-18 03:58:00,1.0
customer_0026,236,Priya Verma,Burger King,Dosa,1780,836,944,Upi,Delivered,Ankit Tiwari,39,3.9,Delhi,2024-05-13 10:40:00,1.8
customer_0026,305,Vikas Yadav,Kfc,Pasta,1246,419,827,Upi,Delivered,Ankit Tiwari,47,4.8,Mumbai,2024-12-09 00:13:00,2.3
customer_0026,394,Rohan Sharma,Mcdonald'S,Dosa,373,130,243,Upi,Delivered,Sahil Khan,45,2.3,Delhi,2024-09-18 10:39:00,4.7
customer_0026,821,Arjun Mehta,Mcdonald'S,Pizza,233,32,201,Card,Delivered,Ravi Kumar,20,3.9,Hyderabad,2024-08-19 00:01:00,4.1
customer_0026,1073,Priya Verma,Kfc,Sandwich,1785,889,896,Cash On Delivery,Delivered,Deepak Singh,21,2.9,Bangalore,2024-12-18 00:36:00,2.2
customer_0026,1205,Priya Verma,Mcdonald'S,Pasta,930,143,787,Cash On Delivery,Delivered,Rajesh Verma,42,3.7,Kolkata,2024-03-22 20:20:00,3.1
customer_0026,1318,Rohan Sharma,Subway,Pizza,1065,72,993,Card,Delivered,Ravi Kumar,32,1.1,Chennai,2024-11-02 18:57:00,3.5
customer_0026,1576,Arjun Mehta,Domino'S,Burger,216,92,124,Upi,Delivered,Deepak Singh,14,2.1,Kolkata,2024-01-06 00:33:00,1.8
customer_0026,1735,Rohan Sharma,Pizza Hut,Pasta,882,277,605,Card,Delivered,Rajesh Verma,57,3.8,Hyderabad,2024-03-28 22:08:00,3.3
customer_0026,2306,Rohan Sharma,Kfc,Burger,1606,418,1188,Card,Delivered,Sahil Khan,14,4.1,Hyderabad,2024-10-04 23:09:00,4.4
customer_0026,2400,Arjun Mehta,Pizza Hut,Sandwich,131,53,78,Upi,Delivered,Ankit Tiwari,46,3.4,Hyderabad,2024-10-16 18:00:00,1.2
customer_0026,2485,Sanya Kapoor,Pizza Hut,Pasta,310,85,225,Cash On Delivery,Delivered,Deepak Singh,44,2.2,Mumbai,2024-10-14 20:06:00,1.3
customer_0026,2569,Priya Verma,Kfc,Biryani,1064,162,902,Cash On Delivery,Delivered,Rajesh Verma,40,1.4,Kolkata,2024-08-23 07:11:00,4.2
customer_0026,2757,Sanya Kapoor,Mcdonald'S,Dosa,256,109,147,Card,Delivered,Deepak Singh,42,3.2,Mumbai,2024-09-03 15:45:00,3.3
customer_0026,2974,Rohan Sharma,Burger King,Pizza,1086,90,996,Upi,Delivered,Sahil Khan,47,2.8,Delhi,2024-11-13 17:55:00,3.7
customer_0026,3263,Rohan Sharma,Domino'S,Burger,255,61,194,Card,Delivered,Rajesh Verma,56,4.1,Hyderabad,2024-03-08 01:33:00,4.9
customer_0026,3264,Rohan Sharma,Kfc,Pizza,1801,806,995,Cash On Delivery,Delivered,Ankit Tiwari,45,4.8,Mumbai,2024-07-20 08:58:00,4.7
customer_0026,3474,Arjun Mehta,Domino'S,Dosa,1344,141,1203,Cash On Delivery,Delivered,Ankit Tiwari,25,1.4,Kolkata,2024-06-11 03:15:00,2.2
customer_0026,3605,Vikas Yadav,Domino'S,Dosa,301,95,206,Upi,Delivered,Ravi Kumar,34,2.5,Chennai,2024-02-15 19:19:00,1.0
customer_0026,3790,Priya Verma,Burger King,Biryani,1531,510,1021,Card,Delivered,Ravi Kumar,27,2.7,Bangalore,2024-02-19 22:48:00,2.2
customer_0026,4016,Vikas Yadav,Domino'S,Burger,934,154,780,Card,Delivered,Sahil Khan,58,1.7,Mumbai,2024-03-09 05:45:00,1.3
customer_0026,4283,Vikas Yadav,Burger King,Biryani,578,142,436,Upi,Delivered,Sahil Khan,56,4.2,Delhi,2024-09-22 04:14:00,1.6
customer_0026,4406,Arjun Mehta,Mcdonald'S,Biryani,1852,516,1336,Cash On Delivery,Delivered,Ravi Kumar,60,3.5,Kolkata,2024-04-02 04:40:00,2.5
customer_0026,4854,Rohan Sharma,Mcdonald'S,Pasta,1975,536,1439,Card,Delivered,Sahil Khan,24,1.3,Pune,2024-02-27 19:02:00,2.9
customer_0026,5008,Arjun Mehta,Subway,Biryani,1492,398,1094,Card,Delivered,Sahil Khan,41,1.9,Delhi,2024-05-21 02:09:00,3.4
customer_0026,5158,Rohan Sharma,Pizza Hut,Chicken Wings,1357,156,1201,Card,Delivered,Rajesh Verma,10,4.9,Delhi,2024-04-01 11:53:00,3.6
customer_0026,5357,Sanya Kapoor,Mcdonald'S,Dosa,176,85,91,Card,Delivered,Ankit Tiwari,49,4.8,Chennai,2024-05-06 17:03:00,1.3
customer_0026,5452,Sanya Kapoor,Burger King,Pizza,1586,610,976,Cash On Delivery,Delivered,Rajesh Verma,44,4.6,Mumbai,2024-07-28 11:12:00,1.5
customer_0026,5902,Sanya Kapoor,Burger King,Biryani,1650,609,1041,Cash On Delivery,Delivered,Ankit Tiwari,18,3.2,Chennai,2024-02-19 08:30:00,2.5
customer_0026,5955,Sanya Kapoor,Subway,Pasta,528,264,264,Card,Delivered,Deepak Singh,10,4.9,Delhi,2024-09-26 08:04:00,1.1
customer_0026,6634,Sanya Kapoor,Pizza Hut,Dosa,266,67,199,Card,Delivered,Deepak Singh,47,4.2,Kolkata,2024-12-12 06:17:00,4.5
customer_0026,6763,Arjun Mehta,Kfc,Pasta,244,3,241,Cash On Delivery,Delivered,Ankit Tiwari,47,4.9,Delhi,2024-06-23 03:49:00,2.5
customer_0026,6772,Vikas Yadav,Burger King,Burger,1298,63,1235,Cash On Delivery,Delivered,Sahil Khan,27,2.5,Pune,2024-12-08 03:21:00,4.9
customer_0026,6782,Rohan Sharma,Pizza Hut,Pasta,1006,347,659,Upi,Delivered,Ankit Tiwari,12,3.3,Pune,2024-11-28 15:27:00,2.1
customer_0026,6926,Arjun Mehta,Burger King,Biryani,1518,549,969,Card,Delivered,Ravi Kumar,28,2.5,Hyderabad,2024-09-19 09:37:00,3.8
customer_0026,7002,Priya Verma,Burger King,Burger,126,61,65,Cash On Delivery,Delivered,Ravi Kumar,23,3.3,Kolkata,2024-03-23 19:30:00,1.9
customer_0026,7058,Priya Verma,Mcdonald'S,Pizza,1473,263,1210,Card,Delivered,Deepak Singh,27,1.5,Mumbai,2024-02-11 02:36:00,2.5
customer_0026,7615,Vikas Yadav,Burger King,Chicken Wings,1297,160,1137,Upi,Delivered,Rajesh Verma,40,1.1,Hyderabad,2024-03-18 20:12:00,4.2
customer_0026,8189,Rohan Sharma,Kfc,Sandwich,1161,533,628,Upi,Delivered,Deepak Singh,24,3.2,Pune,2024-04-01 19:15:00,4.6
customer_0026,8350,Rohan Sharma,Subway,Biryani,883,289,594,Cash On Delivery,Delivered,Deepak Singh,45,1.9,Mumbai,2024-06-11 04:36:00,1.7
customer_0026,8589,Vikas Yadav,Burger King,Pasta,237,47,190,Cash On Delivery,Delivered,Ravi Kumar,36,2.7,Bangalore,2024-11-04 13:46:00,3.6
customer_0026,8623,Vikas Yadav,Mcdonald'S,Dosa,282,102,180,Card,Delivered,Rajesh Verma,28,3.4,Delhi,2024-11-22 10:17:00,3.7
customer_0026,8658,Rohan Sharma,Pizza Hut,Biryani,931,20,911,Card,Delivered,Rajesh Verma,19,4.4,Kolkata,2024-07-10 23:17:00,4.3
customer_0026,8666,Arjun Mehta,Kfc,Burger,1524,224,1300,Upi,Delivered,Ravi Kumar,60,2.2,Chennai,2024-12-19 12:38:00,2.8
customer_0026,8828,Vikas Yadav,Kfc,Sandwich,980,362,618,Upi,Delivered,Ravi Kumar,17,3.3,Chennai,2024-09-21 12:26:00,3.0
customer_0026,8907,Sanya Kapoor,Kfc,Chicken Wings,713,252,461,Upi,Delivered,Rajesh Verma,40,3.3,Mumbai,2024-03-03 17:45:00,2.0
customer_0026,9220,Priya Verma,Mcdonald'S,Biryani,271,93,178,Cash On Delivery,Delivered,Deepak Singh,12,2.2,Mumbai,2024-04-27 20:38:00,1.2
customer_0026,9404,Rohan Sharma,Kfc,Chicken Wings,1395,608,787,Upi,Delivered,Rajesh Verma,22,2.0,Delhi,2024-10-06 14:50:00,3.1
customer_0026,9592,Arjun Mehta,Pizza Hut,Biryani,572,101,471,Upi,Delivered,Deepak Singh,28,3.8,Mumbai,2024-05-01 19:31:00,4.9
customer_0026,10080,Arjun Mehta,Domino'S,Pasta,966,110,856,Card,Delivered,Sahil Khan,46,4.7,Kolkata,2024-08-22 10:21:00,3.4
customer_0026,10228,Sanya Kapoor,Subway,Dosa,1455,696,759,Card,Delivered,Rajesh Verma,15,1.9,Mumbai,2024-02-19 04:53:00,2.8
customer_0027,67,Arjun Mehta,Domino'S,Dosa,654,114,540,Cash On Delivery,Delivered,Deepak Singh,20,2.1,Kolkata,2024-03-23 19:21:00,4.8
customer_0027,361,Vikas Yadav,Burger King,Chicken Wings,1903,597,1306,Card,Delivered,Ankit Tiwari,15,3.5,Hyderabad,2024-02-01 17:56:00,2.1
customer_0027,416,Arjun Mehta,Pizza Hut,Chicken Wings,834,7,827,Upi,Delivered,Sahil Khan,18,1.2,Delhi,2024-03-24 23:29:00,4.6
customer_0027,965,Priya Verma,Mcdonald'S,Biryani,1903,525,1378,Upi,Delivered,Deepak Singh,41,4.9,Pune,2024-05-08 03:28:00,3.6
customer_0027,1582,Arjun Mehta,Mcdonald'S,Dosa,834,12,822,Cash On Delivery,Delivered,Rajesh Verma,44,4.7,Mumbai,2024-03-28 02:20:00,1.0
customer_0027,1689,Vikas Yadav,Mcdonald'S,Burger,1461,246,1215,Cash On Delivery,Delivered,Sahil Khan,40,4.9,Mumbai,2024-01-03 10:02:00,4.8
customer_0027,1807,Sanya Kapoor,Kfc,Burger,627,52,575,Upi,Delivered,Sahil Khan,42,3.1,Kolkata,2024-10-03 01:13:00,1.6
customer_0027,1960,Priya Verma,Pizza Hut,Pasta,1039,224,815,Upi,Delivered,Sahil Khan,19,3.0,Hyderabad,2024-04-02 18:51:00,2.1
customer_0027,2273,Rohan Sharma,Domino'S,Biryani,1708,31,1677,Cash On Delivery,Delivered,Rajesh Verma,14,2.5,Pune,2024-03-19 02:17:00,1.3
customer_0027,2565,Sanya Kapoor,Mcdonald'S,Chicken Wings,1975,459,1516,Card,Delivered,Ravi Kumar,15,1.2,Kolkata,2024-06-27 13:35:00,4.2
customer_0027,2871,Arjun Mehta,Pizza Hut,Biryani,1944,914,1030,Cash On Delivery,Delivered,Ankit Tiwari,33,4.3,Pune,2024-02-13 09:50:00,2.7
customer_0027,3898,Rohan Sharma,Kfc,Burger,1844,788,1056,Card,Delivered,Ravi Kumar,55,2.9,Kolkata,2024-03-02 16:47:00,4.2
customer_0027,3925,Sanya Kapoor,Subway,Dosa,587,291,296,Card,Delivered,Ankit Tiwari,53,4.7,Delhi,2024-12-18 02:29:00,3.7
customer_0027,3963,Sanya Kapoor,Kfc,Biryani,771,257,514,Card,Delivered,Deepak Singh,29,1.1,Bangalore,2024-12-25 18:04:00,1.7
customer_0027,4121,Vikas Yadav,Kfc,Burger,105,4,101,Card,Delivered,Ankit Tiwari,38,2.7,Delhi,2024-06-11 00:23:00,4.8
customer_0027,4373,Sanya Kapoor,Mcdonald'S,Dosa,1694,561,1133,Upi,Delivered,Ankit Tiwari,10,3.4,Delhi,2024-10-22 03:49:00,1.8
customer_0027,4456,Priya Verma,Subway,Pizza,551,141,410,Upi,Delivered,Ravi Kumar,15,4.1,Pune,2024-08-08 10:09:00,4.4
customer_0027,4744,Priya Verma,Burger King,Pizza,1772,65,1707,Upi,Delivered,Rajesh Verma,57,3.4,Pune,2024-12-21 07:18:00,3.5
customer_0027,5016,Sanya Kapoor,Mcdonald'S,Pasta,1906,916,990,Cash On Delivery,Delivered,Rajesh Verma,25,4.4,Kolkata,2024-10-19 15:49:00,4.2
customer_0027,5111,Priya Verma,Mcdonald'S,Burger,1711,484,1227,Card,Delivered,Ravi Kumar,50,2.8,Mumbai,2024-12-05 07:07:00,1.4
customer_0027,5124,Sanya Kapoor,Burger King,Pizza,1522,158,1364,Card,Delivered,Sahil Khan,51,1.1,Chennai,2024-05-11 07:27:00,3.8
customer_0027,5364,Rohan Sharma,Pizza Hut,Burger,1093,410,683,Cash On Delivery,Delivered,Ravi Kumar,51,1.6,Chennai,2024-04-25 02:36:00,3.8
customer_0027,5369,Sanya Kapoor,Subway,Biryani,1836,775,1061,Upi,Delivered,Sahil Khan,34,4.5,Delhi,2024-09-13 17:23:00,3.7
customer_0027,5594,Sanya Kapoor,Burger King,Pasta,1181,332,849,Cash On Delivery,Delivered,Rajesh Verma,55,4.9,Chennai,2024-09-04 12:15:00,2.9
customer_0027,5794,Rohan Sharma,Domino'S,Dosa,1189,430,759,Cash On Delivery,Delivered,Sahil Khan,13,2.3,Hyderabad,2024-07-21 16:42:00,1.8
customer_0027,5799,Sanya Kapoor,Pizza Hut,Chicken Wings,761,324,437,Cash On Delivery,Delivered,Deepak Singh,16,3.7,Delhi,2024-11-04 11:48:00,3.9
customer_0027,6098,Vikas Yadav,Pizza Hut,Dosa,1122,73,1049,Card,Delivered,Deepak Singh,38,1.4,Pune,2024-12-16 05:27:00,3.0
customer_0027,6209,Arjun Mehta,Burger King,Chicken Wings,1226,282,944,Cash On Delivery,Delivered,Sahil Khan,32,4.1,Chennai,2024-06-10 00:32:00,4.9
customer_0027,6403,Arjun Mehta,Kfc,Biryani,250,2,248,Upi,Delivered,Ankit Tiwari,21,3.2,Delhi,2024-06-20 05:51:00,1.3
customer_0027,6864,Arjun Mehta,Pizza Hut,Dosa,1680,37,1643,Card,Delivered,Ankit Tiwari,27,3.6,Hyderabad,2024-08-12 22:30:00,1.5
customer_0027,7487,Rohan Sharma,Subway,Pasta,684,45,639,Card,Delivered,Ravi Kumar,54,2.5,Mumbai,2024-10-27 06:54:00,2.4
customer_0027,7494,Rohan Sharma,Burger King,Burger,1580,111,1469,Upi,Delivered,Ankit Tiwari,14,4.5,Delhi,2024-01-21 18:09:00,1.6
customer_0027,7533,Vikas Yadav,Mcdonald'S,Dosa,1489,79,1410,Card,Delivered,Sahil Khan,57,2.1,Chennai,2024-09-20 18:25:00,4.9
customer_0027,7713,Sanya Kapoor,Subway,Chicken Wings,930,183,747,Upi,Delivered,Ankit Tiwari,25,4.4,Bangalore,2024-01-27 09:48:00,3.2
customer_0027,7834,Sanya Kapoor,Subway,Pizza,206,11,195,Card,Delivered,Rajesh Verma,16,2.7,Mumbai,2024-07-23 05:53:00,3.5
customer_0027,7965,Priya Verma,Subway,Sandwich,1206,443,763,Cash On Delivery,Delivered,Sahil Khan,42,3.2,Bangalore,2024-06-17 17:06:00,2.9
customer_0027,8081,Vikas Yadav,Mcdonald'S,Pizza,859,363,496,Card,Delivered,Rajesh Verma,54,1.4,Pune,2024-12-15 04:15:00,4.8
customer_0027,8099,Priya Verma,Mcdonald'S,Dosa,181,57,124,Upi,Delivered,Ankit Tiwari,25,3.9,Mumbai,2024-04-06 15:45:00,2.4
customer_0027,8273,Sanya Kapoor,Subway,Chicken Wings,891,124,767,Upi,Delivered,Deepak Singh,49,1.8,Pune,2024-07-10 14:43:00,2.6
customer_0027,8349,Arjun Mehta,Subway,Biryani,678,170,508,Cash On Delivery,Delivered,Sahil Khan,24,2.3,Mumbai,2024-03-14 01:50:00,1.3
customer_0027,8901,Vikas Yadav,Subway,Chicken Wings,695,53,642,Cash On Delivery,Delivered,Ankit Tiwari,30,2.7,Kolkata,2024-04-28 05:35:00,2.1
customer_0027,8949,Rohan Sharma,Subway,Burger,1001,65,936,Upi,Delivered,Sahil Khan,39,2.0,Hyderabad,2024-12-09 23:39:00,1.8
customer_0027,9508,Sanya Kapoor,Pizza Hut,Pasta,1256,99,1157,Card,Delivered,Rajesh Verma,47,2.1,Delhi,2024-06-26 12:23:00,3.6
customer_0027,9533,Vikas Yadav,Kfc,Chicken Wings,234,58,176,Upi,Delivered,Ravi Kumar,42,1.4,Mumbai,2024-11-27 15:22:00,2.2
customer_0027,9833,Rohan Sharma,Domino'S,Sandwich,1198,342,856,Upi,Delivered,Rajesh Verma,45,1.5,Chennai,2024-05-22 05:37:00,3.6
customer_0027,9997,Vikas Yadav,Subway,Pasta,1496,655,841,Card,Delivered,Ravi Kumar,57,2.3,Kolkata,2024-10-16 06:05:00,4.6
customer_0027,10252,Arjun Mehta,Domino'S,Pasta,1555,143,1412,Cash On Delivery,Delivered,Rajesh Verma,35,1.8,Mumbai,2024-10-28 20:41:00,1.6
customer_0028,167,Priya Verma,Pizza Hut,Biryani,1655,343,1312,Card,Delivered,Sahil Khan,37,1.1,Bangalore,2024-11-28 11:59:00,2.9
customer_0028,867,Arjun Mehta,Burger King,Pizza,1771,830,941,Card,Delivered,Rajesh Verma,49,1.1,Bangalore,2024-02-16 22:38:00,1.1
customer_0028,1018,Priya Verma,Pizza Hut,Chicken Wings,163,36,127,Upi,Delivered,Rajesh Verma,48,3.9,Hyderabad,2024-08-16 19:36:00,3.4
customer_0028,1411,Arjun Mehta,Subway,Biryani,1183,302,881,Cash On Delivery,Delivered,Deepak Singh,13,4.1,Bangalore,2024-02-12 21:35:00,2.1
customer_0028,1522,Vikas Yadav,Kfc,Chicken Wings,1359,501,858,Upi,Delivered,Ravi Kumar,28,4.8,Pune,2024-01-11 16:35:00,1.9
customer_0028,1573,Rohan Sharma,Kfc,Dosa,981,39,942,Card,Delivered,Rajesh Verma,12,4.8,Kolkata,2024-10-22 18:54:00,1.3
customer_0028,1629,Sanya Kapoor,Kfc,Biryani,706,18,688,Cash On Delivery,Delivered,Rajesh Verma,35,3.9,Chennai,2024-11-26 19:48:00,4.9
customer_0028,1734,Rohan Sharma,Mcdonald'S,Sandwich,1047,3,1044,Card,Delivered,Ankit Tiwari,18,1.0,Chennai,2024-03-21 16:21:00,3.1
customer_0028,1888,Sanya Kapoor,Subway,Dosa,1085,0,1085,Upi,Delivered,Ravi Kumar,23,1.1,Hyderabad,2024-05-15 02:32:00,2.6
customer_0028,1906,Rohan Sharma,Burger King,Chicken Wings,1419,329,1090,Upi,Delivered,Rajesh Verma,59,1.6,Pune,2024-10-26 08:06:00,1.7
customer_0028,1930,Priya Verma,Pizza Hut,Chicken Wings,1127,424,703,Card,Delivered,Ankit Tiwari,35,4.2,Delhi,2024-03-09 00:25:00,2.2
customer_0028,2112,Sanya Kapoor,Pizza Hut,Biryani,1213,85,1128,Card,Delivered,Ankit Tiwari,19,1.1,Chennai,2024-11-07 09:24:00,1.5
customer_0028,2410,Rohan Sharma,Kfc,Sandwich,273,99,174,Cash On Delivery,Delivered,Deepak Singh,15,2.3,Delhi,2024-08-28 13:02:00,3.9
customer_0028,2425,Vikas Yadav,Mcdonald'S,Biryani,459,228,231,Card,Delivered,Deepak Singh,10,2.1,Kolkata,2024-10-26 18:50:00,2.7
customer_0028,2627,Priya Verma,Domino'S,Pasta,1099,222,877,Card,Delivered,Ankit Tiwari,39,5.0,Pune,2024-03-27 05:56:00,3.5
customer_0028,2661,Vikas Yadav,Subway,Pasta,1998,666,1332,Card,Delivered,Deepak Singh,10,3.8,Mumbai,2024-01-25 02:57:00,2.2
customer_0028,2729,Arjun Mehta,Kfc,Sandwich,1439,417,1022,Card,Delivered,Sahil Khan,28,2.6,Pune,2024-03-04 20:45:00,2.4
customer_0028,2736,Sanya Kapoor,Domino'S,Biryani,1092,113,979,Card,Delivered,Sahil Khan,38,4.1,Mumbai,2024-03-15 02:29:00,2.9
customer_0028,2927,Sanya Kapoor,Mcdonald'S,Sandwich,415,92,323,Card,Delivered,Deepak Singh,54,1.7,Mumbai,2024-11-15 12:43:00,1.1
customer_0028,2943,Priya Verma,Pizza Hut,Dosa,1895,547,1348,Card,Delivered,Sahil Khan,22,2.3,Delhi,2024-04-11 06:33:00,2.8
customer_0028,3003,Arjun Mehta,Burger King,Chicken Wings,1414,380,1034,Cash On Delivery,Delivered,Ankit Tiwari,20,1.7,Delhi,2024-03-09 04:46:00,3.8
customer_0028,3008,Priya Verma,Subway,Dosa,1420,215,1205,Card,Delivered,Sahil Khan,18,4.1,Delhi,2024-01-18 22:52:00,3.7
customer_0028,3081,Sanya Kapoor,Pizza Hut,Sandwich,150,14,136,Cash On Delivery,Delivered,Sahil Khan,52,2.0,Pune,2024-04-23 03:12:00,1.7
customer_0028,3195,Priya Verma,Domino'S,Biryani,1091,269,822,Upi,Delivered,Ankit Tiwari,30,3.9,Pune,2024-07-25 11:33:00,1.1
customer_0028,3266,Vikas Yadav,Pizza Hut,Dosa,1561,123,1438,Card,Delivered,Ankit Tiwari,21,4.7,Bangalore,2024-06-10 19:10:00,4.0
customer_0028,3304,Sanya Kapoor,Domino'S,Pasta,699,50,649,Card,Delivered,Rajesh Verma,43,2.0,Delhi,2024-03-04 15:25:00,1.2
customer_0028,3320,Rohan Sharma,Kfc,Biryani,1325,572,753,Upi,Delivered,Rajesh Verma,22,1.8,Pune,2024-04-15 16:30:00,2.9
customer_0028,3365,Priya Verma,Burger King,Pasta,278,15,263,Upi,Delivered,Ankit Tiwari,14,3.0,Chennai,2024-06-28 07:21:00,4.2
customer_0028,3439,Priya Verma,Domino'S,Pasta,848,278,570,Card,Delivered,Ankit Tiwari,18,1.3,Hyderabad,2024-05-19 01:28:00,1.4
customer_0028,3929,Sanya Kapoor,Burger King,Sandwich,1435,132,1303,Cash On Delivery,Delivered,Ankit Tiwari,27,2.3,Hyderabad,2024-05-19 19:58:00,1.7
customer_0028,4070,Priya Verma,Domino'S,Chicken Wings,898,435,463,Cash On Delivery,Delivered,Ankit Tiwari,31,2.7,Chennai,2024-08-05 04:23:00,1.9
customer_0028,4214,Priya Verma,Domino'S,Burger,1570,31,1539,Upi,Delivered,Ankit Tiwari,11,1.3,Kolkata,2024-02-02 15:44:00,2.0
customer_0028,4399,Arjun Mehta,Burger King,Biryani,1451,103,1348,Card,Delivered,Deepak Singh,33,4.7,Pune,2024-01-07 10:50:00,4.9
customer_0028,4486,Sanya Kapoor,Pizza Hut,Pizza,634,1,633,Card,Delivered,Ankit Tiwari,24,4.0,Bangalore,2024-12-04 17:59:00,3.5
customer_0028,4795,Rohan Sharma,Kfc,Pizza,906,311,595,Card,Delivered,Sahil Khan,40,2.5,Bangalore,2024-05-23 16:42:00,4.2
customer_0028,4973,Vikas Yadav,Mcdonald'S,Pizza,1812,104,1708,Upi,Delivered,Rajesh Verma,53,1.9,Hyderabad,2024-04-15 08:10:00,4.1
customer_0028,5316,Rohan Sharma,Pizza Hut,Burger,905,222,683,Card,Delivered,Deepak Singh,52,2.1,Kolkata,2024-05-20 21:03:00,2.6
customer_0028,5983,Sanya Kapoor,Domino'S,Biryani,792,350,442,Upi,Delivered,Ravi Kumar,54,1.2,Kolkata,2024-04-10 23:26:00,4.5
customer_0028,6050,Rohan Sharma,Domino'S,Dosa,233,62,171,Card,Delivered,Rajesh Verma,18,2.7,Chennai,2024-10-26 02:03:00,2.4
customer_0028,6248,Rohan Sharma,Kfc,Pasta,148,49,99,Cash On Delivery,Delivered,Rajesh Verma,60,1.1,Mumbai,2024-08-26 02:49:00,4.6
customer_0028,6357,Arjun Mehta,Pizza Hut,Dosa,583,143,440,Card,Delivered,Sahil Khan,22,4.6,Pune,2024-06-14 13:17:00,3.3
customer_0028,6480,Rohan Sharma,Subway,Dosa,767,363,404,Card,Delivered,Deepak Singh,10,1.5,Hyderabad,2024-09-13 21:36:00,3.4
customer_0028,6748,Priya Verma,Pizza Hut,Burger,1414,686,728,Cash On Delivery,Delivered,Rajesh Verma,50,4.1,Pune,2024-10-08 07:58:00,2.3
customer_0028,6997,Sanya Kapoor,Subway,Chicken Wings,1856,766,1090,Card,Delivered,Deepak Singh,15,2.4,Pune,2024-06-20 02:44:00,3.0
customer_0028,7214,Arjun Mehta,Domino'S,Chicken Wings,109,38,71,Card,Delivered,Ravi Kumar,58,4.1,Chennai,2024-03-18 10:01:00,3.6
customer_0028,7314,Priya Verma,Burger King,Dosa,1964,642,1322,Card,Delivered,Rajesh Verma,50,1.9,Chennai,2024-11-10 02:50:00,3.9
customer_0028,7420,Sanya Kapoor,Mcdonald'S,Chicken Wings,1436,650,786,Cash On Delivery,Delivered,Sahil Khan,19,3.1,Bangalore,2024-10-17 22:02:00,1.8
customer_0028,7542,Rohan Sharma,Pizza Hut,Burger,1845,275,1570,Cash On Delivery,Delivered,Ravi Kumar,18,3.0,Kolkata,2024-09-20 23:23:00,2.9
customer_0028,7790,Arjun Mehta,Pizza Hut,Dosa,1220,309,911,Card,Delivered,Sahil Khan,22,1.8,Hyderabad,2024-11-21 08:25:00,2.0
customer_0028,7923,Sanya Kapoor,Pizza Hut,Biryani,1280,30,1250,Cash On Delivery,Delivered,Rajesh Verma,54,4.7,Hyderabad,2024-09-26 11:58:00,4.2
customer_0028,7944,Sanya Kapoor,Domino'S,Chicken Wings,1660,545,1115,Cash On Delivery,Delivered,Sahil Khan,50,5.0,Chennai,2024-12-28 04:11:00,3.3
customer_0028,8919,Vikas Yadav,Kfc,Chicken Wings,1885,318,1567,Cash On Delivery,Delivered,Sahil Khan,41,3.2,Delhi,2024-12-06 07:24:00,1.8
customer_0028,9104,Sanya Kapoor,Burger King,Burger,1285,128,1157,Upi,Delivered,Rajesh Verma,29,3.3,Kolkata,2024-03-25 22:30:00,2.6
customer_0028,9207,Arjun Mehta,Mcdonald'S,Biryani,308,102,206,Upi,Delivered,Deepak Singh,29,1.3,Bangalore,2024-09-11 09:49:00,4.0
customer_0028,9253,Vikas Yadav,Pizza Hut,Sandwich,757,221,536,Upi,Delivered,Rajesh Verma,26,1.4,Hyderabad,2024-05-14 09:36:00,3.5
customer_0028,9741,Rohan Sharma,Domino'S,Pasta,651,83,568,Card,Delivered,Ankit Tiwari,30,4.3,Hyderabad,2024-10-01 12:10:00,3.5
customer_0028,9810,Sanya Kapoor,Burger King,Pizza,278,112,166,Card,Delivered,Ravi Kumar,30,4.7,Pune,2024-04-12 21:39:00,4.9
customer_0028,10102,Priya Verma,Subway,Dosa,1987,520,1467,Card,Delivered,Ankit Tiwari,53,3.5,Bangalore,2024-03-09 04:50:00,3.9
customer_0028,10208,Sanya Kapoor,Kfc,Burger,713,229,484,Cash On Delivery,Delivered,Sahil Khan,13,1.6,Hyderabad,2024-07-24 20:33:00,1.2
customer_0029,803,Vikas Yadav,Domino'S,Chicken Wings,140,69,71,Cash On Delivery,Delivered,Rajesh Verma,40,3.0,Hyderabad,2024-06-12 20:21:00,4.4
customer_0029,845,Priya Verma,Domino'S,Dosa,323,35,288,Cash On Delivery,Delivered,Sahil Khan,42,4.0,Bangalore,2024-11-02 08:16:00,3.1
customer_0029,943,Priya Verma,Domino'S,Dosa,335,28,307,Cash On Delivery,Delivered,Ravi Kumar,26,2.6,Delhi,2024-01-22 06:44:00,3.6
customer_0029,1042,Vikas Yadav,Mcdonald'S,Chicken Wings,764,251,513,Card,Delivered,Sahil Khan,21,4.4,Hyderabad,2024-11-02 13:47:00,5.0
customer_0029,1456,Arjun Mehta,Pizza Hut,Biryani,1003,337,666,Cash On Delivery,Delivered,Rajesh Verma,30,2.1,Hyderabad,2024-02-24 23:15:00,3.7
customer_0029,1567,Vikas Yadav,Domino'S,Burger,1398,195,1203,Card,Delivered,Ravi Kumar,41,1.6,Hyderabad,2024-05-03 04:12:00,4.5
customer_0029,1666,Vikas Yadav,Pizza Hut,Dosa,1825,203,1622,Card,Delivered,Ankit Tiwari,55,3.2,Kolkata,2024-08-10 12:30:00,3.5
customer_0029,1975,Rohan Sharma,Subway,Pizza,1223,242,981,Upi,Delivered,Deepak Singh,40,2.6,Pune,2024-02-09 19:43:00,1.7
customer_0029,1983,Rohan Sharma,Mcdonald'S,Burger,1941,774,1167,Upi,Delivered,Rajesh Verma,44,1.2,Pune,2024-11-23 01:29:00,1.8
customer_0029,2287,Rohan Sharma,Subway,Burger,957,40,917,Card,Delivered,Ravi Kumar,40,2.5,Pune,2024-10-26 23:12:00,4.9
customer_0029,2406,Sanya Kapoor,Subway,Dosa,681,108,573,Card,Delivered,Deepak Singh,56,4.4,Pune,2024-05-05 10:38:00,3.1
customer_0029,2514,Sanya Kapoor,Mcdonald'S,Pizza,563,110,453,Cash On Delivery,Delivered,Rajesh Verma,20,4.7,Bangalore,2024-06-01 11:01:00,1.4
customer_0029,2581,Priya Verma,Kfc,Biryani,1357,209,1148,Cash On Delivery,Delivered,Ravi Kumar,19,3.2,Mumbai,2024-04-05 05:22:00,1.7
customer_0029,2659,Vikas Yadav,Burger King,Pizza,1620,192,1428,Card,Delivered,Sahil Khan,24,4.5,Chennai,2024-07-16 08:05:00,2.4
customer_0029,2978,Sanya Kapoor,Domino'S,Sandwich,237,94,143,Card,Delivered,Deepak Singh,47,2.0,Hyderabad,2024-12-24 17:40:00,1.8
customer_0029,3484,Vikas Yadav,Subway,Pizza,596,23,573,Upi,Delivered,Ankit Tiwari,24,3.5,Bangalore,2024-11-13 21:26:00,4.1
customer_0029,4350,Sanya Kapoor,Domino'S,Burger,248,112,136,Cash On Delivery,Delivered,Deepak Singh,29,3.3,Hyderabad,2024-09-12 12:29:00,4.7
customer_0029,4430,Rohan Sharma,Burger King,Biryani,260,71,189,Card,Delivered,Ankit Tiwari,60,5.0,Hyderabad,2024-10-24 22:10:00,2.0
customer_0029,4643,Sanya Kapoor,Mcdonald'S,Chicken Wings,557,151,406,Card,Delivered,Deepak Singh,22,1.1,Bangalore,2024-11-07 12:07:00,2.3
customer_0029,4975,Arjun Mehta,Domino'S,Biryani,247,5,242,Cash On Delivery,Delivered,Ankit Tiwari,47,2.8,Mumbai,2024-01-24 08:38:00,1.1
customer_0029,4996,Sanya Kapoor,Subway,Dosa,963,419,544,Card,Delivered,Ankit Tiwari,34,1.3,Delhi,2024-03-19 01:04:00,2.4
customer_0029,5072,Rohan Sharma,Mcdonald'S,Dosa,1395,75,1320,Upi,Delivered,Sahil Khan,30,1.6,Pune,2024-05-22 05:05:00,4.9
customer_0029,5347,Rohan Sharma,Mcdonald'S,Sandwich,1608,249,1359,Cash On Delivery,Delivered,Ravi Kumar,50,4.1,Bangalore,2024-08-07 17:42:00,3.1
customer_0029,5487,Priya Verma,Domino'S,Pasta,840,376,464,Card,Delivered,Rajesh Verma,53,4.0,Kolkata,2024-08-17 19:14:00,2.3
customer_0029,5740,Priya Verma,Pizza Hut,Dosa,1476,64,1412,Card,Delivered,Sahil Khan,25,3.8,Chennai,2024-04-18 02:06:00,1.2
customer_0029,5796,Sanya Kapoor,Subway,Sandwich,974,468,506,Card,Delivered,Sahil Khan,19,2.8,Kolkata,2024-04-10 21:44:00,2.0
customer_0029,5842,Priya Verma,Burger King,Pasta,1385,120,1265,Cash On Delivery,Delivered,Sahil Khan,42,1.4,Chennai,2024-08-20 22:12:00,4.2
customer_0029,5907,Arjun Mehta,Pizza Hut,Sandwich,1452,381,1071,Card,Delivered,Deepak Singh,46,1.1,Mumbai,2024-09-26 06:49:00,4.8
customer_0029,6153,Vikas Yadav,Subway,Sandwich,446,119,327,Cash On Delivery,Delivered,Ravi Kumar,40,4.4,Mumbai,2024-02-15 09:34:00,1.5
customer_0029,6188,Arjun Mehta,Mcdonald'S,Burger,1965,804,1161,Card,Delivered,Ravi Kumar,45,2.3,Mumbai,2024-11-15 04:44:00,3.2
customer_0029,6197,Sanya Kapoor,Domino'S,Chicken Wings,700,217,483,Cash On Delivery,Delivered,Ankit Tiwari,51,4.2,Chennai,2024-05-26 01:06:00,4.0
customer_0029,6264,Priya Verma,Mcdonald'S,Dosa,349,35,314,Card,Delivered,Rajesh Verma,23,2.2,Mumbai,2024-12-18 05:00:00,2.3
customer_0029,6458,Arjun Mehta,Kfc,Pasta,1984,166,1818,Card,Delivered,Rajesh Verma,57,5.0,Mumbai,2024-03-12 16:56:00,3.4
customer_0029,6527,Vikas Yadav,Subway,Pizza,1279,402,877,Upi,Delivered,Sahil Khan,15,3.5,Kolkata,2024-03-08 07:51:00,3.8
customer_0029,6544,Vikas Yadav,Kfc,Pizza,679,273,406,Cash On Delivery,Delivered,Deepak Singh,11,2.9,Chennai,2024-09-22 20:19:00,4.5
customer_0029,6631,Arjun Mehta,Pizza Hut,Biryani,1371,70,1301,Upi,Delivered,Rajesh Verma,10,2.7,Mumbai,2024-09-15 06:23:00,2.6
customer_0029,6961,Sanya Kapoor,Mcdonald'S,Chicken Wings,795,189,606,Cash On Delivery,Delivered,Sahil Khan,44,3.5,Kolkata,2024-08-01 01:59:00,4.1
customer_0029,8128,Vikas Yadav,Mcdonald'S,Pasta,524,59,465,Card,Delivered,Ravi Kumar,60,2.2,Pune,2024-01-20 17:30:00,3.3
customer_0029,8300,Sanya Kapoor,Kfc,Biryani,1490,607,883,Card,Delivered,Ravi Kumar,45,3.3,Bangalore,2024-01-21 14:19:00,2.4
customer_0029,8643,Rohan Sharma,Kfc,Burger,421,103,318,Upi,Delivered,Ravi Kumar,33,3.5,Pune,2024-07-16 00:28:00,5.0
customer_0029,8676,Priya Verma,Burger King,Dosa,687,249,438,Cash On Delivery,Delivered,Ravi Kumar,24,2.0,Hyderabad,2024-02-02 11:38:00,4.9
customer_0029,8689,Arjun Mehta,Kfc,Pasta,933,34,899,Upi,Delivered,Rajesh Verma,49,1.9,Chennai,2024-09-07 12:50:00,2.5
customer_0029,9108,Rohan Sharma,Domino'S,Chicken Wings,1105,318,787,Cash On Delivery,Delivered,Ankit Tiwari,29,3.9,Chennai,2024-10-06 11:30:00,3.6
customer_0029,9414,Rohan Sharma,Domino'S,Pasta,1125,349,776,Upi,Delivered,Deepak Singh,37,2.4,Hyderabad,2024-04-14 19:12:00,4.2
customer_0029,9501,Vikas Yadav,Kfc,Pizza,1739,477,1262,Card,Delivered,Sahil Khan,27,2.5,Chennai,2024-02-04 03:44:00,3.2
customer_0029,9605,Sanya Kapoor,Kfc,Chicken Wings,1706,275,1431,Upi,Delivered,Rajesh Verma,38,1.0,Pune,2024-09-13 23:49:00,2.9
customer_0029,10043,Rohan Sharma,Burger King,Burger,1166,198,968,Card,Delivered,Deepak Singh,10,4.4,Chennai,2024-10-11 18:13:00,4.5
customer_0029,10433,Rohan Sharma,Kfc,Chicken Wings,297,126,171,Card,Delivered,Ravi Kumar,15,1.0,Bangalore,2024-07-18 22:53:00,4.5
customer_0030,185,Priya Verma,Mcdonald'S,Biryani,1293,267,1026,Upi,Delivered,Deepak Singh,54,1.6,Pune,2024-12-01 16:24:00,2.8
customer_0030,449,Rohan Sharma,Mcdonald'S,Pizza,1274,225,1049,Upi,Delivered,Deepak Singh,59,3.6,Delhi,2024-07-07 02:46:00,3.2
customer_0030,829,Priya Verma,Mcdonald'S,Pizza,1713,806,907,Upi,Delivered,Deepak Singh,36,2.1,Pune,2024-09-15 14:04:00,1.4
customer_0030,844,Rohan Sharma,Subway,Pasta,1345,191,1154,Card,Delivered,Ravi Kumar,23,3.4,Mumbai,2024-09-16 23:18:00,2.0
customer_0030,876,Sanya Kapoor,Subway,Pizza,292,48,244,Cash On Delivery,Delivered,Ravi Kumar,48,3.1,Bangalore,2024-05-23 01:06:00,4.4
customer_0030,1054,Rohan Sharma,Subway,Pasta,160,32,128,Card,Delivered,Sahil Khan,14,2.5,Delhi,2024-04-04 07:15:00,4.9
customer_0030,1154,Vikas Yadav,Domino'S,Pizza,444,72,372,Upi,Delivered,Ravi Kumar,35,1.9,Bangalore,2024-02-07 22:13:00,1.5
customer_0030,1593,Arjun Mehta,Pizza Hut,Sandwich,1721,505,1216,Cash On Delivery,Delivered,Rajesh Verma,37,4.5,Bangalore,2024-01-10 14:48:00,1.0
customer_0030,1776,Sanya Kapoor,Burger King,Sandwich,1440,4,1436,Cash On Delivery,Delivered,Deepak Singh,39,4.8,Pune,2024-02-26 23:10:00,1.6
customer_0030,3037,Rohan Sharma,Mcdonald'S,Pizza,369,94,275,Upi,Delivered,Ankit Tiwari,20,3.8,Pune,2024-06-08 23:38:00,1.3
customer_0030,3338,Vikas Yadav,Kfc,Pasta,124,46,78,Cash On Delivery,Delivered,Sahil Khan,28,2.8,Chennai,2024-07-16 18:19:00,3.8
customer_0030,3353,Vikas Yadav,Subway,Biryani,1826,310,1516,Cash On Delivery,Delivered,Ravi Kumar,18,3.2,Bangalore,2024-11-02 11:17:00,1.7
customer_0030,3715,Arjun Mehta,Domino'S,Pizza,755,341,414,Card,Delivered,Rajesh Verma,28,1.9,Hyderabad,2024-05-09 06:33:00,4.5
customer_0030,3815,Sanya Kapoor,Domino'S,Burger,446,164,282,Card,Delivered,Sahil Khan,21,3.6,Kolkata,2024-05-17 05:36:00,1.5
customer_0030,4375,Sanya Kapoor,Mcdonald'S,Burger,1213,73,1140,Upi,Delivered,Deepak Singh,53,4.4,Pune,2024-01-17 04:40:00,3.2
customer_0030,4474,Priya Verma,Burger King,Sandwich,1460,100,1360,Card,Delivered,Deepak Singh,30,3.9,Mumbai,2024-04-06 08:21:00,1.7
customer_0030,4492,Sanya Kapoor,Kfc,Pizza,633,3,630,Cash On Delivery,Delivered,Deepak Singh,55,2.9,Kolkata,2024-07-04 21:30:00,2.2
customer_0030,4551,Arjun Mehta,Subway,Biryani,379,60,319,Cash On Delivery,Delivered,Sahil Khan,17,4.7,Hyderabad,2024-01-17 00:07:00,2.3
customer_0030,4745,Vikas Yadav,Domino'S,Pizza,793,63,730,Card,Delivered,Sahil Khan,15,2.6,Hyderabad,2024-12-28 14:54:00,2.4
customer_0030,4843,Arjun Mehta,Mcdonald'S,Sandwich,1786,139,1647,Upi,Delivered,Rajesh Verma,11,2.5,Bangalore,2024-07-14 17:12:00,3.1
customer_0030,5089,Arjun Mehta,Kfc,Biryani,110,33,77,Cash On Delivery,Delivered,Sahil Khan,43,2.1,Pune,2024-12-04 09:47:00,1.9
customer_0030,5160,Vikas Yadav,Burger King,Chicken Wings,1031,418,613,Card,Delivered,Deepak Singh,18,4.3,Kolkata,2024-08-22 07:04:00,2.4
customer_0030,5368,Rohan Sharma,Burger King,Chicken Wings,1032,417,615,Cash On Delivery,Delivered,Sahil Khan,32,4.5,Pune,2024-03-06 04:37:00,2.2
customer_0030,5430,Rohan Sharma,Domino'S,Burger,1653,256,1397,Cash On Delivery,Delivered,Sahil Khan,26,2.8,Mumbai,2024-08-18 09:53:00,3.3
customer_0030,5473,Arjun Mehta,Pizza Hut,Pasta,390,22,368,Upi,Delivered,Deepak Singh,55,1.5,Delhi,2024-02-22 16:26:00,3.5
customer_0030,5546,Priya Verma,Pizza Hut,Burger,1368,154,1214,Upi,Delivered,Deepak Singh,48,4.3,Delhi,2024-02-02 12:47:00,2.8
customer_0030,5650,Arjun Mehta,Kfc,Pasta,779,97,682,Card,Delivered,Ravi Kumar,46,3.8,Chennai,2024-02-12 14:26:00,3.9
customer_0030,6078,Sanya Kapoor,Subway,Dosa,881,349,532,Card,Delivered,Deepak Singh,12,3.4,Chennai,2024-09-24 22:22:00,3.4
customer_0030,6157,Sanya Kapoor,Burger King,Burger,309,35,274,Upi,Delivered,Sahil Khan,18,2.2,Chennai,2024-09-15 19:09:00,3.3
customer_0030,6194,Priya Verma,Pizza Hut,Pizza,1965,555,1410,Upi,Delivered,Sahil Khan,43,3.4,Hyderabad,2024-01-17 18:38:00,4.5
customer_0030,6568,Arjun Mehta,Subway,Burger,823,161,662,Card,Delivered,Deepak Singh,46,2.9,Chennai,2024-02-10 20:14:00,4.9
customer_0030,6673,Priya Verma,Mcdonald'S,Burger,527,66,461,Cash On Delivery,Delivered,Ankit Tiwari,29,3.1,Chennai,2024-12-13 15:58:00,2.5
customer_0030,6904,Vikas Yadav,Domino'S,Dosa,1421,303,1118,Card,Delivered,Ankit Tiwari,11,2.8,Pune,2024-08-06 16:52:00,4.4
customer_0030,6954,Sanya Kapoor,Domino'S,Pizza,254,100,154,Card,Delivered,Rajesh Verma,45,1.9,Hyderabad,2024-08-15 05:36:00,4.9
customer_0030,7443,Sanya Kapoor,Kfc,Chicken Wings,288,82,206,Cash On Delivery,Delivered,Deepak Singh,51,2.9,Bangalore,2024-04-02 17:44:00,2.3
customer_0030,7583,Sanya Kapoor,Kfc,Dosa,1972,250,1722,Card,Delivered,Rajesh Verma,55,4.9,Delhi,2024-06-20 11:36:00,3.5
customer_0030,7836,Sanya Kapoor,Subway,Pasta,920,228,692,Card,Delivered,Rajesh Verma,35,5.0,Mumbai,2024-09-22 00:20:00,4.2
customer_0030,8075,Rohan Sharma,Burger King,Biryani,593,236,357,Cash On Delivery,Delivered,Rajesh Verma,21,2.5,Hyderabad,2024-05-06 15:47:00,4.7
customer_0030,8078,Sanya Kapoor,Burger King,Sandwich,192,82,110,Card,Delivered,Ravi Kumar,46,1.4,Bangalore,2024-10-21 20:09:00,1.2
customer_0030,8131,Sanya Kapoor,Subway,Burger,714,223,491,Card,Delivered,Ankit Tiwari,55,4.4,Hyderabad,2024-01-14 16:43:00,2.1
customer_0030,8397,Rohan Sharma,Mcdonald'S,Biryani,936,466,470,Card,Delivered,Deepak Singh,14,4.8,Delhi,2024-03-11 23:11:00,1.6
customer_0030,8399,Vikas Yadav,Subway,Chicken Wings,1340,82,1258,Cash On Delivery,Delivered,Ankit Tiwari,52,4.5,Hyderabad,2024-01-03 06:02:00,2.4
customer_0030,8515,Priya Verma,Burger King,Biryani,503,31,472,Upi,Delivered,Sahil Khan,33,1.3,Bangalore,2024-08-12 02:27:00,1.9
customer_0030,8528,Rohan Sharma,Domino'S,Pizza,1686,492,1194,Card,Delivered,Sahil Khan,47,1.5,Bangalore,2024-04-20 20:36:00,4.9
customer_0030,8615,Sanya Kapoor,Domino'S,Sandwich,1041,276,765,Card,Delivered,Ravi Kumar,29,1.1,Kolkata,2024-11-14 06:52:00,1.9
customer_0030,8868,Priya Verma,Subway,Biryani,496,162,334,Upi,Delivered,Ravi Kumar,41,2.7,Kolkata,2024-06-06 00:34:00,3.7
customer_0030,8934,Priya Verma,Pizza Hut,Chicken Wings,955,210,745,Card,Delivered,Rajesh Verma,48,3.7,Pune,2024-07-06 07:53:00,2.3
customer_0030,9681,Arjun Mehta,Pizza Hut,Pasta,1558,231,1327,Card,Delivered,Sahil Khan,10,3.9,Delhi,2024-09-15 15:30:00,4.4
customer_0030,9765,Priya Verma,Burger King,Chicken Wings,273,61,212,Card,Delivered,Ravi Kumar,40,4.9,Mumbai,2024-06-09 04:59:00,3.5
customer_0031,317,Priya Verma,Pizza Hut,Sandwich,1127,526,601,Card,Delivered,Ankit Tiwari,30,3.4,Pune,2024-11-25 15:39:00,1.6
customer_0031,395,Sanya Kapoor,Domino'S,Burger,463,64,399,Card,Delivered,Ankit Tiwari,58,4.8,Delhi,2024-02-24 08:07:00,1.1
customer_0031,1612,Arjun Mehta,Kfc,Pizza,1134,261,873,Cash On Delivery,Delivered,Ankit Tiwari,60,2.0,Mumbai,2024-12-03 13:06:00,1.2
customer_0031,3071,Vikas Yadav,Mcdonald'S,Pizza,1256,198,1058,Upi,Delivered,Ravi Kumar,24,3.9,Hyderabad,2024-12-12 07:28:00,2.3
customer_0031,3373,Sanya Kapoor,Domino'S,Biryani,205,67,138,Card,Delivered,Rajesh Verma,56,3.1,Mumbai,2024-08-19 17:29:00,5.0
customer_0031,3996,Vikas Yadav,Mcdonald'S,Dosa,236,13,223,Card,Delivered,Rajesh Verma,60,3.6,Pune,2024-03-06 19:07:00,3.4
customer_0031,4233,Priya Verma,Domino'S,Pasta,1579,423,1156,Card,Delivered,Ravi Kumar,60,3.2,Chennai,2024-12-24 22:39:00,2.2
customer_0031,4851,Arjun Mehta,Kfc,Sandwich,154,23,131,Card,Delivered,Sahil Khan,59,3.5,Hyderabad,2024-12-12 02:33:00,4.5
customer_0031,5520,Vikas Yadav,Pizza Hut,Biryani,439,54,385,Cash On Delivery,Delivered,Ankit Tiwari,59,1.8,Pune,2024-06-01 20:55:00,4.7
customer_0031,7200,Rohan Sharma,Subway,Chicken Wings,805,137,668,Cash On Delivery,Delivered,Rajesh Verma,16,3.2,Hyderabad,2024-07-05 00:54:00,4.2
customer_0031,7585,Sanya Kapoor,Burger King,Chicken Wings,1323,470,853,Cash On Delivery,Delivered,Rajesh Verma,60,4.4,Bangalore,2024-01-09 19:42:00,4.9
customer_0031,8148,Rohan Sharma,Mcdonald'S,Dosa,1618,692,926,Upi,Delivered,Rajesh Verma,34,2.4,Delhi,2024-10-17 07:36:00,3.4
customer_0031,8380,Sanya Kapoor,Subway,Dosa,829,347,482,Card,Delivered,Ankit Tiwari,28,3.4,Chennai,2024-04-15 00:29:00,4.1
customer_0031,8569,Vikas Yadav,Domino'S,Biryani,979,93,886,Cash On Delivery,Delivered,Ankit Tiwari,58,1.6,Kolkata,2024-05-25 01:33:00,1.7
customer_0031,9185,Arjun Mehta,Mcdonald'S,Biryani,446,205,241,Card,Delivered,Ravi Kumar,13,2.5,Chennai,2024-06-18 19:47:00,2.6
customer_0031,9772,Priya Verma,Burger King,Pasta,1757,166,1591,Upi,Delivered,Sahil Khan,13,2.1,Pune,2024-08-07 12:19:00,1.5
customer_0031,10260,Priya Verma,Domino'S,Biryani,1320,361,959,Card,Delivered,Deepak Singh,25,3.4,Hyderabad,2024-05-19 13:44:00,4.8
customer_0032,699,Arjun Mehta,Domino'S,Burger,1469,182,1287,Card,Delivered,Rajesh Verma,37,3.0,Hyderabad,2024-05-18 06:22:00,3.2
customer_0032,722,Sanya Kapoor,Kfc,Burger,314,78,236,Cash On Delivery,Delivered,Ravi Kumar,33,3.7,Hyderabad,2024-05-16 06:48:00,2.7
customer_0032,2225,Vikas Yadav,Burger King,Sandwich,1956,203,1753,Card,Delivered,Rajesh Verma,37,4.3,Bangalore,2024-03-01 06:57:00,4.1
customer_0032,2522,Priya Verma,Subway,Pasta,137,29,108,Upi,Delivered,Deepak Singh,30,1.2,Kolkata,2024-05-21 03:06:00,2.7
customer_0032,2778,Rohan Sharma,Domino'S,Biryani,965,316,649,Cash On Delivery,Delivered,Ravi Kumar,23,2.1,Chennai,2024-07-28 06:05:00,1.1
customer_0032,3089,Rohan Sharma,Burger King,Burger,1744,709,1035,Cash On Delivery,Delivered,Deepak Singh,58,2.7,Bangalore,2024-12-28 10:33:00,2.2
customer_0032,3443,Vikas Yadav,Subway,Pasta,1544,224,1320,Cash On Delivery,Delivered,Sahil Khan,17,3.3,Chennai,2024-08-15 03:56:00,2.7
customer_0032,3541,Arjun Mehta,Kfc,Biryani,1825,584,1241,Card,Delivered,Sahil Khan,57,2.9,Delhi,2024-05-25 17:08:00,1.1
customer_0032,3680,Rohan Sharma,Domino'S,Dosa,975,211,764,Upi,Delivered,Ravi Kumar,12,3.2,Hyderabad,2024-03-25 03:10:00,1.6
customer_0032,3864,Sanya Kapoor,Domino'S,Dosa,758,48,710,Card,Delivered,Rajesh Verma,40,4.9,Chennai,2024-05-17 09:52:00,1.2
customer_0032,3993,Rohan Sharma,Subway,Pasta,1350,647,703,Cash On Delivery,Delivered,Sahil Khan,51,4.5,Bangalore,2024-04-09 02:08:00,4.2
customer_0032,4068,Rohan Sharma,Pizza Hut,Pasta,201,58,143,Cash On Delivery,Delivered,Ravi Kumar,58,2.1,Hyderabad,2024-04-08 01:04:00,4.6
customer_0032,4260,Vikas Yadav,Burger King,Biryani,198,98,100,Card,Delivered,Rajesh Verma,51,3.5,Delhi,2024-09-09 13:48:00,4.0
customer_0032,4306,Arjun Mehta,Pizza Hut,Dosa,704,244,460,Cash On Delivery,Delivered,Ravi Kumar,26,4.4,Kolkata,2024-05-21 04:25:00,2.0
customer_0032,4908,Rohan Sharma,Kfc,Biryani,435,83,352,Card,Delivered,Rajesh Verma,55,4.9,Hyderabad,2024-01-11 03:25:00,4.0
customer_0032,5258,Arjun Mehta,Domino'S,Chicken Wings,1456,283,1173,Card,Delivered,Ankit Tiwari,54,4.1,Chennai,2024-06-16 10:18:00,3.2
customer_0032,5392,Sanya Kapoor,Mcdonald'S,Biryani,940,190,750,Upi,Delivered,Deepak Singh,33,3.7,Hyderabad,2024-03-18 18:54:00,1.3
customer_0032,5801,Priya Verma,Burger King,Dosa,1971,582,1389,Card,Delivered,Sahil Khan,49,4.2,Delhi,2024-12-26 05:17:00,1.9
customer_0032,5839,Vikas Yadav,Pizza Hut,Sandwich,738,205,533,Card,Delivered,Rajesh Verma,27,2.3,Bangalore,2024-11-01 12:23:00,4.6
customer_0032,5959,Sanya Kapoor,Pizza Hut,Pizza,1629,310,1319,Cash On Delivery,Delivered,Deepak Singh,18,1.5,Hyderabad,2024-08-12 06:08:00,1.9
customer_0032,5991,Vikas Yadav,Subway,Pizza,1756,128,1628,Upi,Delivered,Ravi Kumar,15,3.0,Pune,2024-10-16 16:08:00,3.7
customer_0032,6882,Sanya Kapoor,Burger King,Burger,359,23,336,Card,Delivered,Ankit Tiwari,60,4.0,Mumbai,2024-03-28 06:50:00,1.9
customer_0032,7188,Vikas Yadav,Kfc,Chicken Wings,800,38,762,Card,Delivered,Ankit Tiwari,39,3.6,Mumbai,2024-04-13 20:27:00,3.4
customer_0032,7261,Vikas Yadav,Subway,Chicken Wings,887,399,488,Card,Delivered,Ankit Tiwari,16,1.2,Hyderabad,2024-09-22 14:38:00,2.4
customer_0032,7753,Priya Verma,Mcdonald'S,Sandwich,589,209,380,Upi,Delivered,Rajesh Verma,18,1.8,Chennai,2024-12-22 04:15:00,1.2
customer_0032,7798,Priya Verma,Domino'S,Sandwich,1878,350,1528,Upi,Delivered,Ravi Kumar,42,1.6,Chennai,2024-03-17 00:06:00,2.8
customer_0032,7865,Sanya Kapoor,Pizza Hut,Chicken Wings,572,256,316,Upi,Delivered,Ankit Tiwari,48,2.9,Mumbai,2024-02-16 20:37:00,3.2
customer_0032,7928,Priya Verma,Domino'S,Dosa,820,345,475,Cash On Delivery,Delivered,Deepak Singh,36,3.2,Kolkata,2024-08-10 05:08:00,1.6
customer_0032,8529,Priya Verma,Subway,Pasta,1372,505,867,Cash On Delivery,Delivered,Deepak Singh,44,2.2,Hyderabad,2024-02-12 14:53:00,1.1
customer_0032,8836,Vikas Yadav,Pizza Hut,Sandwich,1148,163,985,Card,Delivered,Sahil Khan,52,3.0,Hyderabad,2024-09-26 18:18:00,1.9
customer_0032,9089,Rohan Sharma,Kfc,Biryani,1479,682,797,Upi,Delivered,Sahil Khan,32,1.2,Pune,2024-11-17 14:59:00,2.6
customer_0032,9507,Vikas Yadav,Kfc,Sandwich,882,434,448,Cash On Delivery,Delivered,Rajesh Verma,26,2.0,Delhi,2024-07-06 13:52:00,3.3
customer_0033,586,Sanya Kapoor,Kfc,Burger,140,45,95,Upi,Delivered,Deepak Singh,15,2.6,Mumbai,2024-04-18 19:35:00,1.6
customer_0033,809,Arjun Mehta,Burger King,Pizza,1615,402,1213,Cash On Delivery,Delivered,Ankit Tiwari,11,5.0,Bangalore,2024-04-02 14:28:00,1.7
customer_0033,1451,Rohan Sharma,Pizza Hut,Dosa,1071,63,1008,Card,Delivered,Deepak Singh,15,1.6,Mumbai,2024-06-23 09:49:00,2.7
customer_0033,2014,Priya Verma,Pizza Hut,Biryani,1746,576,1170,Cash On Delivery,Delivered,Deepak Singh,21,1.6,Bangalore,2024-07-13 00:30:00,2.2
customer_0033,2015,Rohan Sharma,Kfc,Pizza,1854,92,1762,Card,Delivered,Rajesh Verma,38,2.0,Chennai,2024-03-17 22:38:00,1.4
customer_0033,2224,Rohan Sharma,Burger King,Chicken Wings,1383,521,862,Card,Delivered,Deepak Singh,42,4.3,Kolkata,2024-12-04 12:07:00,2.8
customer_0033,2290,Vikas Yadav,Pizza Hut,Pasta,1860,893,967,Cash On Delivery,Delivered,Deepak Singh,15,4.9,Chennai,2024-06-10 12:43:00,1.7
customer_0033,2733,Priya Verma,Kfc,Biryani,572,167,405,Cash On Delivery,Delivered,Rajesh Verma,32,4.9,Bangalore,2024-08-02 05:28:00,1.8
customer_0033,2800,Priya Verma,Kfc,Pasta,1045,115,930,Cash On Delivery,Delivered,Rajesh Verma,39,2.7,Kolkata,2024-04-13 22:18:00,4.1
customer_0033,3776,Arjun Mehta,Domino'S,Pasta,1892,946,946,Upi,Delivered,Ankit Tiwari,27,3.5,Kolkata,2024-07-08 09:11:00,3.8
customer_0033,3838,Rohan Sharma,Subway,Chicken Wings,1971,184,1787,Card,Delivered,Ravi Kumar,41,2.2,Chennai,2024-05-01 19:45:00,4.0
customer_0033,4330,Sanya Kapoor,Kfc,Biryani,1149,479,670,Cash On Delivery,Delivered,Rajesh Verma,43,1.4,Chennai,2024-06-26 10:58:00,4.1
customer_0033,4437,Sanya Kapoor,Domino'S,Chicken Wings,223,46,177,Card,Delivered,Ravi Kumar,15,4.2,Chennai,2024-03-16 07:14:00,1.6
customer_0033,4471,Rohan Sharma,Burger King,Burger,1741,490,1251,Cash On Delivery,Delivered,Deepak Singh,25,3.9,Bangalore,2024-11-21 14:58:00,4.0
customer_0033,4687,Vikas Yadav,Burger King,Biryani,1296,167,1129,Upi,Delivered,Ravi Kumar,25,4.8,Mumbai,2024-03-23 05:02:00,3.4
customer_0033,4743,Vikas Yadav,Mcdonald'S,Dosa,305,57,248,Cash On Delivery,Delivered,Deepak Singh,36,2.5,Chennai,2024-11-09 07:26:00,3.7
customer_0033,4914,Priya Verma,Mcdonald'S,Pasta,1700,387,1313,Upi,Delivered,Ankit Tiwari,50,1.6,Bangalore,2024-07-25 09:31:00,2.6
customer_0033,5446,Rohan Sharma,Burger King,Burger,522,148,374,Upi,Delivered,Sahil Khan,23,1.9,Bangalore,2024-02-23 04:54:00,4.1
customer_0033,6046,Priya Verma,Kfc,Burger,1177,234,943,Cash On Delivery,Delivered,Ravi Kumar,56,1.8,Pune,2024-02-10 07:50:00,2.7
customer_0033,6561,Rohan Sharma,Mcdonald'S,Burger,1633,676,957,Upi,Delivered,Ankit Tiwari,49,3.3,Hyderabad,2024-12-26 17:05:00,2.3
customer_0033,6579,Sanya Kapoor,Burger King,Sandwich,1451,530,921,Cash On Delivery,Delivered,Sahil Khan,58,3.0,Chennai,2024-06-14 12:24:00,3.5
customer_0033,6624,Priya Verma,Domino'S,Chicken Wings,664,327,337,Cash On Delivery,Delivered,Rajesh Verma,26,1.3,Pune,2024-01-06 03:01:00,2.0
customer_0033,6799,Vikas Yadav,Kfc,Chicken Wings,857,300,557,Card,Delivered,Sahil Khan,41,4.3,Hyderabad,2024-04-06 10:41:00,4.7
customer_0033,6947,Vikas Yadav,Pizza Hut,Chicken Wings,187,81,106,Card,Delivered,Ravi Kumar,59,2.4,Kolkata,2024-01-16 04:17:00,2.7
customer_0033,7408,Priya Verma,Domino'S,Biryani,1460,204,1256,Cash On Delivery,Delivered,Ankit Tiwari,50,1.4,Chennai,2024-10-06 22:19:00,3.7
customer_0033,7767,Priya Verma,Mcdonald'S,Chicken Wings,1905,518,1387,Upi,Delivered,Ankit Tiwari,11,3.6,Bangalore,2024-05-11 16:43:00,3.2
customer_0033,7806,Priya Verma,Burger King,Dosa,1208,570,638,Upi,Delivered,Deepak Singh,59,2.4,Chennai,2024-03-03 10:02:00,2.5
customer_0033,7924,Sanya Kapoor,Pizza Hut,Chicken Wings,714,300,414,Upi,Delivered,Deepak Singh,20,2.6,Pune,2024-10-22 17:23:00,2.0
customer_0033,8160,Vikas Yadav,Pizza Hut,Biryani,1258,446,812,Card,Delivered,Rajesh Verma,41,4.3,Delhi,2024-08-16 11:41:00,2.3
customer_0033,8162,Priya Verma,Mcdonald'S,Pizza,176,26,150,Upi,Delivered,Deepak Singh,11,4.9,Kolkata,2024-11-20 03:20:00,3.7
customer_0033,8259,Priya Verma,Kfc,Chicken Wings,407,48,359,Cash On Delivery,Delivered,Sahil Khan,22,1.9,Delhi,2024-03-11 17:27:00,3.2
customer_0033,9140,Sanya Kapoor,Pizza Hut,Biryani,410,195,215,Cash On Delivery,Delivered,Ankit Tiwari,33,4.3,Kolkata,2024-06-09 15:40:00,3.6
customer_0033,9442,Vikas Yadav,Subway,Dosa,1870,43,1827,Cash On Delivery,Delivered,Rajesh Verma,39,2.0,Hyderabad,2024-07-01 16:48:00,1.6
customer_0033,9870,Rohan Sharma,Burger King,Pasta,1036,28,1008,Upi,Delivered,Ankit Tiwari,11,1.7,Delhi,2024-09-23 15:13:00,4.6
customer_0033,10343,Vikas Yadav,Pizza Hut,Pasta,1747,80,1667,Card,Delivered,Ankit Tiwari,44,1.4,Hyderabad,2024-08-02 21:41:00,2.5
customer_0034,71,Vikas Yadav,Subway,Sandwich,307,109,198,Upi,Delivered,Sahil Khan,40,2.2,Kolkata,2024-09-27 11:34:00,3.7
customer_0034,390,Priya Verma,Pizza Hut,Dosa,168,47,121,Cash On Delivery,Delivered,Ravi Kumar,53,3.5,Hyderabad,2024-12-25 13:28:00,1.7
customer_0034,439,Vikas Yadav,Pizza Hut,Pizza,1967,850,1117,Cash On Delivery,Delivered,Ravi Kumar,24,2.3,Kolkata,2024-07-17 18:11:00,1.1
customer_0034,530,Vikas Yadav,Pizza Hut,Pasta,905,252,653,Card,Delivered,Rajesh Verma,16,3.2,Chennai,2024-11-11 07:55:00,1.3
customer_0034,617,Priya Verma,Pizza Hut,Pizza,1060,78,982,Cash On Delivery,Delivered,Deepak Singh,47,1.8,Pune,2024-07-13 16:54:00,1.5
customer_0034,658,Sanya Kapoor,Mcdonald'S,Pasta,812,248,564,Cash On Delivery,Delivered,Sahil Khan,10,2.2,Mumbai,2024-04-08 23:35:00,1.7
customer_0034,1706,Vikas Yadav,Domino'S,Chicken Wings,528,62,466,Card,Delivered,Ravi Kumar,47,3.9,Hyderabad,2024-02-28 17:15:00,4.1
customer_0034,2508,Arjun Mehta,Burger King,Dosa,886,244,642,Cash On Delivery,Delivered,Rajesh Verma,54,1.9,Kolkata,2024-07-17 12:45:00,3.0
customer_0034,2675,Rohan Sharma,Kfc,Pasta,315,126,189,Upi,Delivered,Ankit Tiwari,49,2.5,Mumbai,2024-06-15 08:42:00,1.4
customer_0034,3147,Priya Verma,Burger King,Pasta,907,272,635,Cash On Delivery,Delivered,Deepak Singh,47,1.4,Bangalore,2024-01-04 07:36:00,3.7
customer_0034,4261,Arjun Mehta,Kfc,Pasta,852,191,661,Upi,Delivered,Rajesh Verma,40,2.8,Chennai,2024-01-27 03:19:00,2.1
customer_0034,4296,Vikas Yadav,Domino'S,Pasta,724,83,641,Cash On Delivery,Delivered,Deepak Singh,44,4.6,Hyderabad,2024-11-06 13:47:00,1.6
customer_0034,4418,Vikas Yadav,Kfc,Pizza,1137,487,650,Card,Delivered,Ravi Kumar,57,3.2,Hyderabad,2024-11-01 22:27:00,4.7
customer_0034,4494,Sanya Kapoor,Mcdonald'S,Sandwich,906,279,627,Card,Delivered,Rajesh Verma,39,3.6,Hyderabad,2024-11-25 02:23:00,3.0
customer_0034,5157,Arjun Mehta,Subway,Sandwich,831,352,479,Upi,Delivered,Sahil Khan,31,2.8,Pune,2024-03-07 21:10:00,1.4
customer_0034,5894,Arjun Mehta,Burger King,Sandwich,284,124,160,Upi,Delivered,Ankit Tiwari,55,5.0,Hyderabad,2024-09-28 13:40:00,3.9
customer_0034,6155,Vikas Yadav,Kfc,Pizza,226,27,199,Card,Delivered,Ravi Kumar,51,4.2,Bangalore,2024-10-16 05:32:00,3.6
customer_0034,6558,Arjun Mehta,Burger King,Pizza,1728,518,1210,Cash On Delivery,Delivered,Rajesh Verma,60,2.1,Hyderabad,2024-10-10 18:12:00,1.3
customer_0034,6597,Rohan Sharma,Domino'S,Sandwich,1130,245,885,Upi,Delivered,Ankit Tiwari,25,4.4,Chennai,2024-10-04 17:16:00,4.2
customer_0034,6844,Arjun Mehta,Domino'S,Pasta,380,82,298,Upi,Delivered,Sahil Khan,50,1.4,Pune,2024-08-05 18:17:00,2.0
customer_0034,6924,Sanya Kapoor,Kfc,Pizza,478,76,402,Card,Delivered,Ankit Tiwari,21,2.4,Chennai,2024-12-17 09:41:00,2.2
customer_0034,6958,Arjun Mehta,Burger King,Burger,124,51,73,Card,Delivered,Deepak Singh,34,3.2,Kolkata,2024-09-04 22:44:00,3.4
customer_0034,7433,Sanya Kapoor,Kfc,Dosa,1001,32,969,Upi,Delivered,Ravi Kumar,36,4.8,Chennai,2024-05-07 00:38:00,2.3
customer_0034,7774,Arjun Mehta,Kfc,Pasta,238,7,231,Card,Delivered,Rajesh Verma,50,1.9,Delhi,2024-06-20 18:52:00,2.9
customer_0034,8340,Rohan Sharma,Burger King,Dosa,720,92,628,Card,Delivered,Ankit Tiwari,43,1.6,Hyderabad,2024-10-02 02:05:00,4.7
customer_0034,8415,Rohan Sharma,Kfc,Chicken Wings,692,151,541,Cash On Delivery,Delivered,Rajesh Verma,46,1.3,Bangalore,2024-08-03 19:32:00,4.1
customer_0034,8704,Sanya Kapoor,Kfc,Sandwich,438,211,227,Card,Delivered,Ravi Kumar,35,4.3,Delhi,2024-03-15 15:00:00,1.3
customer_0034,8748,Sanya Kapoor,Kfc,Pizza,1367,171,1196,Upi,Delivered,Deepak Singh,18,4.2,Bangalore,2024-01-08 21:48:00,1.9
customer_0034,8863,Arjun Mehta,Pizza Hut,Sandwich,1542,424,1118,Cash On Delivery,Delivered,Deepak Singh,14,2.7,Mumbai,2024-08-10 22:28:00,1.4
customer_0034,9450,Vikas Yadav,Mcdonald'S,Pasta,1244,552,692,Upi,Delivered,Ravi Kumar,15,2.0,Kolkata,2024-07-02 22:55:00,3.1
customer_0034,9706,Rohan Sharma,Subway,Dosa,412,50,362,Upi,Delivered,Rajesh Verma,28,2.2,Bangalore,2024-08-09 20:49:00,3.9
customer_0034,9838,Rohan Sharma,Subway,Pasta,949,212,737,Cash On Delivery,Delivered,Rajesh Verma,58,1.2,Delhi,2024-11-02 05:08:00,4.7
customer_0034,9911,Arjun Mehta,Pizza Hut,Burger,1225,220,1005,Cash On Delivery,Delivered,Rajesh Verma,31,3.6,Delhi,2024-02-08 10:25:00,2.5
customer_0035,150,Arjun Mehta,Burger King,Pasta,372,116,256,Upi,Delivered,Rajesh Verma,23,3.4,Chennai,2024-12-15 10:57:00,1.3
customer_0035,259,Vikas Yadav,Kfc,Biryani,1854,625,1229,Card,Delivered,Ankit Tiwari,26,4.5,Delhi,2024-04-25 09:06:00,4.9
customer_0035,281,Vikas Yadav,Kfc,Sandwich,250,63,187,Cash On Delivery,Delivered,Ravi Kumar,57,4.2,Kolkata,2024-01-10 20:52:00,4.6
customer_0035,354,Rohan Sharma,Kfc,Chicken Wings,1557,522,1035,Upi,Delivered,Ravi Kumar,24,4.9,Bangalore,2024-02-16 18:47:00,3.4
customer_0035,850,Sanya Kapoor,Mcdonald'S,Burger,1009,71,938,Cash On Delivery,Delivered,Sahil Khan,19,3.4,Kolkata,2024-10-03 20:30:00,2.8
customer_0035,1852,Sanya Kapoor,Burger King,Biryani,566,164,402,Card,Delivered,Deepak Singh,47,2.2,Delhi,2024-10-28 19:14:00,2.4
customer_0035,2480,Arjun Mehta,Subway,Dosa,1082,269,813,Upi,Delivered,Deepak Singh,22,2.2,Pune,2024-08-25 06:12:00,3.8
customer_0035,2737,Priya Verma,Kfc,Pizza,1303,4,1299,Upi,Delivered,Rajesh Verma,39,1.2,Bangalore,2024-12-19 15:02:00,4.1
customer_0035,2783,Sanya Kapoor,Mcdonald'S,Burger,1429,143,1286,Cash On Delivery,Delivered,Ravi Kumar,14,1.0,Mumbai,2024-05-06 02:26:00,2.3
customer_0035,3001,Priya Verma,Pizza Hut,Sandwich,769,297,472,Card,Delivered,Rajesh Verma,20,1.1,Bangalore,2024-04-20 18:47:00,3.4
customer_0035,3641,Arjun Mehta,Kfc,Chicken Wings,1474,98,1376,Card,Delivered,Ankit Tiwari,15,2.9,Hyderabad,2024-12-04 03:59:00,3.8
customer_0035,3647,Arjun Mehta,Mcdonald'S,Biryani,128,39,89,Upi,Delivered,Deepak Singh,33,4.5,Delhi,2024-01-13 14:28:00,3.0
customer_0035,3772,Sanya Kapoor,Pizza Hut,Chicken Wings,775,296,479,Upi,Delivered,Ankit Tiwari,10,4.2,Pune,2024-12-17 10:47:00,4.6
customer_0035,4480,Arjun Mehta,Burger King,Chicken Wings,1618,541,1077,Cash On Delivery,Delivered,Ankit Tiwari,19,2.7,Delhi,2024-03-17 08:56:00,1.7
customer_0035,4617,Priya Verma,Pizza Hut,Biryani,473,89,384,Upi,Delivered,Rajesh Verma,54,4.9,Mumbai,2024-02-21 10:41:00,4.3
customer_0035,4984,Vikas Yadav,Mcdonald'S,Biryani,443,171,272,Cash On Delivery,Delivered,Rajesh Verma,50,3.8,Hyderabad,2024-01-26 17:23:00,3.1
customer_0035,5197,Sanya Kapoor,Kfc,Pizza,1364,488,876,Cash On Delivery,Delivered,Sahil Khan,42,1.3,Mumbai,2024-03-19 22:43:00,4.5
customer_0035,5600,Rohan Sharma,Mcdonald'S,Chicken Wings,750,110,640,Upi,Delivered,Rajesh Verma,20,3.9,Hyderabad,2024-08-25 23:51:00,3.7
customer_0035,5971,Sanya Kapoor,Kfc,Burger,670,307,363,Cash On Delivery,Delivered,Sahil Khan,14,3.5,Bangalore,2024-10-12 21:05:00,2.8
customer_0035,7561,Vikas Yadav,Burger King,Pizza,990,120,870,Card,Delivered,Rajesh Verma,23,3.9,Bangalore,2024-08-17 17:20:00,4.7
customer_0035,8136,Rohan Sharma,Burger King,Chicken Wings,1507,665,842,Cash On Delivery,Delivered,Sahil Khan,16,2.8,Mumbai,2024-01-24 08:54:00,2.0
customer_0035,8218,Rohan Sharma,Kfc,Sandwich,548,107,441,Card,Delivered,Ravi Kumar,33,4.3,Pune,2024-02-27 06:30:00,4.2
customer_0035,8402,Sanya Kapoor,Subway,Pasta,450,64,386,Upi,Delivered,Sahil Khan,11,3.1,Pune,2024-01-25 01:40:00,1.3
customer_0035,9016,Rohan Sharma,Kfc,Chicken Wings,1583,471,1112,Card,Delivered,Deepak Singh,43,1.7,Chennai,2024-11-17 19:17:00,3.6
customer_0035,9327,Sanya Kapoor,Burger King,Sandwich,1216,356,860,Cash On Delivery,Delivered,Deepak Singh,25,3.1,Bangalore,2024-08-02 07:09:00,1.3
customer_0035,9784,Priya Verma,Mcdonald'S,Pizza,1607,786,821,Cash On Delivery,Delivered,Ravi Kumar,59,1.6,Hyderabad,2024-11-10 20:49:00,4.7
customer_0035,9820,Rohan Sharma,Domino'S,Biryani,1353,118,1235,Card,Delivered,Deepak Singh,34,1.3,Bangalore,2024-12-24 06:05:00,3.0
customer_0036,949,Sanya Kapoor,Pizza Hut,Biryani,459,209,250,Card,Delivered,Rajesh Verma,52,2.2,Bangalore,2024-02-25 16:49:00,1.9
customer_0036,1194,Priya Verma,Burger King,Chicken Wings,1780,799,981,Cash On Delivery,Delivered,Sahil Khan,19,4.4,Mumbai,2024-04-09 06:42:00,1.9
customer_0036,1515,Arjun Mehta,Kfc,Pasta,369,22,347,Cash On Delivery,Delivered,Sahil Khan,13,1.6,Bangalore,2024-05-13 08:05:00,3.6
customer_0036,2130,Priya Verma,Subway,Dosa,907,244,663,Card,Delivered,Sahil Khan,54,2.5,Delhi,2024-07-11 13:15:00,2.8
customer_0036,2150,Priya Verma,Mcdonald'S,Burger,748,277,471,Card,Delivered,Sahil Khan,14,4.6,Hyderabad,2024-05-21 17:45:00,2.7
customer_0036,2770,Priya Verma,Pizza Hut,Sandwich,631,207,424,Cash On Delivery,Delivered,Deepak Singh,13,4.7,Bangalore,2024-10-07 15:36:00,1.3
customer_0036,2920,Arjun Mehta,Mcdonald'S,Biryani,1200,156,1044,Cash On Delivery,Delivered,Ravi Kumar,19,4.2,Chennai,2024-05-19 18:56:00,3.4
customer_0036,3793,Priya Verma,Kfc,Dosa,1447,312,1135,Card,Delivered,Deepak Singh,11,2.5,Delhi,2024-05-03 21:10:00,4.3
customer_0036,3855,Arjun Mehta,Domino'S,Sandwich,1937,53,1884,Cash On Delivery,Delivered,Ravi Kumar,45,3.4,Hyderabad,2024-03-27 16:00:00,3.3
customer_0036,3870,Sanya Kapoor,Pizza Hut,Pasta,455,186,269,Card,Delivered,Ankit Tiwari,30,5.0,Chennai,2024-10-06 04:49:00,1.2
customer_0036,4056,Vikas Yadav,Domino'S,Burger,728,114,614,Upi,Delivered,Rajesh Verma,55,2.2,Hyderabad,2024-03-27 23:24:00,4.0
customer_0036,4391,Priya Verma,Kfc,Biryani,1877,233,1644,Upi,Delivered,Ankit Tiwari,22,1.2,Pune,2024-05-25 11:57:00,2.9
customer_0036,4400,Priya Verma,Kfc,Chicken Wings,1453,412,1041,Upi,Delivered,Rajesh Verma,36,5.0,Pune,2024-08-19 06:10:00,4.8
customer_0036,4887,Rohan Sharma,Kfc,Chicken Wings,862,368,494,Cash On Delivery,Delivered,Ankit Tiwari,27,2.3,Kolkata,2024-09-28 04:09:00,3.7
customer_0036,4901,Priya Verma,Kfc,Biryani,1681,678,1003,Card,Delivered,Ankit Tiwari,37,4.8,Chennai,2024-04-08 00:01:00,5.0
customer_0036,5146,Rohan Sharma,Burger King,Dosa,338,140,198,Cash On Delivery,Delivered,Ankit Tiwari,56,1.3,Chennai,2024-11-10 19:59:00,3.0
customer_0036,5768,Sanya Kapoor,Mcdonald'S,Sandwich,1066,280,786,Cash On Delivery,Delivered,Deepak Singh,51,4.6,Chennai,2024-06-27 01:19:00,1.6
customer_0036,6025,Sanya Kapoor,Kfc,Pasta,1938,958,980,Upi,Delivered,Ravi Kumar,33,4.9,Pune,2024-11-14 17:19:00,4.2
customer_0036,6314,Rohan Sharma,Mcdonald'S,Burger,1682,756,926,Cash On Delivery,Delivered,Ankit Tiwari,34,2.4,Chennai,2024-10-06 20:15:00,2.6
customer_0036,6540,Vikas Yadav,Subway,Pizza,1022,488,534,Card,Delivered,Rajesh Verma,46,2.0,Kolkata,2024-10-06 03:56:00,2.2
customer_0036,6752,Arjun Mehta,Mcdonald'S,Sandwich,1624,803,821,Card,Delivered,Rajesh Verma,45,2.7,Bangalore,2024-05-12 01:24:00,2.9
customer_0036,6996,Arjun Mehta,Subway,Dosa,294,57,237,Upi,Delivered,Deepak Singh,43,4.9,Pune,2024-12-26 19:54:00,4.6
customer_0036,7085,Vikas Yadav,Burger King,Pizza,1848,906,942,Card,Delivered,Sahil Khan,36,4.4,Bangalore,2024-01-26 10:58:00,3.1
customer_0036,7182,Sanya Kapoor,Pizza Hut,Burger,523,246,277,Upi,Delivered,Sahil Khan,12,2.0,Bangalore,2024-06-03 03:47:00,4.1
customer_0036,7371,Arjun Mehta,Pizza Hut,Pasta,459,129,330,Cash On Delivery,Delivered,Ravi Kumar,10,1.1,Chennai,2024-01-22 20:01:00,4.8
customer_0036,8468,Arjun Mehta,Domino'S,Dosa,1306,445,861,Upi,Delivered,Ravi Kumar,51,4.0,Chennai,2024-10-24 02:41:00,2.7
customer_0036,9758,Arjun Mehta,Burger King,Burger,1351,571,780,Cash On Delivery,Delivered,Sahil Khan,43,4.7,Pune,2024-07-14 12:56:00,2.9
customer_0036,9811,Priya Verma,Pizza Hut,Dosa,1216,16,1200,Card,Delivered,Sahil Khan,30,2.0,Kolkata,2024-08-16 15:34:00,3.1
customer_0036,10403,Priya Verma,Mcdonald'S,Dosa,374,179,195,Upi,Delivered,Rajesh Verma,16,4.6,Delhi,2024-12-25 17:02:00,1.9
customer_0037,5,Sanya Kapoor,Burger King,Dosa,1218,504,714,Card,Delivered,Deepak Singh,52,3.0,Kolkata,2024-12-06 03:09:00,2.4
customer_0037,519,Arjun Mehta,Domino'S,Burger,1754,510,1244,Upi,Delivered,Rajesh Verma,14,1.8,Kolkata,2024-06-21 16:03:00,3.6
customer_0037,737,Rohan Sharma,Burger King,Sandwich,677,38,639,Upi,Delivered,Deepak Singh,17,3.7,Kolkata,2024-03-10 19:48:00,4.4
customer_0037,929,Vikas Yadav,Burger King,Pizza,1468,438,1030,Cash On Delivery,Delivered,Rajesh Verma,35,4.4,Mumbai,2024-10-24 11:13:00,4.7
customer_0037,1086,Priya Verma,Mcdonald'S,Chicken Wings,1669,123,1546,Cash On Delivery,Delivered,Ravi Kumar,48,2.3,Kolkata,2024-01-15 16:32:00,3.8
customer_0037,1238,Priya Verma,Domino'S,Pizza,835,191,644,Upi,Delivered,Rajesh Verma,43,3.7,Hyderabad,2024-09-17 20:35:00,4.7
customer_0037,1562,Sanya Kapoor,Kfc,Sandwich,1619,764,855,Cash On Delivery,Delivered,Sahil Khan,43,3.3,Kolkata,2024-07-08 07:45:00,2.4
customer_0037,1585,Priya Verma,Burger King,Biryani,1058,285,773,Upi,Delivered,Ankit Tiwari,31,3.2,Chennai,2024-12-26 00:13:00,2.2
customer_0037,1793,Vikas Yadav,Subway,Dosa,1760,531,1229,Cash On Delivery,Delivered,Ravi Kumar,54,2.0,Mumbai,2024-11-24 14:32:00,1.1
customer_0037,1797,Priya Verma,Burger King,Sandwich,1275,89,1186,Upi,Delivered,Rajesh Verma,35,3.4,Kolkata,2024-08-24 07:53:00,4.5
customer_0037,1861,Arjun Mehta,Pizza Hut,Dosa,452,198,254,Cash On Delivery,Delivered,Ravi Kumar,33,2.8,Pune,2024-12-12 11:18:00,1.8
customer_0037,1914,Rohan Sharma,Burger King,Pasta,650,112,538,Card,Delivered,Deepak Singh,23,4.6,Chennai,2024-04-20 08:27:00,2.6
customer_0037,2202,Sanya Kapoor,Kfc,Dosa,1772,722,1050,Upi,Delivered,Sahil Khan,28,1.2,Mumbai,2024-12-01 02:31:00,1.8
customer_0037,2461,Sanya Kapoor,Kfc,Biryani,1960,894,1066,Card,Delivered,Deepak Singh,45,3.4,Mumbai,2024-09-21 13:41:00,2.6
customer_0037,2635,Sanya Kapoor,Domino'S,Burger,1875,31,1844,Upi,Delivered,Ankit Tiwari,32,1.8,Mumbai,2024-12-22 13:33:00,3.4
customer_0037,3219,Sanya Kapoor,Burger King,Dosa,521,22,499,Cash On Delivery,Delivered,Rajesh Verma,48,4.8,Chennai,2024-11-20 04:15:00,3.6
customer_0037,3307,Priya Verma,Subway,Pizza,116,52,64,Cash On Delivery,Delivered,Deepak Singh,46,2.5,Kolkata,2024-08-18 22:53:00,4.1
customer_0037,3441,Rohan Sharma,Burger King,Dosa,1105,449,656,Card,Delivered,Sahil Khan,42,2.9,Chennai,2024-04-18 02:25:00,2.2
customer_0037,4374,Sanya Kapoor,Kfc,Dosa,1065,345,720,Upi,Delivered,Deepak Singh,45,4.3,Bangalore,2024-05-26 22:57:00,4.7
customer_0037,4808,Sanya Kapoor,Kfc,Burger,513,187,326,Card,Delivered,Sahil Khan,54,2.2,Mumbai,2024-08-28 00:09:00,4.0
customer_0037,4886,Vikas Yadav,Burger King,Pizza,1546,93,1453,Cash On Delivery,Delivered,Deepak Singh,59,3.1,Delhi,2024-08-25 23:36:00,1.6
customer_0037,5458,Rohan Sharma,Mcdonald'S,Chicken Wings,1133,196,937,Upi,Delivered,Ankit Tiwari,49,4.1,Hyderabad,2024-03-26 04:13:00,2.6
customer_0037,5665,Sanya Kapoor,Burger King,Pizza,1729,614,1115,Upi,Delivered,Ankit Tiwari,36,2.3,Pune,2024-02-05 03:10:00,2.5
customer_0037,5672,Rohan Sharma,Pizza Hut,Chicken Wings,1746,668,1078,Cash On Delivery,Delivered,Ankit Tiwari,39,4.6,Bangalore,2024-09-04 12:08:00,3.6
customer_0037,5677,Rohan Sharma,Domino'S,Pasta,702,306,396,Card,Delivered,Ravi Kumar,24,2.5,Chennai,2024-07-01 10:42:00,3.3
customer_0037,5770,Sanya Kapoor,Domino'S,Sandwich,974,251,723,Card,Delivered,Sahil Khan,25,2.9,Kolkata,2024-11-12 11:56:00,3.1
customer_0037,5812,Sanya Kapoor,Burger King,Chicken Wings,1787,133,1654,Upi,Delivered,Deepak Singh,50,3.4,Hyderabad,2024-09-21 21:28:00,3.6
customer_0037,6250,Priya Verma,Pizza Hut,Biryani,549,58,491,Upi,Delivered,Ankit Tiwari,39,2.8,Chennai,2024-07-21 17:55:00,4.5
customer_0037,6268,Arjun Mehta,Mcdonald'S,Pizza,1711,833,878,Cash On Delivery,Delivered,Deepak Singh,14,2.2,Kolkata,2024-03-07 11:18:00,4.5
customer_0037,6371,Sanya Kapoor,Domino'S,Sandwich,686,262,424,Cash On Delivery,Delivered,Rajesh Verma,20,1.6,Mumbai,2024-03-19 22:01:00,2.1
customer_0037,6401,Sanya Kapoor,Pizza Hut,Dosa,1964,577,1387,Upi,Delivered,Deepak Singh,37,1.1,Delhi,2024-07-06 19:41:00,4.7
customer_0037,6840,Rohan Sharma,Pizza Hut,Burger,1507,418,1089,Cash On Delivery,Delivered,Rajesh Verma,10,3.1,Kolkata,2024-02-11 01:21:00,2.6
customer_0037,6868,Arjun Mehta,Domino'S,Biryani,651,41,610,Cash On Delivery,Delivered,Ankit Tiwari,45,1.9,Chennai,2024-01-13 01:26:00,1.1
customer_0037,6919,Arjun Mehta,Domino'S,Pizza,1681,349,1332,Cash On Delivery,Delivered,Ravi Kumar,49,1.9,Hyderabad,2024-06-14 01:09:00,4.5
customer_0037,6922,Arjun Mehta,Burger King,Chicken Wings,1871,759,1112,Card,Delivered,Ankit Tiwari,40,1.1,Bangalore,2024-08-16 09:01:00,3.5
customer_0037,6931,Sanya Kapoor,Domino'S,Biryani,1379,384,995,Upi,Delivered,Sahil Khan,34,2.8,Mumbai,2024-03-03 03:39:00,1.5
customer_0037,7121,Sanya Kapoor,Subway,Burger,530,3,527,Card,Delivered,Sahil Khan,12,4.6,Chennai,2024-11-03 19:48:00,4.6
customer_0037,7680,Arjun Mehta,Kfc,Pasta,311,78,233,Cash On Delivery,Delivered,Rajesh Verma,31,2.3,Kolkata,2024-04-02 13:36:00,1.6
customer_0037,8211,Vikas Yadav,Kfc,Burger,128,22,106,Cash On Delivery,Delivered,Sahil Khan,46,2.8,Bangalore,2024-04-17 17:09:00,4.6
customer_0037,8492,Vikas Yadav,Burger King,Pasta,1378,177,1201,Cash On Delivery,Delivered,Rajesh Verma,20,3.6,Kolkata,2024-04-23 23:52:00,1.5
customer_0037,9366,Vikas Yadav,Pizza Hut,Biryani,163,62,101,Upi,Delivered,Ravi Kumar,49,3.2,Kolkata,2024-02-17 08:33:00,4.6
customer_0038,1129,Arjun Mehta,Domino'S,Pizza,1962,163,1799,Cash On Delivery,Delivered,Rajesh Verma,47,4.3,Kolkata,2024-09-12 02:55:00,2.6
customer_0038,1393,Priya Verma,Pizza Hut,Biryani,1896,363,1533,Upi,Delivered,Deepak Singh,48,2.6,Delhi,2024-01-17 17:38:00,1.9
customer_0038,1449,Arjun Mehta,Pizza Hut,Pasta,1567,168,1399,Upi,Delivered,Ravi Kumar,41,1.4,Kolkata,2024-09-14 17:42:00,1.3
customer_0038,1595,Rohan Sharma,Kfc,Burger,558,223,335,Upi,Delivered,Ravi Kumar,33,4.5,Delhi,2024-11-25 14:37:00,4.2
customer_0038,1892,Vikas Yadav,Burger King,Sandwich,530,13,517,Cash On Delivery,Delivered,Ankit Tiwari,49,1.7,Delhi,2024-03-02 05:22:00,4.3
customer_0038,1933,Arjun Mehta,Burger King,Burger,1435,611,824,Cash On Delivery,Delivered,Rajesh Verma,23,1.6,Bangalore,2024-10-26 00:59:00,3.0
customer_0038,2013,Sanya Kapoor,Pizza Hut,Biryani,1519,111,1408,Upi,Delivered,Ankit Tiwari,55,4.4,Delhi,2024-12-01 16:37:00,4.0
customer_0038,2104,Vikas Yadav,Domino'S,Chicken Wings,1626,482,1144,Card,Delivered,Ravi Kumar,40,2.9,Mumbai,2024-07-05 17:05:00,1.1
customer_0038,2353,Arjun Mehta,Pizza Hut,Biryani,1788,21,1767,Upi,Delivered,Deepak Singh,55,3.2,Hyderabad,2024-11-17 20:56:00,2.0
customer_0038,2407,Priya Verma,Subway,Burger,1366,398,968,Cash On Delivery,Delivered,Rajesh Verma,19,4.0,Mumbai,2024-03-28 04:20:00,5.0
customer_0038,2414,Arjun Mehta,Subway,Sandwich,943,316,627,Upi,Delivered,Sahil Khan,29,1.1,Hyderabad,2024-03-24 22:55:00,3.6
customer_0038,2463,Rohan Sharma,Pizza Hut,Pasta,1173,217,956,Cash On Delivery,Delivered,Sahil Khan,40,2.2,Bangalore,2024-02-22 19:05:00,2.3
customer_0038,2908,Priya Verma,Domino'S,Chicken Wings,183,73,110,Upi,Delivered,Rajesh Verma,54,2.6,Chennai,2024-06-26 08:34:00,2.0
customer_0038,3142,Rohan Sharma,Domino'S,Pizza,1595,169,1426,Upi,Delivered,Ravi Kumar,56,1.9,Bangalore,2024-03-05 10:27:00,1.2
customer_0038,3821,Vikas Yadav,Domino'S,Dosa,595,5,590,Upi,Delivered,Ravi Kumar,27,3.6,Mumbai,2024-02-23 16:59:00,3.1
customer_0038,3881,Arjun Mehta,Pizza Hut,Biryani,1930,681,1249,Upi,Delivered,Deepak Singh,33,3.7,Kolkata,2024-01-19 13:10:00,4.8
customer_0038,4029,Sanya Kapoor,Pizza Hut,Chicken Wings,1962,682,1280,Card,Delivered,Ravi Kumar,47,2.4,Pune,2024-11-21 21:12:00,2.7
customer_0038,4594,Rohan Sharma,Mcdonald'S,Chicken Wings,706,283,423,Upi,Delivered,Sahil Khan,27,2.7,Hyderabad,2024-05-16 04:16:00,4.2
customer_0038,5286,Arjun Mehta,Mcdonald'S,Sandwich,1383,125,1258,Upi,Delivered,Rajesh Verma,29,1.1,Pune,2024-05-20 23:44:00,1.5
customer_0038,5867,Rohan Sharma,Kfc,Biryani,1912,396,1516,Upi,Delivered,Sahil Khan,19,3.9,Kolkata,2024-07-03 15:54:00,3.6
customer_0038,5946,Priya Verma,Kfc,Sandwich,533,0,533,Cash On Delivery,Delivered,Deepak Singh,45,5.0,Kolkata,2024-09-14 19:25:00,1.5
customer_0038,6436,Vikas Yadav,Burger King,Sandwich,1383,519,864,Cash On Delivery,Delivered,Ankit Tiwari,15,3.0,Delhi,2024-12-15 15:35:00,4.4
customer_0038,6570,Priya Verma,Subway,Dosa,861,184,677,Card,Delivered,Ankit Tiwari,25,1.6,Pune,2024-11-15 14:23:00,2.2
customer_0038,7225,Sanya Kapoor,Pizza Hut,Sandwich,965,331,634,Card,Delivered,Ankit Tiwari,29,1.2,Kolkata,2024-07-12 15:41:00,3.4
customer_0038,7456,Rohan Sharma,Burger King,Burger,1450,82,1368,Card,Delivered,Ankit Tiwari,29,4.6,Kolkata,2024-07-20 14:05:00,1.9
customer_0038,7634,Arjun Mehta,Burger King,Burger,399,105,294,Cash On Delivery,Delivered,Rajesh Verma,19,2.8,Hyderabad,2024-07-20 16:28:00,1.1
customer_0038,7685,Priya Verma,Kfc,Chicken Wings,1219,51,1168,Cash On Delivery,Delivered,Sahil Khan,37,2.2,Delhi,2024-11-25 09:27:00,1.1
customer_0038,7813,Vikas Yadav,Pizza Hut,Burger,369,50,319,Cash On Delivery,Delivered,Rajesh Verma,29,2.0,Mumbai,2024-11-04 15:49:00,4.1
customer_0038,7823,Priya Verma,Subway,Sandwich,908,314,594,Card,Delivered,Sahil Khan,28,1.2,Kolkata,2024-03-27 09:21:00,4.4
customer_0038,8166,Vikas Yadav,Subway,Pizza,1730,90,1640,Upi,Delivered,Ravi Kumar,37,1.2,Hyderabad,2024-08-01 18:13:00,2.7
customer_0038,8389,Arjun Mehta,Mcdonald'S,Sandwich,1912,277,1635,Cash On Delivery,Delivered,Ravi Kumar,32,1.1,Delhi,2024-06-08 17:25:00,1.2
customer_0038,8581,Arjun Mehta,Kfc,Biryani,1823,144,1679,Cash On Delivery,Delivered,Deepak Singh,43,1.4,Delhi,2024-12-19 11:12:00,2.2
customer_0038,9369,Sanya Kapoor,Domino'S,Sandwich,650,108,542,Upi,Delivered,Sahil Khan,32,1.6,Bangalore,2024-04-18 10:02:00,4.3
customer_0038,10098,Sanya Kapoor,Mcdonald'S,Sandwich,319,82,237,Upi,Delivered,Sahil Khan,59,2.3,Mumbai,2024-06-04 14:21:00,2.5
customer_0038,10347,Sanya Kapoor,Pizza Hut,Biryani,1309,438,871,Card,Delivered,Ravi Kumar,44,1.9,Kolkata,2024-07-28 16:11:00,2.6
customer_0039,92,Sanya Kapoor,Pizza Hut,Pizza,1537,760,777,Cash On Delivery,Delivered,Sahil Khan,10,3.5,Chennai,2024-01-11 21:04:00,3.1
customer_0039,232,Rohan Sharma,Subway,Biryani,1950,351,1599,Card,Delivered,Rajesh Verma,18,3.9,Chennai,2024-11-04 07:48:00,4.5
customer_0039,512,Rohan Sharma,Burger King,Sandwich,604,58,546,Upi,Delivered,Sahil Khan,22,5.0,Mumbai,2024-10-02 18:59:00,1.2
customer_0039,1424,Priya Verma,Domino'S,Pizza,1121,49,1072,Card,Delivered,Deepak Singh,18,3.2,Delhi,2024-03-27 20:19:00,2.7
customer_0039,1440,Rohan Sharma,Mcdonald'S,Biryani,1039,27,1012,Cash On Delivery,Delivered,Rajesh Verma,39,1.3,Chennai,2024-05-21 04:44:00,3.7
customer_0039,1614,Arjun Mehta,Burger King,Biryani,1281,104,1177,Card,Delivered,Sahil Khan,41,2.4,Chennai,2024-07-13 04:32:00,2.4
customer_0039,1757,Sanya Kapoor,Burger King,Pasta,1201,547,654,Card,Delivered,Rajesh Verma,26,4.4,Pune,2024-07-11 16:45:00,1.5
customer_0039,2048,Sanya Kapoor,Pizza Hut,Biryani,1596,436,1160,Upi,Delivered,Sahil Khan,53,3.2,Chennai,2024-03-19 18:40:00,5.0
customer_0039,2134,Vikas Yadav,Kfc,Dosa,392,94,298,Upi,Delivered,Ravi Kumar,17,1.1,Kolkata,2024-12-09 15:24:00,3.9
customer_0039,2911,Priya Verma,Domino'S,Dosa,130,52,78,Upi,Delivered,Ravi Kumar,32,3.8,Pune,2024-02-21 08:13:00,3.4
customer_0039,3277,Vikas Yadav,Burger King,Pizza,639,37,602,Upi,Delivered,Deepak Singh,40,5.0,Delhi,2024-02-15 11:02:00,2.4
customer_0039,3576,Sanya Kapoor,Domino'S,Sandwich,337,147,190,Card,Delivered,Ankit Tiwari,36,2.7,Delhi,2024-02-26 18:40:00,2.0
customer_0039,3871,Priya Verma,Burger King,Chicken Wings,754,150,604,Card,Delivered,Deepak Singh,59,3.2,Mumbai,2024-06-20 19:57:00,3.0
customer_0039,4111,Priya Verma,Domino'S,Burger,1247,133,1114,Card,Delivered,Deepak Singh,21,2.9,Mumbai,2024-01-25 06:49:00,3.4
customer_0039,4830,Priya Verma,Kfc,Chicken Wings,1514,310,1204,Upi,Delivered,Ravi Kumar,28,3.1,Chennai,2024-06-17 08:31:00,2.0
customer_0039,5007,Sanya Kapoor,Mcdonald'S,Burger,1774,202,1572,Card,Delivered,Deepak Singh,16,4.1,Kolkata,2024-06-21 16:51:00,3.5
customer_0039,5055,Sanya Kapoor,Domino'S,Dosa,1211,463,748,Cash On Delivery,Delivered,Rajesh Verma,58,4.7,Mumbai,2024-05-11 19:59:00,2.5
customer_0039,5056,Vikas Yadav,Burger King,Dosa,1581,538,1043,Upi,Delivered,Ankit Tiwari,58,3.5,Bangalore,2024-03-07 03:26:00,1.5
customer_0039,5427,Arjun Mehta,Pizza Hut,Chicken Wings,123,40,83,Cash On Delivery,Delivered,Sahil Khan,40,1.4,Kolkata,2024-10-25 08:33:00,2.4
customer_0039,5443,Rohan Sharma,Subway,Burger,1901,806,1095,Upi,Delivered,Ravi Kumar,23,3.1,Kolkata,2024-11-19 02:52:00,4.3
customer_0039,6367,Arjun Mehta,Domino'S,Dosa,933,51,882,Card,Delivered,Ankit Tiwari,39,4.0,Pune,2024-09-09 21:03:00,1.5
customer_0039,6770,Rohan Sharma,Subway,Dosa,590,281,309,Cash On Delivery,Delivered,Rajesh Verma,37,3.1,Hyderabad,2024-01-11 00:03:00,1.7
customer_0039,7110,Arjun Mehta,Pizza Hut,Sandwich,1508,429,1079,Card,Delivered,Rajesh Verma,35,3.9,Chennai,2024-12-01 21:57:00,1.4
customer_0039,7235,Rohan Sharma,Subway,Biryani,1098,262,836,Cash On Delivery,Delivered,Deepak Singh,47,4.2,Chennai,2024-06-17 19:07:00,4.5
customer_0039,7643,Arjun Mehta,Domino'S,Burger,1997,759,1238,Card,Delivered,Ravi Kumar,21,4.4,Pune,2024-05-19 09:15:00,1.6
customer_0039,7995,Arjun Mehta,Mcdonald'S,Burger,1381,591,790,Upi,Delivered,Rajesh Verma,31,2.3,Hyderabad,2024-02-22 15:02:00,4.5
customer_0039,8507,Rohan Sharma,Burger King,Pizza,515,213,302,Upi,Delivered,Ankit Tiwari,17,3.4,Hyderabad,2024-11-27 17:11:00,1.3
customer_0039,9162,Priya Verma,Kfc,Biryani,551,248,303,Cash On Delivery,Delivered,Deepak Singh,46,1.2,Mumbai,2024-09-13 22:56:00,3.7
customer_0039,9632,Vikas Yadav,Kfc,Burger,1199,116,1083,Cash On Delivery,Delivered,Sahil Khan,39,4.6,Bangalore,2024-08-16 04:27:00,2.8
customer_0039,9695,Sanya Kapoor,Subway,Sandwich,567,183,384,Cash On Delivery,Delivered,Ravi Kumar,57,4.2,Chennai,2024-03-12 07:00:00,2.7
customer_0039,9917,Priya Verma,Mcdonald'S,Burger,1120,338,782,Upi,Delivered,Deepak Singh,28,1.3,Kolkata,2024-08-04 00:51:00,4.0
customer_0039,9966,Arjun Mehta,Pizza Hut,Pizza,1408,575,833,Card,Delivered,Sahil Khan,22,2.5,Bangalore,2024-03-02 20:55:00,3.8
customer_0039,10278,Arjun Mehta,Subway,Burger,1134,372,762,Upi,Delivered,Rajesh Verma,34,2.3,Hyderabad,2024-09-12 04:48:00,2.5
customer_0039,10324,Rohan Sharma,Burger King,Chicken Wings,796,9,787,Card,Delivered,Deepak Singh,10,2.8,Chennai,2024-02-26 11:05:00,1.1
customer_0040,66,Vikas Yadav,Domino'S,Pizza,1566,438,1128,Card,Delivered,Ankit Tiwari,60,1.8,Pune,2024-11-28 15:25:00,4.5
customer_0040,547,Arjun Mehta,Burger King,Pizza,1274,519,755,Upi,Delivered,Rajesh Verma,60,4.4,Delhi,2024-09-06 01:23:00,3.0
customer_0040,1246,Sanya Kapoor,Subway,Sandwich,731,296,435,Upi,Delivered,Ravi Kumar,15,4.2,Delhi,2024-03-08 15:57:00,4.1
customer_0040,1455,Rohan Sharma,Mcdonald'S,Pasta,1099,126,973,Upi,Delivered,Deepak Singh,33,1.7,Mumbai,2024-09-01 18:37:00,4.7
customer_0040,1763,Sanya Kapoor,Mcdonald'S,Pizza,443,63,380,Cash On Delivery,Delivered,Ankit Tiwari,40,3.8,Mumbai,2024-04-13 11:58:00,1.1
customer_0040,1876,Arjun Mehta,Kfc,Pizza,1364,628,736,Card,Delivered,Ankit Tiwari,53,3.9,Mumbai,2024-03-11 12:17:00,4.1
customer_0040,1929,Vikas Yadav,Kfc,Pizza,1734,844,890,Card,Delivered,Sahil Khan,20,4.5,Chennai,2024-01-09 21:02:00,1.6
customer_0040,2345,Sanya Kapoor,Mcdonald'S,Dosa,1881,889,992,Upi,Delivered,Deepak Singh,26,3.7,Bangalore,2024-10-16 04:42:00,3.3
customer_0040,3407,Rohan Sharma,Burger King,Dosa,676,11,665,Cash On Delivery,Delivered,Ankit Tiwari,22,5.0,Bangalore,2024-03-21 13:47:00,2.2
customer_0040,4140,Sanya Kapoor,Mcdonald'S,Sandwich,1886,686,1200,Card,Delivered,Rajesh Verma,52,1.5,Delhi,2024-07-04 07:12:00,3.4
customer_0040,4302,Priya Verma,Domino'S,Burger,1506,372,1134,Upi,Delivered,Ankit Tiwari,33,3.8,Hyderabad,2024-10-22 21:38:00,2.7
customer_0040,4311,Rohan Sharma,Domino'S,Pizza,286,86,200,Upi,Delivered,Ravi Kumar,26,1.8,Pune,2024-04-15 01:34:00,3.3
customer_0040,4378,Priya Verma,Burger King,Pasta,130,12,118,Upi,Delivered,Rajesh Verma,43,2.0,Chennai,2024-03-06 15:54:00,1.8
customer_0040,5143,Arjun Mehta,Subway,Pizza,1328,290,1038,Upi,Delivered,Deepak Singh,11,1.9,Bangalore,2024-05-20 19:30:00,1.1
customer_0040,5196,Priya Verma,Burger King,Dosa,1922,98,1824,Upi,Delivered,Rajesh Verma,20,4.2,Pune,2024-07-15 21:18:00,1.6
customer_0040,5423,Sanya Kapoor,Domino'S,Chicken Wings,1888,688,1200,Upi,Delivered,Ankit Tiwari,47,4.0,Hyderabad,2024-05-14 09:22:00,1.9
customer_0040,5779,Rohan Sharma,Kfc,Biryani,733,351,382,Cash On Delivery,Delivered,Ravi Kumar,15,5.0,Hyderabad,2024-05-17 21:01:00,3.4
customer_0040,6020,Sanya Kapoor,Burger King,Biryani,484,217,267,Cash On Delivery,Delivered,Deepak Singh,39,1.4,Mumbai,2024-10-05 06:50:00,1.1
customer_0040,7167,Rohan Sharma,Pizza Hut,Burger,784,265,519,Upi,Delivered,Rajesh Verma,21,2.9,Kolkata,2024-05-11 02:46:00,3.6
customer_0040,7360,Rohan Sharma,Pizza Hut,Biryani,1101,17,1084,Cash On Delivery,Delivered,Rajesh Verma,38,3.4,Kolkata,2024-11-03 12:38:00,3.0
customer_0040,7755,Priya Verma,Burger King,Biryani,1248,285,963,Upi,Delivered,Ravi Kumar,52,4.3,Bangalore,2024-09-01 02:44:00,1.1
customer_0040,8398,Rohan Sharma,Domino'S,Chicken Wings,890,216,674,Upi,Delivered,Deepak Singh,35,3.6,Bangalore,2024-05-13 20:09:00,3.4
customer_0040,8504,Sanya Kapoor,Burger King,Burger,1830,155,1675,Upi,Delivered,Deepak Singh,33,3.4,Hyderabad,2024-11-10 17:59:00,3.6
customer_0040,8995,Priya Verma,Kfc,Dosa,1472,108,1364,Card,Delivered,Deepak Singh,59,2.6,Mumbai,2024-07-25 11:32:00,4.3
customer_0040,9867,Vikas Yadav,Pizza Hut,Dosa,1039,403,636,Upi,Delivered,Ravi Kumar,19,1.1,Kolkata,2024-09-13 14:50:00,4.5
customer_0040,10142,Priya Verma,Mcdonald'S,Pizza,1718,296,1422,Upi,Delivered,Ankit Tiwari,19,3.3,Mumbai,2024-12-26 11:20:00,1.1
customer_0040,10387,Arjun Mehta,Burger King,Sandwich,264,87,177,Card,Delivered,Ravi Kumar,19,4.4,Mumbai,2024-12-01 06:53:00,2.6
customer_0041,520,Vikas Yadav,Kfc,Pasta,1897,872,1025,Cash On Delivery,Delivered,Ankit Tiwari,16,4.5,Hyderabad,2024-07-14 14:34:00,2.9
customer_0041,664,Priya Verma,Kfc,Pizza,876,428,448,Cash On Delivery,Delivered,Deepak Singh,22,3.8,Hyderabad,2024-09-01 08:35:00,3.5
customer_0041,1351,Priya Verma,Mcdonald'S,Pizza,1340,545,795,Upi,Delivered,Rajesh Verma,25,1.2,Chennai,2024-03-06 19:37:00,3.0
customer_0041,1782,Rohan Sharma,Mcdonald'S,Sandwich,1258,548,710,Upi,Delivered,Sahil Khan,10,4.2,Pune,2024-05-27 04:47:00,4.4
customer_0041,2558,Vikas Yadav,Kfc,Biryani,1764,524,1240,Card,Delivered,Ravi Kumar,29,3.4,Mumbai,2024-07-05 18:36:00,4.6
customer_0041,2762,Sanya Kapoor,Burger King,Burger,1729,379,1350,Card,Delivered,Deepak Singh,19,4.6,Pune,2024-04-23 03:20:00,1.2
customer_0041,3141,Rohan Sharma,Domino'S,Sandwich,909,122,787,Cash On Delivery,Delivered,Deepak Singh,29,3.0,Kolkata,2024-05-26 14:04:00,5.0
customer_0041,3389,Rohan Sharma,Kfc,Chicken Wings,1436,625,811,Cash On Delivery,Delivered,Ankit Tiwari,60,4.1,Chennai,2024-11-11 18:15:00,4.9
customer_0041,4180,Arjun Mehta,Burger King,Pasta,626,269,357,Cash On Delivery,Delivered,Ankit Tiwari,55,4.6,Kolkata,2024-02-13 18:54:00,3.6
customer_0041,4924,Sanya Kapoor,Mcdonald'S,Pasta,1436,175,1261,Card,Delivered,Rajesh Verma,22,3.6,Kolkata,2024-05-14 00:58:00,4.4
customer_0041,5488,Arjun Mehta,Subway,Pasta,849,196,653,Cash On Delivery,Delivered,Ravi Kumar,52,4.9,Mumbai,2024-06-02 05:11:00,3.7
customer_0041,5634,Sanya Kapoor,Mcdonald'S,Dosa,1170,451,719,Card,Delivered,Sahil Khan,16,2.1,Pune,2024-08-09 23:22:00,4.5
customer_0041,6390,Vikas Yadav,Pizza Hut,Biryani,1613,776,837,Upi,Delivered,Sahil Khan,52,4.4,Pune,2024-06-02 10:31:00,1.1
customer_0041,6977,Vikas Yadav,Kfc,Pasta,961,274,687,Cash On Delivery,Delivered,Sahil Khan,20,4.8,Delhi,2024-07-20 19:15:00,1.4
customer_0041,7268,Rohan Sharma,Mcdonald'S,Sandwich,1126,372,754,Card,Delivered,Ankit Tiwari,46,2.4,Delhi,2024-05-06 02:34:00,4.2
customer_0041,7650,Priya Verma,Mcdonald'S,Burger,1641,51,1590,Cash On Delivery,Delivered,Ankit Tiwari,25,4.9,Pune,2024-10-16 08:33:00,1.4
customer_0041,8262,Priya Verma,Burger King,Biryani,1568,215,1353,Cash On Delivery,Delivered,Rajesh Verma,13,2.8,Bangalore,2024-10-10 03:04:00,2.5
customer_0041,8452,Sanya Kapoor,Pizza Hut,Burger,1063,445,618,Upi,Delivered,Deepak Singh,51,1.2,Hyderabad,2024-08-26 16:21:00,3.7
customer_0041,8857,Rohan Sharma,Pizza Hut,Pasta,1483,546,937,Upi,Delivered,Rajesh Verma,59,2.8,Hyderabad,2024-12-28 14:09:00,1.7
customer_0041,9333,Arjun Mehta,Subway,Biryani,760,335,425,Upi,Delivered,Deepak Singh,53,2.6,Bangalore,2024-11-11 22:03:00,1.1
customer_0041,9498,Rohan Sharma,Mcdonald'S,Dosa,1934,31,1903,Cash On Delivery,Delivered,Ankit Tiwari,35,2.2,Hyderabad,2024-08-16 19:05:00,1.1
customer_0041,10117,Priya Verma,Kfc,Biryani,299,30,269,Upi,Delivered,Ravi Kumar,51,2.3,Bangalore,2024-03-03 14:43:00,1.0
customer_0041,10276,Priya Verma,Subway,Dosa,911,293,618,Cash On Delivery,Delivered,Sahil Khan,15,1.1,Chennai,2024-01-28 19:25:00,1.1
customer_0041,10305,Priya Verma,Domino'S,Dosa,1519,481,1038,Card,Delivered,Deepak Singh,57,2.9,Chennai,2024-05-04 06:48:00,1.3
customer_0042,239,Vikas Yadav,Domino'S,Burger,1632,5,1627,Upi,Delivered,Ravi Kumar,23,2.8,Mumbai,2024-10-27 23:04:00,1.6
customer_0042,338,Sanya Kapoor,Burger King,Chicken Wings,958,389,569,Cash On Delivery,Delivered,Rajesh Verma,27,3.6,Chennai,2024-06-02 00:20:00,4.1
customer_0042,1683,Arjun Mehta,Burger King,Pasta,625,191,434,Cash On Delivery,Delivered,Rajesh Verma,59,4.6,Hyderabad,2024-01-07 03:53:00,4.0
customer_0042,2316,Arjun Mehta,Domino'S,Sandwich,728,242,486,Cash On Delivery,Delivered,Rajesh Verma,41,2.3,Hyderabad,2024-10-04 20:51:00,3.5
customer_0042,2903,Sanya Kapoor,Pizza Hut,Biryani,104,20,84,Card,Delivered,Sahil Khan,17,2.0,Mumbai,2024-10-20 22:59:00,4.5
customer_0042,4219,Rohan Sharma,Burger King,Burger,375,10,365,Upi,Delivered,Deepak Singh,57,1.7,Mumbai,2024-03-26 14:54:00,1.2
customer_0042,4541,Arjun Mehta,Pizza Hut,Chicken Wings,1475,116,1359,Cash On Delivery,Delivered,Ankit Tiwari,39,4.9,Bangalore,2024-08-21 05:53:00,2.0
customer_0042,4633,Priya Verma,Burger King,Pasta,864,228,636,Cash On Delivery,Delivered,Ankit Tiwari,34,2.3,Mumbai,2024-10-09 01:44:00,1.5
customer_0042,4913,Priya Verma,Domino'S,Sandwich,161,53,108,Card,Delivered,Rajesh Verma,55,4.7,Bangalore,2024-09-26 00:24:00,2.2
customer_0042,5379,Rohan Sharma,Subway,Pizza,1662,232,1430,Card,Delivered,Ravi Kumar,60,4.1,Chennai,2024-08-21 07:02:00,3.2
customer_0042,5717,Sanya Kapoor,Domino'S,Sandwich,1082,79,1003,Card,Delivered,Ravi Kumar,54,1.2,Delhi,2024-04-10 17:56:00,2.2
customer_0042,5722,Arjun Mehta,Kfc,Sandwich,1761,228,1533,Upi,Delivered,Sahil Khan,33,2.7,Delhi,2024-07-04 20:22:00,2.5
customer_0042,5844,Sanya Kapoor,Burger King,Biryani,718,229,489,Upi,Delivered,Ankit Tiwari,58,1.6,Hyderabad,2024-01-26 10:35:00,3.9
customer_0042,6366,Arjun Mehta,Domino'S,Biryani,1212,513,699,Cash On Delivery,Delivered,Sahil Khan,23,4.3,Bangalore,2024-03-15 12:32:00,2.7
customer_0042,9146,Vikas Yadav,Burger King,Sandwich,755,263,492,Cash On Delivery,Delivered,Rajesh Verma,12,4.6,Kolkata,2024-09-04 03:02:00,2.4
customer_0042,9163,Rohan Sharma,Domino'S,Pizza,1218,43,1175,Cash On Delivery,Delivered,Rajesh Verma,10,4.1,Chennai,2024-04-28 01:59:00,2.3
customer_0042,9317,Arjun Mehta,Domino'S,Pasta,489,225,264,Cash On Delivery,Delivered,Rajesh Verma,25,1.6,Delhi,2024-04-05 20:20:00,3.2
customer_0042,9336,Arjun Mehta,Subway,Burger,470,136,334,Card,Delivered,Ankit Tiwari,55,1.1,Bangalore,2024-06-24 11:58:00,2.0
customer_0042,9554,Vikas Yadav,Domino'S,Sandwich,1489,188,1301,Cash On Delivery,Delivered,Sahil Khan,28,1.7,Bangalore,2024-05-10 15:26:00,2.2
customer_0042,9901,Priya Verma,Mcdonald'S,Pizza,1828,247,1581,Card,Delivered,Sahil Khan,59,2.1,Pune,2024-06-13 17:27:00,3.0
customer_0043,28,Sanya Kapoor,Mcdonald'S,Chicken Wings,1841,116,1725,Card,Delivered,Sahil Khan,32,1.1,Delhi,2024-11-25 05:21:00,1.9
customer_0043,142,Sanya Kapoor,Subway,Pasta,361,20,341,Card,Delivered,Deepak Singh,35,4.8,Delhi,2024-01-24 23:59:00,3.0
customer_0043,197,Vikas Yadav,Burger King,Biryani,1625,323,1302,Cash On Delivery,Delivered,Ankit Tiwari,33,2.7,Bangalore,2024-07-21 01:08:00,4.9
customer_0043,300,Arjun Mehta,Burger King,Burger,1541,632,909,Upi,Delivered,Rajesh Verma,27,3.8,Pune,2024-09-16 04:34:00,3.4
customer_0043,1164,Priya Verma,Pizza Hut,Biryani,609,126,483,Cash On Delivery,Delivered,Deepak Singh,22,3.2,Bangalore,2024-06-04 15:49:00,2.7
customer_0043,1583,Sanya Kapoor,Subway,Chicken Wings,143,10,133,Card,Delivered,Sahil Khan,50,3.5,Mumbai,2024-12-13 12:01:00,4.3
customer_0043,2010,Priya Verma,Pizza Hut,Pizza,1824,747,1077,Upi,Delivered,Deepak Singh,39,4.4,Bangalore,2024-12-28 20:37:00,2.1
customer_0043,2119,Priya Verma,Pizza Hut,Pizza,337,156,181,Card,Delivered,Ankit Tiwari,40,3.3,Chennai,2024-10-08 14:33:00,3.2
customer_0043,2574,Vikas Yadav,Mcdonald'S,Pasta,1860,217,1643,Card,Delivered,Deepak Singh,39,3.8,Bangalore,2024-03-04 14:48:00,2.2
customer_0043,2703,Arjun Mehta,Kfc,Burger,356,25,331,Upi,Delivered,Deepak Singh,11,3.3,Mumbai,2024-05-02 03:32:00,1.7
customer_0043,2785,Arjun Mehta,Subway,Dosa,650,66,584,Card,Delivered,Ravi Kumar,20,4.5,Hyderabad,2024-09-19 13:53:00,2.8
customer_0043,2845,Rohan Sharma,Burger King,Pasta,1043,242,801,Cash On Delivery,Delivered,Ravi Kumar,51,3.2,Chennai,2024-12-05 11:23:00,3.6
customer_0043,3077,Priya Verma,Mcdonald'S,Pizza,1741,267,1474,Cash On Delivery,Delivered,Deepak Singh,41,2.7,Chennai,2024-07-19 20:05:00,4.1
customer_0043,3513,Vikas Yadav,Burger King,Chicken Wings,856,309,547,Cash On Delivery,Delivered,Ravi Kumar,54,2.3,Bangalore,2024-02-25 02:32:00,2.4
customer_0043,3662,Rohan Sharma,Burger King,Dosa,1242,57,1185,Cash On Delivery,Delivered,Deepak Singh,44,3.5,Kolkata,2024-07-22 21:01:00,4.2
customer_0043,3822,Arjun Mehta,Subway,Sandwich,404,98,306,Upi,Delivered,Deepak Singh,52,1.6,Mumbai,2024-05-19 04:07:00,2.8
customer_0043,3945,Sanya Kapoor,Domino'S,Pasta,1805,2,1803,Card,Delivered,Rajesh Verma,19,4.3,Kolkata,2024-01-03 05:16:00,4.7
customer_0043,4174,Sanya Kapoor,Kfc,Sandwich,1935,936,999,Upi,Delivered,Ankit Tiwari,17,3.0,Pune,2024-10-16 03:15:00,4.7
customer_0043,4327,Rohan Sharma,Burger King,Chicken Wings,163,44,119,Upi,Delivered,Deepak Singh,56,2.2,Delhi,2024-09-25 02:54:00,3.0
customer_0043,5144,Sanya Kapoor,Kfc,Sandwich,1479,141,1338,Card,Delivered,Ankit Tiwari,22,2.7,Pune,2024-06-22 21:36:00,1.7
customer_0043,5219,Vikas Yadav,Pizza Hut,Sandwich,1142,2,1140,Cash On Delivery,Delivered,Sahil Khan,21,3.2,Bangalore,2024-12-14 03:06:00,1.6
customer_0043,5518,Arjun Mehta,Burger King,Chicken Wings,1667,67,1600,Card,Delivered,Rajesh Verma,39,4.0,Pune,2024-12-03 20:14:00,2.3
customer_0043,6369,Rohan Sharma,Burger King,Dosa,819,183,636,Cash On Delivery,Delivered,Ravi Kumar,23,1.2,Bangalore,2024-01-05 19:45:00,3.3
customer_0043,6419,Rohan Sharma,Domino'S,Sandwich,570,243,327,Card,Delivered,Rajesh Verma,40,4.1,Hyderabad,2024-05-24 19:33:00,2.7
customer_0043,7069,Arjun Mehta,Subway,Pizza,567,245,322,Cash On Delivery,Delivered,Ankit Tiwari,41,1.0,Hyderabad,2024-09-27 05:21:00,4.1
customer_0043,7212,Arjun Mehta,Pizza Hut,Pasta,1202,371,831,Cash On Delivery,Delivered,Rajesh Verma,40,2.8,Kolkata,2024-06-28 19:15:00,4.8
customer_0043,7975,Rohan Sharma,Pizza Hut,Chicken Wings,1523,465,1058,Cash On Delivery,Delivered,Sahil Khan,18,4.6,Bangalore,2024-09-20 12:43:00,4.1
customer_0043,8438,Rohan Sharma,Kfc,Dosa,1791,289,1502,Upi,Delivered,Ravi Kumar,45,2.5,Mumbai,2024-08-25 04:58:00,1.9
customer_0043,8459,Arjun Mehta,Kfc,Dosa,1166,568,598,Upi,Delivered,Ravi Kumar,52,3.0,Pune,2024-04-07 03:39:00,1.2
customer_0043,8544,Vikas Yadav,Kfc,Sandwich,126,21,105,Upi,Delivered,Ravi Kumar,13,2.1,Delhi,2024-07-27 19:33:00,3.2
customer_0043,8787,Vikas Yadav,Domino'S,Biryani,1831,20,1811,Card,Delivered,Deepak Singh,14,4.1,Hyderabad,2024-10-07 18:26:00,3.4
customer_0043,9382,Priya Verma,Burger King,Burger,988,100,888,Card,Delivered,Ankit Tiwari,27,2.4,Hyderabad,2024-01-25 20:25:00,2.4
customer_0043,9516,Priya Verma,Subway,Sandwich,618,182,436,Cash On Delivery,Delivered,Deepak Singh,31,2.7,Delhi,2024-02-27 05:08:00,5.0
customer_0044,50,Priya Verma,Subway,Pasta,169,11,158,Cash On Delivery,Delivered,Ankit Tiwari,45,2.4,Bangalore,2024-02-21 08:07:00,4.8
customer_0044,1601,Sanya Kapoor,Burger King,Sandwich,1038,284,754,Upi,Delivered,Ankit Tiwari,49,4.2,Hyderabad,2024-03-02 13:52:00,4.8
customer_0044,1924,Arjun Mehta,Kfc,Burger,346,145,201,Cash On Delivery,Delivered,Sahil Khan,17,1.5,Bangalore,2024-04-13 22:09:00,1.5
customer_0044,1949,Sanya Kapoor,Domino'S,Pasta,265,50,215,Upi,Delivered,Rajesh Verma,30,5.0,Bangalore,2024-08-13 05:02:00,1.3
customer_0044,1967,Rohan Sharma,Kfc,Pasta,1154,527,627,Upi,Delivered,Rajesh Verma,51,3.0,Chennai,2024-03-05 01:06:00,2.9
customer_0044,2209,Sanya Kapoor,Burger King,Burger,1824,32,1792,Upi,Delivered,Sahil Khan,39,2.8,Chennai,2024-02-12 14:32:00,4.8
customer_0044,2694,Rohan Sharma,Pizza Hut,Biryani,430,199,231,Upi,Delivered,Deepak Singh,55,3.9,Kolkata,2024-02-11 20:03:00,5.0
customer_0044,2940,Priya Verma,Domino'S,Chicken Wings,673,252,421,Cash On Delivery,Delivered,Ravi Kumar,27,3.2,Pune,2024-08-18 15:20:00,4.0
customer_0044,3203,Vikas Yadav,Burger King,Chicken Wings,1330,529,801,Upi,Delivered,Ankit Tiwari,27,1.6,Kolkata,2024-01-05 23:55:00,1.2
customer_0044,3310,Priya Verma,Burger King,Sandwich,262,19,243,Upi,Delivered,Sahil Khan,20,4.9,Bangalore,2024-08-27 20:56:00,1.5
customer_0044,4268,Vikas Yadav,Pizza Hut,Chicken Wings,1564,425,1139,Card,Delivered,Ankit Tiwari,43,5.0,Pune,2024-09-16 12:40:00,1.9
customer_0044,4385,Sanya Kapoor,Burger King,Chicken Wings,783,99,684,Cash On Delivery,Delivered,Rajesh Verma,39,4.3,Kolkata,2024-08-13 12:14:00,4.1
customer_0044,4677,Sanya Kapoor,Pizza Hut,Dosa,1081,427,654,Card,Delivered,Deepak Singh,47,3.9,Mumbai,2024-02-10 10:04:00,2.4
customer_0044,4758,Sanya Kapoor,Kfc,Burger,1375,496,879,Card,Delivered,Ankit Tiwari,38,4.1,Chennai,2024-09-22 12:14:00,1.1
customer_0044,5050,Priya Verma,Domino'S,Chicken Wings,1254,129,1125,Card,Delivered,Rajesh Verma,48,3.2,Mumbai,2024-12-03 16:02:00,4.4
customer_0044,5086,Arjun Mehta,Burger King,Burger,143,29,114,Card,Delivered,Ravi Kumar,57,3.1,Kolkata,2024-04-23 02:59:00,4.3
customer_0044,5180,Vikas Yadav,Kfc,Burger,1289,267,1022,Upi,Delivered,Rajesh Verma,59,1.9,Hyderabad,2024-10-11 06:05:00,1.5
customer_0044,5442,Arjun Mehta,Subway,Dosa,1793,390,1403,Card,Delivered,Ravi Kumar,47,2.7,Kolkata,2024-12-22 13:02:00,3.9
customer_0044,5552,Sanya Kapoor,Pizza Hut,Sandwich,1489,740,749,Card,Delivered,Ravi Kumar,26,2.5,Delhi,2024-09-17 00:46:00,1.2
customer_0044,5629,Arjun Mehta,Burger King,Pizza,646,72,574,Upi,Delivered,Ankit Tiwari,59,4.9,Bangalore,2024-10-25 08:01:00,4.5
customer_0044,6063,Rohan Sharma,Subway,Chicken Wings,516,38,478,Card,Delivered,Deepak Singh,18,1.5,Pune,2024-10-14 00:55:00,2.9
customer_0044,6797,Vikas Yadav,Mcdonald'S,Sandwich,318,94,224,Cash On Delivery,Delivered,Ravi Kumar,14,1.9,Kolkata,2024-04-28 11:08:00,1.1
customer_0044,6896,Vikas Yadav,Domino'S,Chicken Wings,1049,218,831,Cash On Delivery,Delivered,Rajesh Verma,47,2.0,Delhi,2024-10-08 19:06:00,2.9
customer_0044,6966,Arjun Mehta,Kfc,Pizza,1701,565,1136,Upi,Delivered,Sahil Khan,45,2.1,Delhi,2024-01-16 11:23:00,3.7
customer_0044,7106,Priya Verma,Subway,Biryani,367,7,360,Upi,Delivered,Sahil Khan,49,4.3,Kolkata,2024-02-18 11:10:00,2.7
customer_0044,7739,Sanya Kapoor,Pizza Hut,Burger,1947,520,1427,Upi,Delivered,Ankit Tiwari,58,4.2,Pune,2024-06-06 22:56:00,3.6
customer_0044,7815,Sanya Kapoor,Mcdonald'S,Pizza,265,49,216,Upi,Delivered,Sahil Khan,56,2.4,Pune,2024-07-01 08:13:00,3.7
customer_0044,7954,Vikas Yadav,Kfc,Sandwich,1652,107,1545,Upi,Delivered,Sahil Khan,48,4.0,Mumbai,2024-10-02 13:43:00,2.4
customer_0044,8086,Rohan Sharma,Domino'S,Pasta,384,1,383,Upi,Delivered,Ravi Kumar,12,3.4,Pune,2024-02-20 16:17:00,1.6
customer_0044,8915,Arjun Mehta,Burger King,Pasta,485,214,271,Upi,Delivered,Sahil Khan,34,1.3,Mumbai,2024-04-10 17:42:00,3.9
customer_0044,9286,Rohan Sharma,Domino'S,Burger,453,39,414,Upi,Delivered,Sahil Khan,55,3.9,Mumbai,2024-03-13 23:55:00,2.0
customer_0044,9384,Rohan Sharma,Kfc,Burger,1597,238,1359,Upi,Delivered,Ankit Tiwari,58,4.6,Delhi,2024-04-11 19:12:00,1.0
customer_0044,9534,Sanya Kapoor,Domino'S,Pasta,918,145,773,Card,Delivered,Rajesh Verma,22,2.0,Chennai,2024-04-28 05:39:00,1.7
customer_0044,9639,Vikas Yadav,Kfc,Pasta,1419,99,1320,Cash On Delivery,Delivered,Sahil Khan,56,1.6,Kolkata,2024-05-27 18:13:00,3.2
customer_0044,10162,Priya Verma,Burger King,Chicken Wings,114,47,67,Card,Delivered,Deepak Singh,11,3.8,Delhi,2024-09-07 22:50:00,3.3
customer_0044,10247,Sanya Kapoor,Pizza Hut,Pasta,1813,439,1374,Card,Delivered,Sahil Khan,25,2.6,Chennai,2024-01-09 19:10:00,1.4
customer_0045,52,Vikas Yadav,Burger King,Pasta,1999,759,1240,Cash On Delivery,Delivered,Sahil Khan,26,2.4,Kolkata,2024-04-13 07:15:00,2.1
customer_0045,73,Priya Verma,Domino'S,Burger,1290,42,1248,Cash On Delivery,Delivered,Sahil Khan,46,3.8,Mumbai,2024-10-04 09:02:00,1.6
customer_0045,83,Vikas Yadav,Pizza Hut,Burger,1508,598,910,Upi,Delivered,Rajesh Verma,57,4.6,Chennai,2024-04-14 01:33:00,3.2
customer_0045,565,Arjun Mehta,Pizza Hut,Biryani,1651,787,864,Upi,Delivered,Deepak Singh,49,2.4,Mumbai,2024-07-27 20:00:00,4.3
customer_0045,836,Vikas Yadav,Pizza Hut,Dosa,295,111,184,Upi,Delivered,Ankit Tiwari,37,2.2,Delhi,2024-10-22 02:36:00,1.6
customer_0045,952,Rohan Sharma,Subway,Burger,443,49,394,Card,Delivered,Sahil Khan,43,1.2,Mumbai,2024-01-21 10:34:00,4.6
customer_0045,1004,Arjun Mehta,Pizza Hut,Dosa,1743,844,899,Card,Delivered,Ravi Kumar,23,3.3,Chennai,2024-10-19 05:51:00,4.5
customer_0045,1231,Vikas Yadav,Burger King,Pizza,799,45,754,Card,Delivered,Ankit Tiwari,27,2.8,Mumbai,2024-12-26 13:38:00,1.3
customer_0045,1413,Arjun Mehta,Pizza Hut,Pasta,1200,423,777,Card,Delivered,Deepak Singh,37,2.7,Chennai,2024-11-28 09:26:00,4.5
customer_0045,1501,Sanya Kapoor,Mcdonald'S,Pizza,1876,245,1631,Card,Delivered,Rajesh Verma,39,4.1,Chennai,2024-05-24 03:04:00,2.5
customer_0045,2504,Priya Verma,Domino'S,Burger,628,14,614,Upi,Delivered,Deepak Singh,44,4.3,Kolkata,2024-04-24 11:49:00,4.0
customer_0045,2822,Rohan Sharma,Kfc,Sandwich,1824,592,1232,Cash On Delivery,Delivered,Ravi Kumar,32,2.7,Pune,2024-05-10 07:52:00,1.1
customer_0045,3020,Priya Verma,Kfc,Pasta,1150,472,678,Cash On Delivery,Delivered,Ankit Tiwari,45,1.6,Delhi,2024-03-21 20:38:00,1.2
customer_0045,3259,Priya Verma,Subway,Chicken Wings,1470,135,1335,Cash On Delivery,Delivered,Sahil Khan,19,4.8,Delhi,2024-03-02 08:14:00,2.5
customer_0045,3491,Sanya Kapoor,Kfc,Sandwich,1194,447,747,Cash On Delivery,Delivered,Rajesh Verma,45,3.7,Kolkata,2024-03-22 23:05:00,2.2
customer_0045,4128,Sanya Kapoor,Mcdonald'S,Pizza,783,145,638,Cash On Delivery,Delivered,Rajesh Verma,22,1.3,Delhi,2024-06-02 11:26:00,1.9
customer_0045,4201,Vikas Yadav,Mcdonald'S,Pasta,345,16,329,Upi,Delivered,Ravi Kumar,42,3.7,Delhi,2024-10-14 20:46:00,4.8
customer_0045,4322,Rohan Sharma,Kfc,Sandwich,1775,729,1046,Upi,Delivered,Rajesh Verma,14,5.0,Mumbai,2024-10-25 17:19:00,1.7
customer_0045,4411,Vikas Yadav,Burger King,Sandwich,548,127,421,Cash On Delivery,Delivered,Sahil Khan,25,4.7,Mumbai,2024-11-05 09:10:00,1.8
customer_0045,4818,Priya Verma,Subway,Biryani,744,128,616,Card,Delivered,Ankit Tiwari,35,1.4,Kolkata,2024-01-02 07:48:00,2.4
customer_0045,5632,Priya Verma,Kfc,Pizza,1308,28,1280,Card,Delivered,Ankit Tiwari,34,1.2,Kolkata,2024-08-20 11:37:00,4.0
customer_0045,6907,Arjun Mehta,Pizza Hut,Sandwich,1941,347,1594,Cash On Delivery,Delivered,Rajesh Verma,17,2.1,Bangalore,2024-09-21 11:29:00,2.5
customer_0045,6918,Rohan Sharma,Mcdonald'S,Biryani,961,6,955,Upi,Delivered,Rajesh Verma,12,3.0,Kolkata,2024-01-21 05:43:00,3.9
customer_0045,7181,Arjun Mehta,Mcdonald'S,Pizza,591,244,347,Card,Delivered,Ravi Kumar,16,3.8,Mumbai,2024-02-15 22:29:00,2.7
customer_0045,8587,Priya Verma,Mcdonald'S,Chicken Wings,358,56,302,Card,Delivered,Rajesh Verma,47,1.5,Delhi,2024-10-27 08:11:00,1.6
customer_0045,9716,Vikas Yadav,Burger King,Pizza,1457,465,992,Upi,Delivered,Sahil Khan,15,4.3,Mumbai,2024-09-13 03:14:00,4.4
customer_0045,10364,Vikas Yadav,Domino'S,Pizza,654,61,593,Upi,Delivered,Ravi Kumar,38,1.2,Kolkata,2024-12-07 23:35:00,2.2
customer_0046,1174,Arjun Mehta,Mcdonald'S,Burger,103,5,98,Card,Delivered,Sahil Khan,37,4.1,Pune,2024-10-14 19:51:00,2.5
customer_0046,1548,Vikas Yadav,Pizza Hut,Chicken Wings,522,13,509,Upi,Delivered,Ankit Tiwari,19,2.9,Mumbai,2024-10-23 05:21:00,3.2
customer_0046,1796,Vikas Yadav,Kfc,Pizza,1172,203,969,Card,Delivered,Ravi Kumar,30,1.7,Mumbai,2024-01-22 17:37:00,2.9
customer_0046,2116,Rohan Sharma,Domino'S,Pasta,1318,75,1243,Cash On Delivery,Delivered,Sahil Khan,34,1.8,Bangalore,2024-07-02 03:25:00,4.6
customer_0046,2151,Vikas Yadav,Pizza Hut,Chicken Wings,304,53,251,Upi,Delivered,Rajesh Verma,30,2.4,Bangalore,2024-05-25 23:38:00,2.1
customer_0046,2542,Vikas Yadav,Subway,Sandwich,1724,734,990,Card,Delivered,Ankit Tiwari,24,2.9,Chennai,2024-05-17 12:06:00,4.6
customer_0046,2850,Vikas Yadav,Domino'S,Sandwich,1330,550,780,Card,Delivered,Rajesh Verma,20,5.0,Delhi,2024-08-01 03:02:00,2.0
customer_0046,3072,Vikas Yadav,Pizza Hut,Chicken Wings,1781,881,900,Cash On Delivery,Delivered,Ankit Tiwari,54,3.9,Chennai,2024-03-21 10:15:00,2.0
customer_0046,4171,Sanya Kapoor,Mcdonald'S,Sandwich,1933,525,1408,Cash On Delivery,Delivered,Rajesh Verma,58,1.1,Kolkata,2024-08-24 22:19:00,1.9
customer_0046,4950,Arjun Mehta,Subway,Pizza,1493,42,1451,Upi,Delivered,Ravi Kumar,51,2.4,Pune,2024-10-23 14:01:00,2.1
customer_0046,5198,Sanya Kapoor,Burger King,Pizza,724,189,535,Upi,Delivered,Ravi Kumar,16,2.7,Bangalore,2024-03-24 00:09:00,4.3
customer_0046,5362,Rohan Sharma,Burger King,Dosa,603,139,464,Upi,Delivered,Deepak Singh,15,1.9,Delhi,2024-07-14 15:47:00,4.4
customer_0046,5840,Priya Verma,Kfc,Dosa,1529,457,1072,Cash On Delivery,Delivered,Ankit Tiwari,20,4.6,Kolkata,2024-06-07 15:44:00,3.1
customer_0046,5884,Rohan Sharma,Subway,Pizza,1676,541,1135,Upi,Delivered,Ankit Tiwari,40,2.6,Chennai,2024-11-24 18:49:00,2.1
customer_0046,5885,Rohan Sharma,Pizza Hut,Chicken Wings,683,59,624,Card,Delivered,Ravi Kumar,26,3.7,Kolkata,2024-06-12 13:37:00,2.0
customer_0046,6408,Arjun Mehta,Pizza Hut,Sandwich,1594,588,1006,Card,Delivered,Sahil Khan,51,3.6,Mumbai,2024-05-14 04:46:00,1.0
customer_0046,6697,Arjun Mehta,Pizza Hut,Chicken Wings,1416,229,1187,Cash On Delivery,Delivered,Rajesh Verma,38,4.3,Bangalore,2024-12-10 20:25:00,4.8
customer_0046,6987,Priya Verma,Subway,Pasta,633,106,527,Card,Delivered,Rajesh Verma,50,2.4,Chennai,2024-05-18 16:54:00,2.0
customer_0046,8028,Arjun Mehta,Burger King,Pasta,1723,465,1258,Cash On Delivery,Delivered,Sahil Khan,35,1.9,Bangalore,2024-02-26 21:01:00,4.0
customer_0046,8446,Priya Verma,Kfc,Pizza,1780,609,1171,Cash On Delivery,Delivered,Sahil Khan,21,4.7,Pune,2024-12-22 09:32:00,3.6
customer_0046,8773,Vikas Yadav,Kfc,Pizza,156,55,101,Upi,Delivered,Ravi Kumar,12,4.2,Delhi,2024-10-17 20:53:00,3.9
customer_0046,8832,Arjun Mehta,Kfc,Pizza,1313,344,969,Cash On Delivery,Delivered,Rajesh Verma,59,4.6,Bangalore,2024-11-17 11:44:00,4.2
customer_0046,9273,Sanya Kapoor,Mcdonald'S,Pasta,1235,422,813,Upi,Delivered,Sahil Khan,50,3.2,Pune,2024-02-10 22:33:00,3.4
customer_0046,9441,Vikas Yadav,Mcdonald'S,Pizza,217,44,173,Card,Delivered,Ravi Kumar,25,3.7,Kolkata,2024-08-02 19:35:00,2.6
customer_0046,9673,Vikas Yadav,Mcdonald'S,Burger,322,74,248,Cash On Delivery,Delivered,Rajesh Verma,14,2.4,Mumbai,2024-05-26 18:45:00,1.1
customer_0046,10391,Priya Verma,Kfc,Sandwich,1512,390,1122,Cash On Delivery,Delivered,Ravi Kumar,11,3.2,Pune,2024-02-05 21:50:00,2.3
customer_0047,639,Arjun Mehta,Domino'S,Dosa,1646,481,1165,Upi,Delivered,Ankit Tiwari,25,2.9,Kolkata,2024-02-11 22:51:00,1.3
customer_0047,735,Sanya Kapoor,Mcdonald'S,Pizza,1282,565,717,Cash On Delivery,Delivered,Rajesh Verma,32,3.5,Chennai,2024-11-16 22:32:00,4.0
customer_0047,848,Rohan Sharma,Domino'S,Pasta,1846,309,1537,Cash On Delivery,Delivered,Ravi Kumar,36,1.5,Chennai,2024-11-08 21:42:00,4.8
customer_0047,1075,Arjun Mehta,Domino'S,Chicken Wings,801,304,497,Cash On Delivery,Delivered,Deepak Singh,42,4.6,Hyderabad,2024-10-07 12:34:00,5.0
customer_0047,1093,Priya Verma,Pizza Hut,Biryani,876,104,772,Card,Delivered,Ravi Kumar,25,3.0,Hyderabad,2024-08-17 14:36:00,2.6
customer_0047,1095,Priya Verma,Kfc,Dosa,1375,624,751,Cash On Delivery,Delivered,Deepak Singh,49,1.6,Kolkata,2024-11-19 13:59:00,4.1
customer_0047,1141,Vikas Yadav,Kfc,Biryani,1190,278,912,Cash On Delivery,Delivered,Sahil Khan,57,2.1,Delhi,2024-02-26 09:08:00,1.2
customer_0047,1625,Priya Verma,Domino'S,Chicken Wings,1197,283,914,Card,Delivered,Ravi Kumar,20,2.2,Delhi,2024-10-19 15:20:00,3.1
customer_0047,1916,Rohan Sharma,Kfc,Sandwich,529,93,436,Card,Delivered,Deepak Singh,52,3.5,Chennai,2024-09-25 00:11:00,3.8
customer_0047,2129,Arjun Mehta,Pizza Hut,Pasta,1962,94,1868,Card,Delivered,Deepak Singh,27,4.6,Bangalore,2024-05-02 11:43:00,2.9
customer_0047,2261,Arjun Mehta,Burger King,Sandwich,1284,321,963,Upi,Delivered,Sahil Khan,28,3.6,Mumbai,2024-04-15 03:36:00,3.9
customer_0047,2431,Sanya Kapoor,Mcdonald'S,Dosa,219,95,124,Upi,Delivered,Deepak Singh,23,4.8,Kolkata,2024-10-19 01:20:00,4.3
customer_0047,2826,Rohan Sharma,Pizza Hut,Sandwich,1325,101,1224,Card,Delivered,Ankit Tiwari,10,1.5,Bangalore,2024-09-10 13:59:00,1.8
customer_0047,3114,Arjun Mehta,Pizza Hut,Sandwich,1776,401,1375,Cash On Delivery,Delivered,Ravi Kumar,10,2.1,Chennai,2024-11-14 19:05:00,4.2
customer_0047,3637,Priya Verma,Mcdonald'S,Biryani,744,27,717,Card,Delivered,Deepak Singh,43,2.4,Pune,2024-12-19 05:22:00,2.8
customer_0047,5169,Rohan Sharma,Mcdonald'S,Biryani,1740,799,941,Card,Delivered,Sahil Khan,59,2.6,Mumbai,2024-02-13 19:09:00,1.8
customer_0047,5420,Rohan Sharma,Kfc,Burger,1086,206,880,Card,Delivered,Deepak Singh,57,3.5,Kolkata,2024-04-27 03:41:00,2.6
customer_0047,5705,Priya Verma,Pizza Hut,Pasta,124,40,84,Cash On Delivery,Delivered,Ravi Kumar,49,3.4,Pune,2024-03-02 17:15:00,2.9
customer_0047,5726,Rohan Sharma,Kfc,Dosa,502,137,365,Card,Delivered,Deepak Singh,55,2.0,Pune,2024-12-18 00:58:00,2.8
customer_0047,6088,Vikas Yadav,Mcdonald'S,Pizza,322,127,195,Upi,Delivered,Deepak Singh,51,1.6,Hyderabad,2024-11-05 11:07:00,3.1
customer_0047,6186,Vikas Yadav,Subway,Dosa,1735,446,1289,Cash On Delivery,Delivered,Deepak Singh,35,3.6,Delhi,2024-11-02 00:05:00,4.5
customer_0047,6696,Vikas Yadav,Kfc,Dosa,1830,843,987,Card,Delivered,Sahil Khan,40,3.6,Bangalore,2024-12-27 18:06:00,2.1
customer_0047,7211,Vikas Yadav,Subway,Pasta,493,199,294,Cash On Delivery,Delivered,Deepak Singh,48,3.5,Hyderabad,2024-03-11 23:00:00,1.0
customer_0047,7826,Sanya Kapoor,Subway,Pizza,313,9,304,Cash On Delivery,Delivered,Rajesh Verma,36,3.4,Hyderabad,2024-04-20 05:59:00,3.1
customer_0047,8491,Sanya Kapoor,Kfc,Chicken Wings,311,40,271,Cash On Delivery,Delivered,Ankit Tiwari,35,2.5,Bangalore,2024-10-20 08:18:00,3.8
customer_0047,8954,Vikas Yadav,Domino'S,Pasta,804,62,742,Cash On Delivery,Delivered,Rajesh Verma,31,1.9,Kolkata,2024-06-08 03:30:00,2.0
customer_0047,9160,Rohan Sharma,Burger King,Pasta,120,29,91,Upi,Delivered,Ravi Kumar,48,1.8,Hyderabad,2024-02-25 00:22:00,1.5
customer_0047,9189,Sanya Kapoor,Burger King,Chicken Wings,139,51,88,Cash On Delivery,Delivered,Deepak Singh,59,4.5,Bangalore,2024-05-24 18:05:00,3.0
customer_0047,9521,Vikas Yadav,Domino'S,Biryani,1687,373,1314,Card,Delivered,Deepak Singh,57,2.9,Pune,2024-02-08 12:17:00,2.0
customer_0047,9526,Priya Verma,Mcdonald'S,Chicken Wings,145,13,132,Card,Delivered,Sahil Khan,44,4.9,Pune,2024-04-23 12:27:00,2.4
customer_0047,9872,Vikas Yadav,Mcdonald'S,Pasta,520,242,278,Upi,Delivered,Ravi Kumar,37,1.5,Mumbai,2024-03-21 22:00:00,1.6
customer_0047,9992,Priya Verma,Subway,Dosa,654,240,414,Card,Delivered,Ankit Tiwari,55,4.2,Hyderabad,2024-12-22 07:30:00,4.6
customer_0047,10077,Sanya Kapoor,Burger King,Sandwich,1788,211,1577,Cash On Delivery,Delivered,Ankit Tiwari,15,4.3,Hyderabad,2024-06-10 02:53:00,4.2
customer_0048,141,Arjun Mehta,Kfc,Biryani,1775,580,1195,Card,Delivered,Ravi Kumar,47,3.4,Pune,2024-06-25 23:11:00,2.5
customer_0048,897,Priya Verma,Domino'S,Biryani,145,32,113,Upi,Delivered,Deepak Singh,36,2.2,Pune,2024-12-02 20:36:00,3.2
customer_0048,1094,Rohan Sharma,Mcdonald'S,Chicken Wings,755,23,732,Card,Delivered,Sahil Khan,57,4.5,Hyderabad,2024-03-18 00:24:00,1.9
customer_0048,1478,Priya Verma,Domino'S,Burger,389,151,238,Cash On Delivery,Delivered,Ankit Tiwari,14,3.8,Kolkata,2024-08-10 18:35:00,3.7
customer_0048,1753,Rohan Sharma,Pizza Hut,Burger,210,89,121,Upi,Delivered,Sahil Khan,37,1.3,Pune,2024-02-09 19:39:00,2.0
customer_0048,1798,Rohan Sharma,Mcdonald'S,Chicken Wings,1885,450,1435,Upi,Delivered,Rajesh Verma,14,4.6,Kolkata,2024-08-22 01:52:00,3.5
customer_0048,1986,Priya Verma,Burger King,Burger,668,285,383,Card,Delivered,Deepak Singh,37,1.1,Mumbai,2024-12-21 17:29:00,4.1
customer_0048,2386,Vikas Yadav,Subway,Sandwich,173,84,89,Upi,Delivered,Rajesh Verma,46,2.8,Kolkata,2024-12-16 04:01:00,2.5
customer_0048,3291,Rohan Sharma,Pizza Hut,Pasta,986,60,926,Upi,Delivered,Sahil Khan,14,2.3,Bangalore,2024-10-19 04:19:00,3.1
customer_0048,4049,Vikas Yadav,Subway,Sandwich,1773,550,1223,Cash On Delivery,Delivered,Ankit Tiwari,20,4.4,Kolkata,2024-09-23 10:09:00,2.7
customer_0048,4340,Priya Verma,Kfc,Dosa,825,268,557,Upi,Delivered,Sahil Khan,19,2.2,Pune,2024-12-18 20:01:00,3.5
customer_0048,4342,Arjun Mehta,Subway,Chicken Wings,1181,242,939,Card,Delivered,Rajesh Verma,20,3.4,Kolkata,2024-08-21 06:14:00,3.3
customer_0048,4476,Vikas Yadav,Domino'S,Biryani,1175,552,623,Cash On Delivery,Delivered,Ankit Tiwari,31,1.0,Kolkata,2024-05-13 04:30:00,1.4
customer_0048,4656,Arjun Mehta,Pizza Hut,Biryani,208,38,170,Card,Delivered,Deepak Singh,34,5.0,Hyderabad,2024-03-07 00:43:00,3.4
customer_0048,4870,Arjun Mehta,Mcdonald'S,Burger,1337,93,1244,Card,Delivered,Sahil Khan,13,3.5,Delhi,2024-04-10 20:34:00,2.7
customer_0048,5720,Priya Verma,Kfc,Pasta,1801,642,1159,Upi,Delivered,Sahil Khan,49,3.9,Chennai,2024-07-23 05:18:00,1.8
customer_0048,5778,Arjun Mehta,Pizza Hut,Sandwich,404,199,205,Card,Delivered,Deepak Singh,17,4.2,Mumbai,2024-09-21 17:35:00,4.0
customer_0048,7184,Vikas Yadav,Burger King,Burger,102,20,82,Card,Delivered,Rajesh Verma,49,1.5,Hyderabad,2024-10-08 03:49:00,1.8
customer_0048,7197,Rohan Sharma,Subway,Chicken Wings,1188,311,877,Card,Delivered,Deepak Singh,50,1.0,Chennai,2024-08-14 12:39:00,4.2
customer_0048,7218,Arjun Mehta,Burger King,Pizza,1002,444,558,Card,Delivered,Deepak Singh,19,4.8,Hyderabad,2024-10-28 00:08:00,4.9
customer_0048,7315,Arjun Mehta,Burger King,Chicken Wings,306,98,208,Upi,Delivered,Rajesh Verma,30,4.3,Mumbai,2024-09-24 19:34:00,3.7
customer_0048,7399,Sanya Kapoor,Burger King,Pasta,1299,359,940,Card,Delivered,Ankit Tiwari,25,2.6,Kolkata,2024-06-28 12:55:00,3.3
customer_0048,7417,Sanya Kapoor,Subway,Pasta,775,219,556,Card,Delivered,Ankit Tiwari,17,4.0,Chennai,2024-04-14 06:15:00,2.7
customer_0048,7594,Vikas Yadav,Subway,Pasta,189,7,182,Cash On Delivery,Delivered,Deepak Singh,17,1.3,Chennai,2024-10-10 07:26:00,4.7
customer_0048,7868,Arjun Mehta,Domino'S,Sandwich,1074,504,570,Cash On Delivery,Delivered,Deepak Singh,57,1.3,Delhi,2024-10-26 07:21:00,2.6
customer_0048,8054,Vikas Yadav,Subway,Pizza,1956,784,1172,Upi,Delivered,Ravi Kumar,54,1.9,Kolkata,2024-02-13 13:19:00,1.8
customer_0048,8231,Priya Verma,Kfc,Pasta,1529,616,913,Cash On Delivery,Delivered,Rajesh Verma,33,1.4,Hyderabad,2024-08-18 07:34:00,2.3
customer_0048,8656,Vikas Yadav,Mcdonald'S,Pasta,1855,103,1752,Card,Delivered,Rajesh Verma,25,4.5,Kolkata,2024-10-20 02:08:00,4.8
customer_0048,8879,Rohan Sharma,Burger King,Biryani,1649,746,903,Card,Delivered,Deepak Singh,17,4.1,Kolkata,2024-08-04 02:29:00,1.5
customer_0048,9655,Vikas Yadav,Mcdonald'S,Burger,377,163,214,Cash On Delivery,Delivered,Deepak Singh,32,4.8,Delhi,2024-08-27 11:12:00,2.7
customer_0048,9825,Vikas Yadav,Pizza Hut,Burger,1097,63,1034,Upi,Delivered,Sahil Khan,51,3.3,Delhi,2024-12-17 13:37:00,3.5
customer_0049,572,Arjun Mehta,Subway,Biryani,1941,611,1330,Cash On Delivery,Delivered,Deepak Singh,37,2.8,Hyderabad,2024-03-01 12:56:00,4.5
customer_0049,884,Priya Verma,Pizza Hut,Burger,274,69,205,Card,Delivered,Ravi Kumar,28,4.9,Delhi,2024-05-22 05:13:00,4.6
customer_0049,1481,Vikas Yadav,Kfc,Chicken Wings,405,90,315,Card,Delivered,Sahil Khan,22,2.2,Mumbai,2024-02-12 22:35:00,3.2
customer_0049,1671,Vikas Yadav,Mcdonald'S,Pizza,379,18,361,Upi,Delivered,Deepak Singh,28,1.3,Bangalore,2024-12-11 23:13:00,1.8
customer_0049,1762,Priya Verma,Domino'S,Dosa,1203,350,853,Upi,Delivered,Ankit Tiwari,26,4.2,Kolkata,2024-11-22 16:21:00,4.1
customer_0049,3249,Vikas Yadav,Mcdonald'S,Biryani,990,286,704,Upi,Delivered,Ravi Kumar,49,3.1,Delhi,2024-10-14 01:54:00,3.2
customer_0049,3363,Rohan Sharma,Domino'S,Sandwich,1865,255,1610,Cash On Delivery,Delivered,Rajesh Verma,15,2.0,Mumbai,2024-03-21 12:00:00,2.8
customer_0049,3867,Arjun Mehta,Burger King,Biryani,815,215,600,Card,Delivered,Ankit Tiwari,39,2.5,Bangalore,2024-11-28 17:44:00,1.4
customer_0049,4248,Vikas Yadav,Burger King,Chicken Wings,886,381,505,Card,Delivered,Ravi Kumar,60,2.2,Kolkata,2024-11-18 13:34:00,1.2
customer_0049,5438,Rohan Sharma,Subway,Sandwich,1702,6,1696,Cash On Delivery,Delivered,Sahil Khan,28,2.1,Mumbai,2024-06-08 09:41:00,2.3
customer_0049,5688,Priya Verma,Kfc,Dosa,1715,249,1466,Cash On Delivery,Delivered,Deepak Singh,48,2.4,Pune,2024-03-07 08:27:00,4.3
customer_0049,6394,Rohan Sharma,Domino'S,Pizza,462,155,307,Card,Delivered,Ravi Kumar,37,4.6,Kolkata,2024-04-05 17:48:00,1.5
customer_0049,7059,Rohan Sharma,Pizza Hut,Chicken Wings,1136,201,935,Cash On Delivery,Delivered,Rajesh Verma,29,3.7,Kolkata,2024-04-06 04:18:00,2.9
customer_0049,7284,Arjun Mehta,Kfc,Burger,1371,137,1234,Cash On Delivery,Delivered,Ravi Kumar,16,4.1,Pune,2024-06-11 15:47:00,1.4
customer_0049,7550,Priya Verma,Subway,Chicken Wings,621,182,439,Cash On Delivery,Delivered,Sahil Khan,43,4.2,Kolkata,2024-10-02 13:48:00,3.9
customer_0049,7655,Rohan Sharma,Kfc,Chicken Wings,1215,74,1141,Cash On Delivery,Delivered,Ankit Tiwari,39,4.1,Bangalore,2024-06-05 21:42:00,4.2
customer_0049,8406,Sanya Kapoor,Kfc,Pizza,154,25,129,Upi,Delivered,Ravi Kumar,21,3.1,Kolkata,2024-07-28 14:12:00,3.4
customer_0049,8584,Sanya Kapoor,Mcdonald'S,Biryani,402,71,331,Upi,Delivered,Deepak Singh,47,1.9,Mumbai,2024-09-27 17:49:00,2.9
customer_0049,9332,Sanya Kapoor,Kfc,Dosa,348,66,282,Card,Delivered,Sahil Khan,24,4.8,Kolkata,2024-11-21 12:01:00,1.4
customer_0049,9357,Vikas Yadav,Mcdonald'S,Pizza,712,111,601,Cash On Delivery,Delivered,Rajesh Verma,12,1.6,Hyderabad,2024-03-27 07:12:00,5.0
customer_0049,9407,Priya Verma,Subway,Burger,699,23,676,Card,Delivered,Deepak Singh,33,1.9,Hyderabad,2024-07-18 20:09:00,3.3
customer_0049,10304,Priya Verma,Burger King,Burger,359,90,269,Cash On Delivery,Delivered,Rajesh Verma,57,2.6,Hyderabad,2024-07-17 19:41:00,4.8
customer_0049,10427,Priya Verma,Pizza Hut,Dosa,472,50,422,Upi,Delivered,Ankit Tiwari,47,1.9,Hyderabad,2024-09-12 02:44:00,1.5
customer_0050,116,Rohan Sharma,Domino'S,Biryani,532,201,331,Upi,Delivered,Ravi Kumar,37,4.9,Delhi,2024-09-25 11:45:00,4.9
customer_0050,165,Rohan Sharma,Subway,Chicken Wings,871,62,809,Card,Delivered,Ravi Kumar,37,2.6,Kolkata,2024-01-08 22:08:00,3.1
customer_0050,388,Rohan Sharma,Domino'S,Dosa,1600,458,1142,Card,Delivered,Sahil Khan,13,2.9,Kolkata,2024-11-25 08:04:00,1.6
customer_0050,705,Sanya Kapoor,Burger King,Pasta,177,71,106,Card,Delivered,Ravi Kumar,41,1.4,Delhi,2024-01-09 06:28:00,2.7
customer_0050,726,Priya Verma,Burger King,Sandwich,1830,377,1453,Card,Delivered,Ankit Tiwari,55,2.7,Bangalore,2024-02-08 06:35:00,4.9
customer_0050,903,Sanya Kapoor,Pizza Hut,Dosa,1709,676,1033,Card,Delivered,Rajesh Verma,34,1.2,Pune,2024-08-09 12:56:00,4.7
customer_0050,1030,Priya Verma,Burger King,Chicken Wings,1787,76,1711,Card,Delivered,Deepak Singh,44,1.5,Bangalore,2024-06-14 17:12:00,3.9
customer_0050,1082,Priya Verma,Domino'S,Burger,706,307,399,Cash On Delivery,Delivered,Deepak Singh,39,3.4,Mumbai,2024-01-28 18:55:00,3.3
customer_0050,1088,Priya Verma,Mcdonald'S,Chicken Wings,1292,633,659,Upi,Delivered,Ravi Kumar,36,1.8,Kolkata,2024-01-02 10:30:00,2.1
customer_0050,1134,Sanya Kapoor,Domino'S,Pizza,386,165,221,Card,Delivered,Ankit Tiwari,43,2.8,Delhi,2024-01-02 16:40:00,2.1
customer_0050,1677,Arjun Mehta,Pizza Hut,Biryani,1650,162,1488,Upi,Delivered,Sahil Khan,48,4.7,Chennai,2024-03-19 13:20:00,1.6
customer_0050,1840,Vikas Yadav,Domino'S,Biryani,793,180,613,Card,Delivered,Ravi Kumar,40,1.6,Mumbai,2024-08-17 09:53:00,2.4
customer_0050,2585,Sanya Kapoor,Pizza Hut,Dosa,307,66,241,Upi,Delivered,Ravi Kumar,47,3.4,Delhi,2024-02-24 18:22:00,1.1
customer_0050,3437,Vikas Yadav,Mcdonald'S,Burger,1129,251,878,Cash On Delivery,Delivered,Sahil Khan,25,1.4,Mumbai,2024-04-14 01:27:00,2.4
customer_0050,3654,Vikas Yadav,Domino'S,Pasta,1707,20,1687,Card,Delivered,Rajesh Verma,12,4.6,Pune,2024-09-02 14:58:00,2.4
customer_0050,3852,Vikas Yadav,Mcdonald'S,Chicken Wings,1442,136,1306,Cash On Delivery,Delivered,Ravi Kumar,15,4.9,Delhi,2024-04-27 08:20:00,2.9
customer_0050,4017,Arjun Mehta,Mcdonald'S,Pasta,794,126,668,Card,Delivered,Ankit Tiwari,24,1.2,Chennai,2024-08-16 08:22:00,3.1
customer_0050,4193,Priya Verma,Pizza Hut,Chicken Wings,1518,455,1063,Card,Delivered,Deepak Singh,48,2.1,Bangalore,2024-11-08 03:22:00,2.3
customer_0050,4209,Priya Verma,Mcdonald'S,Dosa,731,58,673,Upi,Delivered,Ravi Kumar,17,1.8,Mumbai,2024-12-01 15:35:00,3.7
customer_0050,4273,Vikas Yadav,Pizza Hut,Pasta,1827,725,1102,Cash On Delivery,Delivered,Deepak Singh,22,4.9,Mumbai,2024-01-28 17:30:00,2.7
customer_0050,5761,Priya Verma,Subway,Burger,1165,475,690,Upi,Delivered,Ankit Tiwari,26,2.2,Kolkata,2024-01-24 22:01:00,2.0
customer_0050,5811,Rohan Sharma,Pizza Hut,Burger,1563,630,933,Cash On Delivery,Delivered,Sahil Khan,22,3.3,Delhi,2024-04-23 07:54:00,1.9
customer_0050,6282,Rohan Sharma,Subway,Sandwich,134,61,73,Cash On Delivery,Delivered,Deepak Singh,12,2.7,Bangalore,2024-07-02 19:35:00,2.9
customer_0050,6623,Sanya Kapoor,Kfc,Dosa,1992,858,1134,Card,Delivered,Rajesh Verma,53,3.1,Pune,2024-08-08 16:25:00,3.4
customer_0050,6683,Rohan Sharma,Burger King,Chicken Wings,959,389,570,Card,Delivered,Deepak Singh,57,3.3,Pune,2024-09-14 03:37:00,2.0
customer_0050,6684,Rohan Sharma,Kfc,Chicken Wings,462,164,298,Cash On Delivery,Delivered,Deepak Singh,39,1.8,Delhi,2024-05-04 17:43:00,3.9
customer_0050,6778,Vikas Yadav,Pizza Hut,Chicken Wings,1331,82,1249,Upi,Delivered,Ravi Kumar,29,3.1,Hyderabad,2024-11-20 12:20:00,4.7
customer_0050,6883,Rohan Sharma,Kfc,Dosa,1001,59,942,Upi,Delivered,Rajesh Verma,10,4.1,Delhi,2024-01-04 23:33:00,1.9
customer_0050,7692,Sanya Kapoor,Domino'S,Burger,1898,698,1200,Card,Delivered,Rajesh Verma,24,4.5,Pune,2024-05-27 20:15:00,5.0
customer_0050,7860,Rohan Sharma,Pizza Hut,Pizza,585,156,429,Cash On Delivery,Delivered,Ankit Tiwari,21,2.4,Pune,2024-10-21 12:40:00,1.3
customer_0050,8059,Priya Verma,Burger King,Pizza,909,175,734,Upi,Delivered,Rajesh Verma,44,1.7,Kolkata,2024-02-22 10:38:00,4.3
customer_0050,8146,Rohan Sharma,Subway,Chicken Wings,1029,358,671,Upi,Delivered,Sahil Khan,11,4.6,Delhi,2024-01-19 20:07:00,1.5
customer_0050,9129,Vikas Yadav,Subway,Sandwich,1086,490,596,Card,Delivered,Ankit Tiwari,35,3.3,Delhi,2024-11-22 19:31:00,4.6
customer_0050,9340,Sanya Kapoor,Domino'S,Pasta,346,138,208,Card,Delivered,Rajesh Verma,20,2.0,Bangalore,2024-09-04 18:43:00,2.6
customer_0050,9643,Rohan Sharma,Mcdonald'S,Biryani,937,51,886,Upi,Delivered,Ankit Tiwari,58,2.6,Kolkata,2024-06-16 09:36:00,1.6
customer_0050,10311,Sanya Kapoor,Subway,Pizza,1239,397,842,Cash On Delivery,Delivered,Sahil Khan,10,2.2,Mumbai,2024-03-20 14:00:00,1.6
customer_0051,177,Sanya Kapoor,Pizza Hut,Burger,1535,744,791,Card,Delivered,Ravi Kumar,32,2.4,Hyderabad,2024-08-05 02:08:00,4.7
customer_0051,1375,Sanya Kapoor,Mcdonald'S,Sandwich,1781,224,1557,Cash On Delivery,Delivered,Deepak Singh,31,4.8,Mumbai,2024-01-16 13:47:00,2.7
customer_0051,2167,Arjun Mehta,Pizza Hut,Sandwich,1149,79,1070,Card,Delivered,Rajesh Verma,42,1.1,Bangalore,2024-06-12 07:36:00,4.3
customer_0051,2187,Vikas Yadav,Domino'S,Pasta,768,8,760,Upi,Delivered,Deepak Singh,21,5.0,Delhi,2024-02-09 06:32:00,3.2
customer_0051,3175,Arjun Mehta,Domino'S,Dosa,940,21,919,Upi,Delivered,Ankit Tiwari,32,1.3,Chennai,2024-10-11 08:02:00,2.9
customer_0051,3209,Sanya Kapoor,Burger King,Biryani,715,264,451,Upi,Delivered,Sahil Khan,59,3.5,Hyderabad,2024-10-14 12:15:00,2.8
customer_0051,4285,Rohan Sharma,Kfc,Dosa,1656,611,1045,Cash On Delivery,Delivered,Ankit Tiwari,39,3.7,Kolkata,2024-05-12 03:56:00,3.0
customer_0051,4483,Arjun Mehta,Pizza Hut,Dosa,140,37,103,Upi,Delivered,Sahil Khan,30,1.6,Chennai,2024-05-20 09:00:00,2.6
customer_0051,4627,Sanya Kapoor,Pizza Hut,Biryani,363,6,357,Card,Delivered,Ravi Kumar,52,1.6,Mumbai,2024-02-04 23:34:00,1.6
customer_0051,4693,Vikas Yadav,Burger King,Pasta,288,48,240,Card,Delivered,Ravi Kumar,19,3.8,Pune,2024-10-19 01:09:00,3.4
customer_0051,4940,Rohan Sharma,Domino'S,Dosa,1336,503,833,Card,Delivered,Ankit Tiwari,40,2.3,Chennai,2024-11-18 09:50:00,4.9
customer_0051,5041,Priya Verma,Mcdonald'S,Dosa,908,115,793,Cash On Delivery,Delivered,Ravi Kumar,26,3.3,Pune,2024-08-10 09:48:00,3.9
customer_0051,5255,Sanya Kapoor,Mcdonald'S,Chicken Wings,141,26,115,Card,Delivered,Deepak Singh,39,3.7,Kolkata,2024-11-12 19:53:00,2.0
customer_0051,5653,Priya Verma,Subway,Chicken Wings,1395,693,702,Card,Delivered,Ravi Kumar,55,3.6,Pune,2024-10-19 00:33:00,1.5
customer_0051,6144,Rohan Sharma,Mcdonald'S,Pasta,864,347,517,Upi,Delivered,Ankit Tiwari,49,4.0,Chennai,2024-04-22 18:46:00,2.8
customer_0051,7087,Priya Verma,Pizza Hut,Chicken Wings,345,114,231,Card,Delivered,Deepak Singh,54,2.7,Chennai,2024-02-01 00:22:00,3.5
customer_0051,7101,Arjun Mehta,Burger King,Burger,886,345,541,Card,Delivered,Deepak Singh,38,4.7,Delhi,2024-07-13 16:38:00,2.9
customer_0051,7207,Priya Verma,Mcdonald'S,Chicken Wings,817,151,666,Cash On Delivery,Delivered,Ankit Tiwari,26,4.4,Hyderabad,2024-01-18 07:28:00,1.6
customer_0051,7274,Arjun Mehta,Subway,Pasta,148,31,117,Cash On Delivery,Delivered,Ravi Kumar,54,4.0,Delhi,2024-06-06 19:21:00,2.2
customer_0051,7462,Arjun Mehta,Pizza Hut,Dosa,1073,291,782,Upi,Delivered,Rajesh Verma,44,1.2,Kolkata,2024-06-01 13:39:00,1.7
customer_0051,7754,Vikas Yadav,Kfc,Chicken Wings,820,209,611,Card,Delivered,Deepak Singh,29,1.2,Hyderabad,2024-02-06 08:15:00,1.9
customer_0051,7863,Vikas Yadav,Subway,Pasta,1131,290,841,Card,Delivered,Sahil Khan,19,1.4,Pune,2024-09-18 22:46:00,1.6
customer_0051,8718,Arjun Mehta,Kfc,Pasta,1194,420,774,Card,Delivered,Rajesh Verma,34,1.3,Delhi,2024-12-12 23:53:00,2.4
customer_0051,9700,Vikas Yadav,Subway,Sandwich,623,43,580,Upi,Delivered,Deepak Singh,40,3.0,Delhi,2024-01-22 12:47:00,3.2
customer_0051,10059,Sanya Kapoor,Pizza Hut,Sandwich,257,39,218,Card,Delivered,Rajesh Verma,36,4.7,Mumbai,2024-01-27 19:12:00,5.0
customer_0051,10436,Sanya Kapoor,Domino'S,Biryani,1410,520,890,Cash On Delivery,Delivered,Ravi Kumar,32,3.5,Chennai,2024-08-18 22:09:00,1.7
customer_0052,93,Vikas Yadav,Kfc,Pizza,1252,49,1203,Card,Delivered,Deepak Singh,47,3.6,Delhi,2024-03-01 18:18:00,1.1
customer_0052,350,Priya Verma,Subway,Biryani,1049,434,615,Card,Delivered,Ankit Tiwari,21,2.1,Chennai,2024-04-08 11:25:00,1.3
customer_0052,364,Arjun Mehta,Burger King,Dosa,1984,656,1328,Card,Delivered,Sahil Khan,33,1.1,Kolkata,2024-04-20 11:32:00,1.2
customer_0052,373,Arjun Mehta,Mcdonald'S,Biryani,562,47,515,Upi,Delivered,Deepak Singh,42,4.4,Mumbai,2024-01-08 07:44:00,1.3
customer_0052,591,Sanya Kapoor,Kfc,Biryani,436,139,297,Card,Delivered,Sahil Khan,56,2.5,Hyderabad,2024-12-21 22:28:00,4.3
customer_0052,698,Arjun Mehta,Mcdonald'S,Pasta,883,364,519,Upi,Delivered,Rajesh Verma,16,4.7,Pune,2024-08-11 17:59:00,4.4
customer_0052,870,Vikas Yadav,Domino'S,Pizza,1356,2,1354,Card,Delivered,Ravi Kumar,53,4.2,Bangalore,2024-12-12 13:24:00,3.2
customer_0052,997,Arjun Mehta,Kfc,Sandwich,684,45,639,Cash On Delivery,Delivered,Ankit Tiwari,21,2.3,Pune,2024-11-21 17:32:00,4.5
customer_0052,1044,Vikas Yadav,Subway,Biryani,1423,208,1215,Card,Delivered,Deepak Singh,30,4.9,Bangalore,2024-03-15 13:40:00,4.1
customer_0052,1581,Priya Verma,Subway,Pizza,454,70,384,Upi,Delivered,Sahil Khan,26,3.7,Chennai,2024-07-24 13:06:00,1.3
customer_0052,1686,Arjun Mehta,Mcdonald'S,Pizza,205,64,141,Upi,Delivered,Rajesh Verma,52,5.0,Pune,2024-04-26 03:14:00,3.3
customer_0052,1902,Priya Verma,Mcdonald'S,Dosa,1386,155,1231,Upi,Delivered,Ankit Tiwari,26,4.9,Chennai,2024-07-28 13:07:00,1.3
customer_0052,2384,Rohan Sharma,Subway,Dosa,844,394,450,Card,Delivered,Sahil Khan,35,4.1,Chennai,2024-07-26 17:53:00,2.5
customer_0052,2562,Rohan Sharma,Pizza Hut,Biryani,236,90,146,Cash On Delivery,Delivered,Ankit Tiwari,29,1.2,Chennai,2024-02-18 06:48:00,4.9
customer_0052,2819,Arjun Mehta,Mcdonald'S,Chicken Wings,1886,848,1038,Cash On Delivery,Delivered,Deepak Singh,23,1.7,Chennai,2024-07-24 23:47:00,1.1
customer_0052,4164,Priya Verma,Pizza Hut,Burger,911,326,585,Card,Delivered,Ankit Tiwari,37,3.0,Bangalore,2024-02-26 06:49:00,1.8
customer_0052,4359,Sanya Kapoor,Domino'S,Biryani,1900,255,1645,Card,Delivered,Sahil Khan,11,2.5,Delhi,2024-02-07 09:38:00,2.1
customer_0052,4504,Priya Verma,Domino'S,Dosa,1426,69,1357,Cash On Delivery,Delivered,Sahil Khan,50,4.9,Hyderabad,2024-08-16 14:24:00,4.6
customer_0052,4902,Sanya Kapoor,Domino'S,Chicken Wings,1914,294,1620,Cash On Delivery,Delivered,Sahil Khan,56,3.4,Hyderabad,2024-01-18 19:55:00,2.9
customer_0052,5084,Vikas Yadav,Subway,Biryani,1261,335,926,Cash On Delivery,Delivered,Ankit Tiwari,29,4.6,Pune,2024-04-11 16:26:00,2.2
customer_0052,5175,Vikas Yadav,Pizza Hut,Burger,482,165,317,Card,Delivered,Deepak Singh,20,3.9,Pune,2024-09-01 04:09:00,3.9
customer_0052,5214,Vikas Yadav,Subway,Pizza,587,108,479,Upi,Delivered,Sahil Khan,26,2.1,Kolkata,2024-04-20 07:39:00,4.8
customer_0052,5655,Sanya Kapoor,Domino'S,Biryani,1968,81,1887,Upi,Delivered,Rajesh Verma,12,3.4,Bangalore,2024-08-27 04:55:00,4.9
customer_0052,5702,Arjun Mehta,Burger King,Burger,729,306,423,Upi,Delivered,Deepak Singh,42,3.3,Pune,2024-07-12 21:40:00,2.5
customer_0052,5929,Priya Verma,Kfc,Pizza,1991,861,1130,Card,Delivered,Rajesh Verma,32,2.5,Delhi,2024-02-11 13:19:00,4.8
customer_0052,5949,Sanya Kapoor,Domino'S,Dosa,666,236,430,Upi,Delivered,Sahil Khan,43,1.5,Pune,2024-01-10 08:25:00,3.9
customer_0052,6014,Arjun Mehta,Mcdonald'S,Chicken Wings,1425,3,1422,Upi,Delivered,Rajesh Verma,38,4.3,Chennai,2024-07-15 11:50:00,3.5
customer_0052,6307,Vikas Yadav,Mcdonald'S,Dosa,745,20,725,Card,Delivered,Deepak Singh,15,3.6,Mumbai,2024-06-16 13:30:00,1.9
customer_0052,6609,Sanya Kapoor,Subway,Biryani,259,101,158,Upi,Delivered,Sahil Khan,25,2.8,Bangalore,2024-01-26 09:32:00,2.4
customer_0052,6828,Rohan Sharma,Domino'S,Burger,1666,542,1124,Cash On Delivery,Delivered,Ankit Tiwari,40,4.8,Delhi,2024-12-05 18:40:00,1.9
customer_0052,6938,Sanya Kapoor,Mcdonald'S,Biryani,1740,139,1601,Cash On Delivery,Delivered,Rajesh Verma,15,1.9,Delhi,2024-04-01 08:28:00,4.9
customer_0052,7961,Sanya Kapoor,Domino'S,Biryani,563,91,472,Cash On Delivery,Delivered,Deepak Singh,28,1.3,Hyderabad,2024-08-24 14:12:00,1.2
customer_0052,8042,Vikas Yadav,Burger King,Pizza,481,196,285,Cash On Delivery,Delivered,Sahil Khan,17,4.6,Pune,2024-09-17 07:53:00,2.4
customer_0052,8181,Arjun Mehta,Pizza Hut,Sandwich,1422,656,766,Cash On Delivery,Delivered,Ravi Kumar,39,1.8,Kolkata,2024-07-03 00:26:00,3.2
customer_0052,9282,Vikas Yadav,Pizza Hut,Biryani,830,111,719,Cash On Delivery,Delivered,Ankit Tiwari,25,2.8,Chennai,2024-06-08 03:53:00,2.8
customer_0052,9306,Vikas Yadav,Burger King,Chicken Wings,1760,210,1550,Upi,Delivered,Sahil Khan,34,4.7,Chennai,2024-06-26 07:39:00,1.2
customer_0052,9886,Sanya Kapoor,Subway,Burger,990,167,823,Cash On Delivery,Delivered,Deepak Singh,32,2.8,Pune,2024-11-20 13:27:00,4.0
customer_0052,10371,Priya Verma,Kfc,Sandwich,183,48,135,Cash On Delivery,Delivered,Ravi Kumar,28,3.4,Hyderabad,2024-08-17 13:14:00,3.1
customer_0053,569,Vikas Yadav,Pizza Hut,Biryani,860,5,855,Card,Delivered,Sahil Khan,59,4.6,Mumbai,2024-01-28 17:54:00,3.9
customer_0053,1243,Rohan Sharma,Domino'S,Biryani,1984,306,1678,Upi,Delivered,Ankit Tiwari,10,1.1,Delhi,2024-10-20 17:21:00,2.1
customer_0053,1373,Sanya Kapoor,Domino'S,Sandwich,1590,568,1022,Upi,Delivered,Deepak Singh,28,1.6,Delhi,2024-05-26 19:06:00,2.5
customer_0053,1578,Rohan Sharma,Burger King,Pasta,551,178,373,Cash On Delivery,Delivered,Ankit Tiwari,60,4.9,Chennai,2024-07-12 08:07:00,3.8
customer_0053,1826,Arjun Mehta,Kfc,Dosa,392,73,319,Cash On Delivery,Delivered,Deepak Singh,23,3.7,Kolkata,2024-02-11 05:23:00,3.0
customer_0053,2029,Priya Verma,Burger King,Biryani,1295,453,842,Card,Delivered,Rajesh Verma,26,1.4,Kolkata,2024-06-12 15:28:00,1.6
customer_0053,2354,Rohan Sharma,Subway,Pizza,911,300,611,Card,Delivered,Ravi Kumar,17,1.9,Delhi,2024-07-01 05:35:00,2.8
customer_0053,2488,Sanya Kapoor,Pizza Hut,Pizza,1603,432,1171,Cash On Delivery,Delivered,Rajesh Verma,46,1.6,Mumbai,2024-01-01 03:30:00,1.6
customer_0053,2540,Rohan Sharma,Burger King,Burger,553,59,494,Card,Delivered,Rajesh Verma,53,1.4,Hyderabad,2024-07-20 06:56:00,3.6
customer_0053,2633,Priya Verma,Mcdonald'S,Sandwich,585,67,518,Upi,Delivered,Deepak Singh,41,4.2,Mumbai,2024-04-08 18:40:00,1.4
customer_0053,2638,Priya Verma,Domino'S,Pizza,999,452,547,Card,Delivered,Rajesh Verma,48,3.7,Bangalore,2024-06-08 21:01:00,2.3
customer_0053,2906,Arjun Mehta,Subway,Sandwich,609,224,385,Card,Delivered,Ankit Tiwari,17,2.9,Kolkata,2024-03-27 11:08:00,1.5
customer_0053,2937,Arjun Mehta,Pizza Hut,Pizza,1010,434,576,Card,Delivered,Deepak Singh,48,1.3,Kolkata,2024-10-04 21:43:00,3.3
customer_0053,3595,Sanya Kapoor,Mcdonald'S,Pasta,1322,656,666,Cash On Delivery,Delivered,Sahil Khan,20,3.5,Hyderabad,2024-10-04 09:07:00,4.2
customer_0053,4429,Arjun Mehta,Kfc,Biryani,1546,699,847,Card,Delivered,Ravi Kumar,43,2.1,Kolkata,2024-07-10 13:37:00,1.8
customer_0053,4737,Priya Verma,Mcdonald'S,Biryani,592,227,365,Cash On Delivery,Delivered,Rajesh Verma,24,4.9,Delhi,2024-05-18 17:54:00,1.3
customer_0053,5407,Priya Verma,Kfc,Chicken Wings,158,56,102,Card,Delivered,Rajesh Verma,19,1.5,Delhi,2024-05-18 22:22:00,4.6
customer_0053,5523,Rohan Sharma,Mcdonald'S,Pasta,149,63,86,Cash On Delivery,Delivered,Ravi Kumar,16,3.6,Chennai,2024-12-07 15:59:00,4.4
customer_0053,6166,Rohan Sharma,Burger King,Sandwich,1323,406,917,Cash On Delivery,Delivered,Ravi Kumar,34,2.7,Delhi,2024-12-03 16:30:00,2.2
customer_0053,6336,Vikas Yadav,Subway,Chicken Wings,1485,219,1266,Upi,Delivered,Rajesh Verma,26,4.4,Bangalore,2024-04-19 12:55:00,4.3
customer_0053,6543,Arjun Mehta,Subway,Sandwich,979,469,510,Upi,Delivered,Sahil Khan,12,3.1,Kolkata,2024-09-04 06:43:00,2.7
customer_0053,6823,Rohan Sharma,Pizza Hut,Pizza,307,16,291,Cash On Delivery,Delivered,Ankit Tiwari,24,4.9,Chennai,2024-08-02 06:03:00,3.2
customer_0053,7327,Vikas Yadav,Subway,Pasta,550,75,475,Cash On Delivery,Delivered,Ravi Kumar,44,1.4,Chennai,2024-02-27 13:07:00,4.9
customer_0053,7612,Arjun Mehta,Domino'S,Biryani,1279,185,1094,Card,Delivered,Ravi Kumar,31,2.1,Kolkata,2024-07-15 11:53:00,4.4
customer_0053,7726,Sanya Kapoor,Mcdonald'S,Burger,540,161,379,Upi,Delivered,Sahil Khan,29,2.0,Hyderabad,2024-07-20 00:32:00,2.1
customer_0053,8015,Priya Verma,Domino'S,Pizza,1907,861,1046,Cash On Delivery,Delivered,Rajesh Verma,35,3.5,Pune,2024-11-20 16:53:00,2.2
customer_0053,8613,Priya Verma,Subway,Biryani,247,9,238,Cash On Delivery,Delivered,Rajesh Verma,37,3.2,Kolkata,2024-04-04 11:12:00,1.7
customer_0053,9955,Vikas Yadav,Burger King,Burger,670,92,578,Card,Delivered,Ravi Kumar,58,1.8,Pune,2024-11-16 05:45:00,3.6
customer_0053,10023,Sanya Kapoor,Kfc,Sandwich,233,6,227,Card,Delivered,Ankit Tiwari,43,4.9,Kolkata,2024-01-18 04:38:00,4.8
customer_0054,442,Arjun Mehta,Kfc,Pizza,1734,238,1496,Card,Delivered,Sahil Khan,17,4.4,Hyderabad,2024-02-25 10:30:00,1.6
customer_0054,513,Vikas Yadav,Kfc,Biryani,489,227,262,Cash On Delivery,Delivered,Deepak Singh,43,2.4,Kolkata,2024-04-27 09:21:00,1.3
customer_0054,601,Arjun Mehta,Kfc,Biryani,412,110,302,Cash On Delivery,Delivered,Rajesh Verma,12,3.5,Delhi,2024-10-02 08:44:00,3.5
customer_0054,1066,Arjun Mehta,Burger King,Pasta,1243,443,800,Upi,Delivered,Deepak Singh,34,2.3,Chennai,2024-01-19 07:21:00,3.6
customer_0054,1416,Sanya Kapoor,Burger King,Dosa,422,115,307,Upi,Delivered,Sahil Khan,47,3.6,Kolkata,2024-03-21 03:05:00,4.6
customer_0054,1894,Sanya Kapoor,Kfc,Biryani,1236,511,725,Upi,Delivered,Deepak Singh,22,2.4,Bangalore,2024-02-21 16:47:00,1.2
customer_0054,2348,Rohan Sharma,Mcdonald'S,Pasta,1443,52,1391,Card,Delivered,Rajesh Verma,35,5.0,Mumbai,2024-12-01 14:21:00,4.2
customer_0054,2524,Rohan Sharma,Kfc,Biryani,899,225,674,Cash On Delivery,Delivered,Deepak Singh,46,2.9,Mumbai,2024-09-13 05:13:00,1.7
customer_0054,3728,Rohan Sharma,Mcdonald'S,Pizza,356,62,294,Card,Delivered,Rajesh Verma,39,1.4,Chennai,2024-07-07 20:16:00,3.2
customer_0054,3738,Priya Verma,Kfc,Dosa,1455,413,1042,Cash On Delivery,Delivered,Ankit Tiwari,30,3.7,Delhi,2024-03-06 02:24:00,1.7
customer_0054,4419,Arjun Mehta,Subway,Biryani,1765,478,1287,Cash On Delivery,Delivered,Ankit Tiwari,55,2.8,Chennai,2024-10-15 21:24:00,1.2
customer_0054,5140,Priya Verma,Burger King,Sandwich,1158,408,750,Cash On Delivery,Delivered,Rajesh Verma,48,4.0,Kolkata,2024-09-27 02:55:00,1.1
customer_0054,5171,Sanya Kapoor,Kfc,Burger,955,403,552,Card,Delivered,Deepak Singh,15,2.7,Pune,2024-12-15 09:48:00,4.7
customer_0054,5188,Rohan Sharma,Domino'S,Chicken Wings,1567,80,1487,Cash On Delivery,Delivered,Ravi Kumar,12,2.8,Chennai,2024-05-20 12:15:00,2.5
customer_0054,5230,Rohan Sharma,Kfc,Chicken Wings,1021,33,988,Cash On Delivery,Delivered,Ankit Tiwari,20,3.1,Pune,2024-06-17 12:58:00,4.7
customer_0054,5680,Vikas Yadav,Mcdonald'S,Pasta,1950,381,1569,Cash On Delivery,Delivered,Rajesh Verma,17,4.9,Delhi,2024-10-19 02:43:00,3.7
customer_0054,6084,Vikas Yadav,Domino'S,Chicken Wings,996,212,784,Card,Delivered,Deepak Singh,44,4.6,Bangalore,2024-05-16 12:31:00,2.9
customer_0054,6649,Arjun Mehta,Domino'S,Sandwich,881,330,551,Upi,Delivered,Ravi Kumar,19,3.6,Pune,2024-02-11 04:14:00,3.7
customer_0054,6728,Sanya Kapoor,Pizza Hut,Sandwich,988,59,929,Card,Delivered,Deepak Singh,40,4.1,Bangalore,2024-06-13 07:57:00,1.4
customer_0054,6808,Arjun Mehta,Pizza Hut,Burger,699,202,497,Cash On Delivery,Delivered,Rajesh Verma,33,2.7,Bangalore,2024-06-20 08:54:00,1.2
customer_0054,7792,Arjun Mehta,Mcdonald'S,Dosa,1740,117,1623,Upi,Delivered,Deepak Singh,34,3.2,Chennai,2024-05-28 12:04:00,3.1
customer_0054,7913,Sanya Kapoor,Kfc,Pizza,216,82,134,Cash On Delivery,Delivered,Sahil Khan,49,2.0,Kolkata,2024-05-20 18:29:00,1.6
customer_0054,7978,Sanya Kapoor,Pizza Hut,Biryani,197,22,175,Upi,Delivered,Ankit Tiwari,50,4.3,Mumbai,2024-04-12 05:13:00,3.0
customer_0054,8187,Arjun Mehta,Pizza Hut,Biryani,671,186,485,Cash On Delivery,Delivered,Rajesh Verma,32,4.3,Chennai,2024-08-15 18:53:00,4.0
customer_0054,8476,Priya Verma,Domino'S,Chicken Wings,1712,746,966,Cash On Delivery,Delivered,Ankit Tiwari,52,3.1,Delhi,2024-02-12 17:43:00,2.8
customer_0054,8554,Priya Verma,Kfc,Burger,1404,602,802,Card,Delivered,Ravi Kumar,25,3.9,Mumbai,2024-10-21 10:48:00,4.4
customer_0054,8884,Arjun Mehta,Domino'S,Pizza,332,76,256,Cash On Delivery,Delivered,Rajesh Verma,14,1.9,Bangalore,2024-01-18 15:59:00,3.8
customer_0054,9319,Vikas Yadav,Subway,Pizza,1907,84,1823,Upi,Delivered,Ankit Tiwari,13,3.1,Pune,2024-08-27 15:42:00,3.3
customer_0054,9408,Priya Verma,Burger King,Chicken Wings,1654,286,1368,Cash On Delivery,Delivered,Sahil Khan,16,2.2,Bangalore,2024-12-16 14:24:00,2.5
customer_0054,10330,Arjun Mehta,Mcdonald'S,Sandwich,1379,117,1262,Cash On Delivery,Delivered,Deepak Singh,41,2.1,Kolkata,2024-12-25 23:06:00,4.2
customer_0055,48,Rohan Sharma,Domino'S,Burger,788,356,432,Cash On Delivery,Delivered,Ankit Tiwari,55,4.5,Bangalore,2024-11-10 23:02:00,1.9
customer_0055,74,Rohan Sharma,Mcdonald'S,Dosa,154,71,83,Card,Delivered,Sahil Khan,46,2.5,Pune,2024-09-27 05:09:00,2.5
customer_0055,351,Sanya Kapoor,Kfc,Dosa,1373,169,1204,Card,Delivered,Ravi Kumar,23,3.3,Bangalore,2024-10-26 15:01:00,3.8
customer_0055,1306,Arjun Mehta,Mcdonald'S,Pizza,495,83,412,Cash On Delivery,Delivered,Sahil Khan,22,3.1,Mumbai,2024-02-17 14:20:00,1.8
customer_0055,1692,Rohan Sharma,Domino'S,Biryani,661,288,373,Card,Delivered,Ankit Tiwari,44,4.8,Kolkata,2024-07-28 03:42:00,2.3
customer_0055,1970,Rohan Sharma,Burger King,Sandwich,1552,316,1236,Card,Delivered,Sahil Khan,18,2.8,Kolkata,2024-07-06 21:04:00,4.8
customer_0055,2758,Arjun Mehta,Subway,Dosa,562,219,343,Card,Delivered,Sahil Khan,46,3.2,Mumbai,2024-02-04 04:24:00,1.9
customer_0055,2768,Sanya Kapoor,Kfc,Burger,1179,68,1111,Card,Delivered,Ankit Tiwari,33,4.0,Bangalore,2024-12-09 11:47:00,4.7
customer_0055,2801,Vikas Yadav,Domino'S,Chicken Wings,683,40,643,Cash On Delivery,Delivered,Sahil Khan,35,4.3,Chennai,2024-02-23 19:54:00,4.6
customer_0055,3014,Arjun Mehta,Pizza Hut,Biryani,1473,29,1444,Card,Delivered,Ankit Tiwari,25,4.7,Mumbai,2024-09-03 05:53:00,2.0
customer_0055,3046,Arjun Mehta,Domino'S,Sandwich,944,121,823,Cash On Delivery,Delivered,Ankit Tiwari,10,4.3,Pune,2024-08-23 02:36:00,1.5
customer_0055,3068,Arjun Mehta,Burger King,Chicken Wings,1041,123,918,Cash On Delivery,Delivered,Sahil Khan,31,1.3,Delhi,2024-09-13 05:20:00,4.1
customer_0055,4131,Vikas Yadav,Mcdonald'S,Chicken Wings,1432,65,1367,Card,Delivered,Rajesh Verma,54,4.1,Bangalore,2024-12-25 07:57:00,2.8
customer_0055,4210,Sanya Kapoor,Domino'S,Pizza,1573,659,914,Cash On Delivery,Delivered,Sahil Khan,28,4.0,Hyderabad,2024-07-19 15:06:00,3.6
customer_0055,4428,Rohan Sharma,Kfc,Sandwich,1594,496,1098,Upi,Delivered,Ravi Kumar,54,4.8,Kolkata,2024-09-07 11:32:00,3.4
customer_0055,4462,Priya Verma,Kfc,Biryani,1368,436,932,Card,Delivered,Ravi Kumar,31,3.0,Delhi,2024-10-12 00:54:00,2.0
customer_0055,5141,Priya Verma,Kfc,Pizza,1711,69,1642,Upi,Delivered,Ravi Kumar,42,1.1,Bangalore,2024-11-12 04:01:00,3.3
customer_0055,5346,Arjun Mehta,Domino'S,Sandwich,288,32,256,Card,Delivered,Rajesh Verma,32,2.4,Bangalore,2024-03-04 05:52:00,1.5
customer_0055,5471,Rohan Sharma,Burger King,Pizza,1445,355,1090,Cash On Delivery,Delivered,Ravi Kumar,43,2.5,Mumbai,2024-07-06 01:45:00,4.8
customer_0055,5689,Vikas Yadav,Mcdonald'S,Burger,1493,703,790,Cash On Delivery,Delivered,Ankit Tiwari,34,3.5,Hyderabad,2024-02-12 12:34:00,1.1
customer_0055,6299,Rohan Sharma,Mcdonald'S,Biryani,1011,334,677,Upi,Delivered,Ravi Kumar,17,4.6,Pune,2024-11-11 01:56:00,4.1
customer_0055,6428,Priya Verma,Kfc,Pasta,1322,201,1121,Cash On Delivery,Delivered,Deepak Singh,10,2.4,Kolkata,2024-07-18 13:35:00,3.4
customer_0055,6553,Rohan Sharma,Pizza Hut,Pasta,144,21,123,Upi,Delivered,Ankit Tiwari,24,4.0,Hyderabad,2024-04-15 09:05:00,4.8
customer_0055,6835,Rohan Sharma,Domino'S,Sandwich,1652,202,1450,Upi,Delivered,Rajesh Verma,12,3.7,Chennai,2024-07-05 11:23:00,3.9
customer_0055,7230,Sanya Kapoor,Kfc,Pasta,443,0,443,Cash On Delivery,Delivered,Ankit Tiwari,11,4.9,Delhi,2024-01-08 11:15:00,2.8
customer_0055,7361,Rohan Sharma,Kfc,Pizza,1259,288,971,Upi,Delivered,Ravi Kumar,22,1.8,Kolkata,2024-07-26 17:46:00,1.6
customer_0055,7578,Sanya Kapoor,Mcdonald'S,Pizza,526,129,397,Cash On Delivery,Delivered,Ravi Kumar,40,4.6,Pune,2024-04-06 05:54:00,1.4
customer_0055,8619,Sanya Kapoor,Domino'S,Chicken Wings,1589,239,1350,Upi,Delivered,Deepak Singh,19,4.9,Pune,2024-09-28 11:28:00,4.8
customer_0055,9157,Arjun Mehta,Pizza Hut,Sandwich,610,66,544,Upi,Delivered,Ankit Tiwari,44,1.4,Chennai,2024-10-10 18:47:00,4.2
customer_0055,9490,Vikas Yadav,Mcdonald'S,Pasta,1226,36,1190,Upi,Delivered,Rajesh Verma,36,3.1,Delhi,2024-08-10 03:44:00,2.8
customer_0055,9797,Priya Verma,Burger King,Burger,794,200,594,Card,Delivered,Ravi Kumar,12,1.0,Kolkata,2024-04-12 09:03:00,3.6
customer_0056,14,Rohan Sharma,Mcdonald'S,Pasta,210,19,191,Upi,Delivered,Rajesh Verma,40,3.7,Kolkata,2024-06-03 09:10:00,3.0
customer_0056,132,Priya Verma,Pizza Hut,Burger,370,157,213,Card,Delivered,Deepak Singh,43,1.2,Pune,2024-03-11 11:27:00,2.9
customer_0056,143,Sanya Kapoor,Pizza Hut,Pasta,268,116,152,Upi,Delivered,Ravi Kumar,25,4.6,Bangalore,2024-05-02 19:39:00,2.6
customer_0056,337,Rohan Sharma,Domino'S,Dosa,697,155,542,Cash On Delivery,Delivered,Deepak Singh,31,1.4,Chennai,2024-10-27 14:09:00,3.2
customer_0056,467,Rohan Sharma,Pizza Hut,Dosa,1576,25,1551,Card,Delivered,Deepak Singh,12,3.1,Kolkata,2024-05-26 22:44:00,3.2
customer_0056,925,Arjun Mehta,Domino'S,Burger,1657,305,1352,Cash On Delivery,Delivered,Rajesh Verma,33,2.5,Pune,2024-03-11 09:47:00,4.3
customer_0056,937,Rohan Sharma,Domino'S,Dosa,880,47,833,Upi,Delivered,Ankit Tiwari,16,3.8,Bangalore,2024-09-15 22:39:00,1.5
customer_0056,1108,Vikas Yadav,Kfc,Biryani,690,87,603,Upi,Delivered,Sahil Khan,22,1.2,Kolkata,2024-12-14 06:05:00,2.3
customer_0056,1346,Priya Verma,Mcdonald'S,Biryani,1904,320,1584,Cash On Delivery,Delivered,Deepak Singh,26,2.0,Hyderabad,2024-05-05 18:07:00,2.0
customer_0056,1574,Vikas Yadav,Domino'S,Dosa,374,64,310,Card,Delivered,Rajesh Verma,37,4.4,Bangalore,2024-07-06 09:19:00,4.9
customer_0056,1830,Vikas Yadav,Subway,Dosa,1242,491,751,Upi,Delivered,Deepak Singh,25,1.1,Mumbai,2024-07-25 06:32:00,1.6
customer_0056,2052,Rohan Sharma,Domino'S,Sandwich,1162,485,677,Upi,Delivered,Ravi Kumar,40,4.7,Pune,2024-09-06 00:48:00,4.4
customer_0056,2215,Arjun Mehta,Pizza Hut,Burger,1061,469,592,Upi,Delivered,Ravi Kumar,53,1.3,Mumbai,2024-11-28 04:15:00,2.3
customer_0056,2644,Vikas Yadav,Burger King,Burger,934,330,604,Cash On Delivery,Delivered,Sahil Khan,53,3.9,Delhi,2024-11-07 23:24:00,2.3
customer_0056,2668,Sanya Kapoor,Pizza Hut,Sandwich,1956,679,1277,Cash On Delivery,Delivered,Sahil Khan,16,4.4,Bangalore,2024-06-19 02:56:00,2.9
customer_0056,2741,Vikas Yadav,Pizza Hut,Pasta,1689,100,1589,Upi,Delivered,Ravi Kumar,41,4.0,Delhi,2024-02-27 08:39:00,2.9
customer_0056,2829,Sanya Kapoor,Pizza Hut,Dosa,1168,379,789,Card,Delivered,Ankit Tiwari,22,3.0,Pune,2024-11-06 14:36:00,2.2
customer_0056,3157,Sanya Kapoor,Domino'S,Burger,715,122,593,Upi,Delivered,Sahil Khan,55,1.2,Bangalore,2024-10-02 13:59:00,2.2
customer_0056,3496,Vikas Yadav,Burger King,Dosa,268,72,196,Upi,Delivered,Rajesh Verma,50,2.9,Kolkata,2024-11-27 10:24:00,1.9
customer_0056,4098,Sanya Kapoor,Mcdonald'S,Burger,1162,493,669,Cash On Delivery,Delivered,Ravi Kumar,55,2.7,Hyderabad,2024-02-11 10:02:00,4.8
customer_0056,4897,Arjun Mehta,Kfc,Sandwich,1652,549,1103,Card,Delivered,Sahil Khan,52,2.9,Bangalore,2024-02-03 18:44:00,3.9
customer_0056,5003,Priya Verma,Mcdonald'S,Biryani,792,4,788,Cash On Delivery,Delivered,Deepak Singh,32,4.6,Bangalore,2024-12-01 06:47:00,1.6
customer_0056,5397,Arjun Mehta,Kfc,Burger,434,160,274,Cash On Delivery,Delivered,Sahil Khan,31,1.9,Bangalore,2024-08-10 10:23:00,2.0
customer_0056,5597,Rohan Sharma,Domino'S,Biryani,220,34,186,Cash On Delivery,Delivered,Sahil Khan,55,2.4,Hyderabad,2024-05-07 10:45:00,1.4
customer_0056,6169,Priya Verma,Domino'S,Dosa,2000,233,1767,Card,Delivered,Rajesh Verma,50,3.2,Hyderabad,2024-01-16 12:01:00,4.4
customer_0056,6551,Sanya Kapoor,Pizza Hut,Biryani,799,45,754,Card,Delivered,Ankit Tiwari,43,3.4,Kolkata,2024-07-09 17:55:00,4.3
customer_0056,6647,Priya Verma,Pizza Hut,Burger,775,58,717,Cash On Delivery,Delivered,Deepak Singh,36,1.0,Mumbai,2024-03-17 08:27:00,4.9
customer_0056,6829,Priya Verma,Burger King,Biryani,1813,266,1547,Upi,Delivered,Rajesh Verma,30,4.1,Bangalore,2024-12-20 08:48:00,4.9
customer_0056,7022,Vikas Yadav,Domino'S,Pasta,504,87,417,Upi,Delivered,Deepak Singh,60,1.3,Delhi,2024-03-14 13:30:00,3.8
customer_0056,8143,Priya Verma,Subway,Biryani,785,51,734,Cash On Delivery,Delivered,Rajesh Verma,40,1.8,Chennai,2024-10-23 12:04:00,4.8
customer_0056,8424,Priya Verma,Burger King,Pizza,1922,426,1496,Card,Delivered,Sahil Khan,16,4.4,Mumbai,2024-06-11 16:09:00,4.2
customer_0056,8608,Arjun Mehta,Mcdonald'S,Pasta,877,133,744,Upi,Delivered,Ankit Tiwari,16,2.7,Chennai,2024-02-21 19:15:00,4.0
customer_0056,9046,Sanya Kapoor,Pizza Hut,Dosa,1367,18,1349,Upi,Delivered,Rajesh Verma,48,3.5,Chennai,2024-10-16 20:49:00,1.6
customer_0056,9121,Arjun Mehta,Pizza Hut,Pasta,1192,11,1181,Cash On Delivery,Delivered,Sahil Khan,28,1.4,Chennai,2024-03-12 13:17:00,2.9
customer_0056,9863,Vikas Yadav,Domino'S,Chicken Wings,1282,611,671,Cash On Delivery,Delivered,Deepak Singh,35,2.6,Bangalore,2024-09-02 19:18:00,3.3
customer_0056,9890,Rohan Sharma,Subway,Pizza,1432,517,915,Upi,Delivered,Deepak Singh,23,4.1,Hyderabad,2024-05-28 00:47:00,4.5
customer_0056,10009,Sanya Kapoor,Domino'S,Biryani,327,66,261,Card,Delivered,Sahil Khan,29,1.8,Hyderabad,2024-01-07 23:55:00,4.3
customer_0057,222,Sanya Kapoor,Subway,Biryani,582,125,457,Cash On Delivery,Delivered,Ravi Kumar,47,4.0,Bangalore,2024-10-06 01:51:00,4.3
customer_0057,1137,Arjun Mehta,Mcdonald'S,Pizza,1372,108,1264,Cash On Delivery,Delivered,Rajesh Verma,21,2.6,Mumbai,2024-11-16 00:48:00,2.1
customer_0057,1785,Priya Verma,Mcdonald'S,Pasta,1816,17,1799,Card,Delivered,Rajesh Verma,31,4.6,Kolkata,2024-09-21 06:00:00,3.4
customer_0057,2860,Vikas Yadav,Domino'S,Biryani,1200,174,1026,Cash On Delivery,Delivered,Sahil Khan,11,1.2,Kolkata,2024-04-19 23:54:00,2.4
customer_0057,2874,Vikas Yadav,Subway,Pizza,550,53,497,Cash On Delivery,Delivered,Ravi Kumar,11,4.2,Pune,2024-11-21 08:05:00,1.4
customer_0057,2967,Priya Verma,Mcdonald'S,Dosa,1371,676,695,Upi,Delivered,Deepak Singh,12,3.6,Mumbai,2024-11-12 07:57:00,2.1
customer_0057,3433,Vikas Yadav,Subway,Chicken Wings,1330,121,1209,Upi,Delivered,Sahil Khan,11,3.0,Bangalore,2024-05-09 13:29:00,4.9
customer_0057,3643,Arjun Mehta,Subway,Pasta,1319,436,883,Upi,Delivered,Ankit Tiwari,35,4.5,Delhi,2024-10-16 22:45:00,4.2
customer_0057,3875,Sanya Kapoor,Burger King,Sandwich,1224,242,982,Cash On Delivery,Delivered,Deepak Singh,27,1.8,Chennai,2024-10-12 13:27:00,1.6
customer_0057,3954,Sanya Kapoor,Subway,Pizza,808,303,505,Cash On Delivery,Delivered,Deepak Singh,25,4.7,Kolkata,2024-01-16 14:30:00,4.2
customer_0057,5211,Arjun Mehta,Mcdonald'S,Biryani,813,209,604,Cash On Delivery,Delivered,Ankit Tiwari,55,3.7,Hyderabad,2024-04-26 13:29:00,3.0
customer_0057,5318,Arjun Mehta,Pizza Hut,Dosa,474,94,380,Card,Delivered,Deepak Singh,53,3.5,Mumbai,2024-10-14 17:52:00,3.1
customer_0057,5590,Arjun Mehta,Subway,Burger,1271,132,1139,Cash On Delivery,Delivered,Ankit Tiwari,55,1.4,Hyderabad,2024-02-03 12:49:00,2.4
customer_0057,5695,Priya Verma,Mcdonald'S,Biryani,602,97,505,Upi,Delivered,Deepak Singh,24,1.4,Hyderabad,2024-08-28 01:02:00,3.4
customer_0057,5958,Arjun Mehta,Subway,Burger,1367,310,1057,Card,Delivered,Ravi Kumar,57,4.5,Kolkata,2024-02-13 01:09:00,4.5
customer_0057,5974,Priya Verma,Burger King,Biryani,649,253,396,Card,Delivered,Ankit Tiwari,58,2.8,Mumbai,2024-07-09 04:30:00,1.2
customer_0057,6026,Priya Verma,Domino'S,Burger,1627,302,1325,Card,Delivered,Deepak Singh,17,3.1,Pune,2024-08-24 12:37:00,3.4
customer_0057,6546,Vikas Yadav,Burger King,Burger,740,203,537,Upi,Delivered,Ankit Tiwari,42,1.1,Delhi,2024-09-21 17:55:00,4.7
customer_0057,6554,Vikas Yadav,Kfc,Sandwich,126,57,69,Card,Delivered,Rajesh Verma,24,2.1,Kolkata,2024-08-12 07:10:00,4.8
customer_0057,7227,Sanya Kapoor,Pizza Hut,Biryani,1116,58,1058,Card,Delivered,Ankit Tiwari,60,3.9,Hyderabad,2024-02-10 12:57:00,2.8
customer_0057,7418,Rohan Sharma,Subway,Pizza,509,138,371,Cash On Delivery,Delivered,Ankit Tiwari,16,3.9,Chennai,2024-03-11 00:29:00,2.7
customer_0057,7581,Priya Verma,Kfc,Pizza,476,183,293,Card,Delivered,Sahil Khan,26,2.1,Pune,2024-06-11 08:52:00,2.5
customer_0057,7825,Rohan Sharma,Burger King,Chicken Wings,847,253,594,Card,Delivered,Deepak Singh,20,2.5,Bangalore,2024-07-23 08:57:00,4.0
customer_0057,9107,Sanya Kapoor,Burger King,Burger,943,32,911,Card,Delivered,Sahil Khan,27,1.9,Chennai,2024-07-05 05:41:00,2.0
customer_0057,9124,Rohan Sharma,Pizza Hut,Burger,1350,214,1136,Cash On Delivery,Delivered,Ravi Kumar,28,4.4,Kolkata,2024-08-23 18:58:00,2.0
customer_0057,9532,Sanya Kapoor,Mcdonald'S,Chicken Wings,1796,262,1534,Card,Delivered,Ankit Tiwari,22,1.1,Delhi,2024-11-18 06:33:00,3.1
customer_0058,481,Sanya Kapoor,Domino'S,Pizza,264,60,204,Cash On Delivery,Delivered,Deepak Singh,15,1.8,Mumbai,2024-08-10 16:28:00,4.5
customer_0058,534,Rohan Sharma,Domino'S,Chicken Wings,427,35,392,Cash On Delivery,Delivered,Rajesh Verma,40,2.7,Delhi,2024-05-15 07:11:00,4.9
customer_0058,710,Sanya Kapoor,Subway,Biryani,235,30,205,Card,Delivered,Rajesh Verma,20,4.7,Hyderabad,2024-09-11 09:52:00,4.2
customer_0058,837,Arjun Mehta,Domino'S,Dosa,1021,218,803,Cash On Delivery,Delivered,Ravi Kumar,53,2.6,Hyderabad,2024-03-16 03:33:00,2.3
customer_0058,1077,Arjun Mehta,Domino'S,Sandwich,725,122,603,Upi,Delivered,Sahil Khan,36,3.7,Pune,2024-09-12 08:50:00,4.9
customer_0058,1777,Arjun Mehta,Kfc,Sandwich,525,246,279,Cash On Delivery,Delivered,Deepak Singh,36,1.3,Mumbai,2024-01-05 13:29:00,3.5
customer_0058,1867,Arjun Mehta,Mcdonald'S,Pasta,858,237,621,Card,Delivered,Deepak Singh,43,4.2,Pune,2024-07-13 18:29:00,2.5
customer_0058,2570,Vikas Yadav,Burger King,Pasta,1302,305,997,Upi,Delivered,Deepak Singh,14,2.1,Pune,2024-07-26 05:30:00,4.6
customer_0058,2617,Vikas Yadav,Kfc,Pasta,1580,232,1348,Cash On Delivery,Delivered,Sahil Khan,25,1.6,Kolkata,2024-06-25 09:17:00,3.4
customer_0058,2618,Arjun Mehta,Pizza Hut,Dosa,154,69,85,Upi,Delivered,Rajesh Verma,25,3.9,Delhi,2024-11-12 15:32:00,4.7
customer_0058,2678,Sanya Kapoor,Kfc,Dosa,1692,348,1344,Card,Delivered,Rajesh Verma,24,5.0,Delhi,2024-09-19 17:51:00,3.3
customer_0058,3717,Rohan Sharma,Pizza Hut,Chicken Wings,1108,176,932,Upi,Delivered,Deepak Singh,33,4.7,Pune,2024-09-11 05:32:00,2.6
customer_0058,4407,Arjun Mehta,Domino'S,Burger,304,33,271,Upi,Delivered,Rajesh Verma,45,1.7,Chennai,2024-01-04 23:48:00,5.0
customer_0058,5264,Priya Verma,Mcdonald'S,Pasta,1023,195,828,Cash On Delivery,Delivered,Sahil Khan,38,2.4,Bangalore,2024-02-05 18:41:00,2.9
customer_0058,5350,Priya Verma,Mcdonald'S,Biryani,723,204,519,Card,Delivered,Rajesh Verma,23,3.8,Pune,2024-11-19 07:04:00,3.9
customer_0058,6409,Rohan Sharma,Subway,Biryani,1600,501,1099,Card,Delivered,Sahil Khan,46,2.3,Pune,2024-06-20 04:28:00,1.1
customer_0058,6607,Priya Verma,Kfc,Burger,1060,449,611,Cash On Delivery,Delivered,Deepak Singh,19,3.9,Chennai,2024-10-10 19:23:00,4.1
customer_0058,6975,Rohan Sharma,Kfc,Biryani,711,186,525,Upi,Delivered,Sahil Khan,27,3.0,Delhi,2024-01-15 12:29:00,3.3
customer_0058,7051,Priya Verma,Domino'S,Chicken Wings,1402,31,1371,Cash On Delivery,Delivered,Sahil Khan,30,4.2,Bangalore,2024-10-06 18:59:00,4.9
customer_0058,7467,Rohan Sharma,Burger King,Dosa,704,91,613,Cash On Delivery,Delivered,Sahil Khan,43,2.8,Pune,2024-06-14 13:54:00,1.1
customer_0058,7477,Rohan Sharma,Mcdonald'S,Burger,493,83,410,Card,Delivered,Deepak Singh,36,3.9,Chennai,2024-02-21 22:01:00,1.6
customer_0058,7505,Arjun Mehta,Kfc,Pasta,1798,729,1069,Upi,Delivered,Deepak Singh,39,5.0,Mumbai,2024-07-08 13:03:00,4.6
customer_0058,8124,Rohan Sharma,Burger King,Burger,559,169,390,Cash On Delivery,Delivered,Rajesh Verma,52,2.9,Delhi,2024-02-09 23:50:00,2.8
customer_0058,8226,Rohan Sharma,Kfc,Pizza,1996,81,1915,Cash On Delivery,Delivered,Sahil Khan,59,1.5,Kolkata,2024-07-28 09:34:00,3.9
customer_0058,8320,Rohan Sharma,Pizza Hut,Sandwich,967,103,864,Upi,Delivered,Ravi Kumar,27,3.7,Mumbai,2024-01-12 11:17:00,1.4
customer_0058,8341,Sanya Kapoor,Domino'S,Chicken Wings,531,236,295,Cash On Delivery,Delivered,Rajesh Verma,45,4.1,Chennai,2024-04-09 05:50:00,4.5
customer_0058,8390,Arjun Mehta,Pizza Hut,Dosa,972,167,805,Card,Delivered,Ravi Kumar,32,2.3,Mumbai,2024-04-23 20:44:00,1.3
customer_0058,8560,Vikas Yadav,Kfc,Sandwich,1919,879,1040,Card,Delivered,Ankit Tiwari,31,4.3,Chennai,2024-01-24 20:44:00,1.5
customer_0058,9233,Sanya Kapoor,Subway,Chicken Wings,1778,403,1375,Card,Delivered,Ankit Tiwari,48,1.4,Hyderabad,2024-09-07 10:50:00,2.8
customer_0058,9926,Priya Verma,Mcdonald'S,Sandwich,1929,500,1429,Upi,Delivered,Rajesh Verma,51,4.0,Pune,2024-05-16 13:10:00,1.8
customer_0058,10243,Priya Verma,Mcdonald'S,Sandwich,1730,278,1452,Upi,Delivered,Sahil Khan,58,3.1,Bangalore,2024-11-27 07:53:00,3.9
customer_0059,589,Sanya Kapoor,Domino'S,Sandwich,277,99,178,Upi,Delivered,Ravi Kumar,11,2.4,Kolkata,2024-07-09 05:47:00,3.9
customer_0059,1317,Priya Verma,Subway,Biryani,1456,285,1171,Upi,Delivered,Ravi Kumar,18,3.3,Pune,2024-12-05 21:38:00,4.2
customer_0059,1654,Sanya Kapoor,Burger King,Sandwich,709,164,545,Card,Delivered,Rajesh Verma,41,4.7,Hyderabad,2024-05-09 06:52:00,2.5
customer_0059,1752,Rohan Sharma,Mcdonald'S,Dosa,1781,362,1419,Cash On Delivery,Delivered,Ravi Kumar,15,1.7,Kolkata,2024-04-10 20:57:00,1.9
customer_0059,2428,Priya Verma,Subway,Pizza,1147,105,1042,Cash On Delivery,Delivered,Ravi Kumar,59,1.5,Chennai,2024-04-17 15:15:00,3.8
customer_0059,2446,Sanya Kapoor,Mcdonald'S,Pasta,1004,406,598,Cash On Delivery,Delivered,Deepak Singh,25,1.5,Delhi,2024-04-26 04:09:00,1.3
customer_0059,2526,Priya Verma,Pizza Hut,Chicken Wings,1620,520,1100,Card,Delivered,Deepak Singh,51,2.7,Mumbai,2024-05-23 13:45:00,3.9
customer_0059,2667,Priya Verma,Mcdonald'S,Pasta,1437,452,985,Card,Delivered,Deepak Singh,33,4.7,Delhi,2024-05-17 09:15:00,2.4
customer_0059,2838,Arjun Mehta,Subway,Pizza,1058,139,919,Card,Delivered,Deepak Singh,58,4.6,Chennai,2024-09-15 22:53:00,4.8
customer_0059,3095,Priya Verma,Domino'S,Pizza,487,201,286,Card,Delivered,Ravi Kumar,47,2.5,Chennai,2024-04-11 04:27:00,4.5
customer_0059,3174,Rohan Sharma,Pizza Hut,Pizza,1160,89,1071,Cash On Delivery,Delivered,Ravi Kumar,13,4.0,Bangalore,2024-07-19 05:20:00,4.7
customer_0059,3354,Arjun Mehta,Domino'S,Pizza,924,180,744,Cash On Delivery,Delivered,Deepak Singh,42,4.7,Delhi,2024-05-15 23:01:00,1.6
customer_0059,3453,Vikas Yadav,Subway,Sandwich,1192,193,999,Card,Delivered,Ravi Kumar,11,2.4,Delhi,2024-12-25 03:31:00,1.5
customer_0059,3975,Sanya Kapoor,Subway,Burger,1384,138,1246,Cash On Delivery,Delivered,Rajesh Verma,52,1.6,Hyderabad,2024-01-15 22:29:00,1.9
customer_0059,4080,Rohan Sharma,Subway,Pasta,887,99,788,Upi,Delivered,Sahil Khan,18,2.5,Chennai,2024-11-26 20:28:00,1.1
customer_0059,5113,Rohan Sharma,Mcdonald'S,Burger,426,53,373,Card,Delivered,Rajesh Verma,60,4.1,Mumbai,2024-03-19 20:20:00,3.9
customer_0059,5235,Priya Verma,Mcdonald'S,Dosa,836,171,665,Cash On Delivery,Delivered,Ankit Tiwari,35,1.1,Bangalore,2024-01-18 09:07:00,4.4
customer_0059,5389,Priya Verma,Kfc,Pasta,374,8,366,Upi,Delivered,Ankit Tiwari,56,2.6,Mumbai,2024-01-12 11:07:00,3.7
customer_0059,6477,Vikas Yadav,Kfc,Pasta,1636,95,1541,Upi,Delivered,Rajesh Verma,57,3.8,Chennai,2024-11-28 15:13:00,4.5
customer_0059,6820,Sanya Kapoor,Kfc,Burger,334,148,186,Upi,Delivered,Ravi Kumar,33,3.0,Mumbai,2024-11-26 17:51:00,2.6
customer_0059,7281,Rohan Sharma,Burger King,Pasta,1811,353,1458,Cash On Delivery,Delivered,Ravi Kumar,24,4.8,Pune,2024-04-06 22:16:00,2.1
customer_0059,7503,Priya Verma,Mcdonald'S,Burger,1556,362,1194,Card,Delivered,Sahil Khan,16,1.7,Delhi,2024-07-23 18:04:00,5.0
customer_0059,8531,Rohan Sharma,Burger King,Pizza,131,41,90,Cash On Delivery,Delivered,Rajesh Verma,15,3.9,Hyderabad,2024-05-17 12:44:00,2.5
customer_0059,8657,Priya Verma,Mcdonald'S,Dosa,739,84,655,Upi,Delivered,Ravi Kumar,15,1.9,Mumbai,2024-06-13 08:10:00,3.4
customer_0059,8766,Vikas Yadav,Pizza Hut,Pasta,808,92,716,Upi,Delivered,Ravi Kumar,47,4.3,Pune,2024-01-21 23:51:00,1.5
customer_0059,9397,Vikas Yadav,Domino'S,Burger,1093,95,998,Card,Delivered,Sahil Khan,36,4.3,Delhi,2024-01-28 23:55:00,1.9
customer_0059,9847,Rohan Sharma,Domino'S,Sandwich,1252,333,919,Cash On Delivery,Delivered,Sahil Khan,21,3.7,Mumbai,2024-02-01 10:32:00,4.3
customer_0059,10237,Arjun Mehta,Pizza Hut,Sandwich,1663,732,931,Card,Delivered,Sahil Khan,38,3.1,Bangalore,2024-05-08 03:34:00,2.2
customer_0059,10271,Vikas Yadav,Burger King,Pizza,816,277,539,Card,Delivered,Ankit Tiwari,15,2.7,Delhi,2024-11-27 20:33:00,5.0
customer_0060,70,Sanya Kapoor,Subway,Chicken Wings,1858,455,1403,Cash On Delivery,Delivered,Rajesh Verma,47,3.8,Chennai,2024-09-17 15:40:00,2.7
customer_0060,893,Sanya Kapoor,Kfc,Sandwich,1040,34,1006,Upi,Delivered,Deepak Singh,54,2.5,Hyderabad,2024-04-19 23:40:00,2.5
customer_0060,1005,Vikas Yadav,Mcdonald'S,Chicken Wings,1523,650,873,Upi,Delivered,Sahil Khan,36,3.2,Bangalore,2024-11-17 03:42:00,3.3
customer_0060,1017,Vikas Yadav,Burger King,Pizza,365,6,359,Card,Delivered,Rajesh Verma,38,4.3,Chennai,2024-08-10 20:28:00,3.7
customer_0060,1765,Vikas Yadav,Burger King,Pasta,1139,48,1091,Upi,Delivered,Rajesh Verma,15,3.2,Mumbai,2024-08-27 03:44:00,3.7
customer_0060,2002,Rohan Sharma,Mcdonald'S,Sandwich,320,10,310,Upi,Delivered,Ravi Kumar,28,3.8,Mumbai,2024-04-09 03:54:00,3.5
customer_0060,2145,Priya Verma,Domino'S,Dosa,960,449,511,Cash On Delivery,Delivered,Rajesh Verma,47,4.8,Chennai,2024-07-17 06:53:00,1.6
customer_0060,2568,Sanya Kapoor,Pizza Hut,Pasta,407,31,376,Upi,Delivered,Deepak Singh,28,4.6,Kolkata,2024-02-17 16:03:00,1.9
customer_0060,3012,Rohan Sharma,Burger King,Pizza,1803,166,1637,Upi,Delivered,Rajesh Verma,25,1.7,Delhi,2024-12-09 06:39:00,2.8
customer_0060,3186,Sanya Kapoor,Pizza Hut,Sandwich,1569,738,831,Upi,Delivered,Sahil Khan,55,3.8,Mumbai,2024-11-22 21:26:00,3.4
customer_0060,4229,Arjun Mehta,Pizza Hut,Dosa,1867,515,1352,Upi,Delivered,Rajesh Verma,11,2.3,Bangalore,2024-09-19 00:45:00,1.9
customer_0060,4719,Vikas Yadav,Domino'S,Pasta,1600,483,1117,Upi,Delivered,Rajesh Verma,30,4.7,Chennai,2024-10-22 11:46:00,4.0
customer_0060,4789,Rohan Sharma,Kfc,Burger,680,142,538,Cash On Delivery,Delivered,Rajesh Verma,47,2.8,Pune,2024-08-10 13:38:00,2.4
customer_0060,4885,Priya Verma,Burger King,Pasta,1522,368,1154,Cash On Delivery,Delivered,Sahil Khan,51,3.9,Mumbai,2024-10-16 05:01:00,2.4
customer_0060,5296,Sanya Kapoor,Domino'S,Pasta,1829,506,1323,Card,Delivered,Ankit Tiwari,33,2.7,Chennai,2024-02-22 00:24:00,3.2
customer_0060,5326,Priya Verma,Domino'S,Dosa,1239,379,860,Card,Delivered,Ankit Tiwari,29,3.4,Pune,2024-08-23 20:25:00,1.1
customer_0060,5477,Vikas Yadav,Mcdonald'S,Burger,1771,668,1103,Cash On Delivery,Delivered,Ravi Kumar,14,2.2,Pune,2024-03-18 01:19:00,2.4
customer_0060,5933,Priya Verma,Pizza Hut,Pizza,411,15,396,Cash On Delivery,Delivered,Rajesh Verma,59,3.6,Pune,2024-08-25 22:35:00,3.6
customer_0060,6164,Vikas Yadav,Burger King,Biryani,1276,324,952,Upi,Delivered,Ankit Tiwari,35,1.9,Chennai,2024-02-02 16:51:00,2.6
customer_0060,6956,Rohan Sharma,Kfc,Biryani,964,447,517,Cash On Delivery,Delivered,Ankit Tiwari,50,2.8,Kolkata,2024-04-01 02:46:00,4.9
customer_0060,7725,Vikas Yadav,Subway,Burger,1208,547,661,Card,Delivered,Ravi Kumar,59,4.4,Kolkata,2024-04-20 04:51:00,1.9
customer_0060,7730,Priya Verma,Pizza Hut,Chicken Wings,376,38,338,Card,Delivered,Rajesh Verma,26,4.3,Hyderabad,2024-10-01 07:02:00,2.0
customer_0060,7903,Vikas Yadav,Subway,Pasta,1780,430,1350,Cash On Delivery,Delivered,Ankit Tiwari,23,2.8,Delhi,2024-05-04 10:28:00,3.7
customer_0060,8354,Sanya Kapoor,Burger King,Dosa,1898,488,1410,Card,Delivered,Sahil Khan,22,3.8,Mumbai,2024-08-12 00:41:00,1.4
customer_0060,8873,Priya Verma,Mcdonald'S,Burger,1093,137,956,Upi,Delivered,Deepak Singh,11,2.8,Delhi,2024-12-21 04:50:00,3.8
customer_0060,9687,Priya Verma,Pizza Hut,Pasta,1865,627,1238,Card,Delivered,Ravi Kumar,35,4.2,Kolkata,2024-09-10 21:55:00,3.1
customer_0060,9729,Arjun Mehta,Subway,Pasta,606,275,331,Card,Delivered,Sahil Khan,24,4.3,Delhi,2024-12-14 15:52:00,4.6
customer_0060,10301,Rohan Sharma,Subway,Chicken Wings,1723,13,1710,Upi,Delivered,Deepak Singh,27,1.7,Pune,2024-03-19 19:43:00,1.4
customer_0061,173,Priya Verma,Pizza Hut,Dosa,111,7,104,Card,Delivered,Ravi Kumar,53,4.9,Pune,2024-12-10 22:45:00,1.1
customer_0061,274,Arjun Mehta,Pizza Hut,Pasta,1806,203,1603,Upi,Delivered,Ankit Tiwari,58,2.6,Pune,2024-10-17 04:44:00,3.7
customer_0061,533,Vikas Yadav,Burger King,Burger,488,160,328,Card,Delivered,Ankit Tiwari,46,2.7,Delhi,2024-03-24 21:54:00,2.4
customer_0061,1178,Arjun Mehta,Pizza Hut,Burger,1321,616,705,Cash On Delivery,Delivered,Deepak Singh,12,1.9,Delhi,2024-07-06 13:52:00,1.5
customer_0061,1404,Sanya Kapoor,Subway,Sandwich,938,421,517,Upi,Delivered,Rajesh Verma,14,3.7,Hyderabad,2024-07-10 03:16:00,4.7
customer_0061,1994,Priya Verma,Subway,Chicken Wings,436,152,284,Upi,Delivered,Ankit Tiwari,30,3.6,Mumbai,2024-09-23 05:42:00,1.8
customer_0061,2074,Vikas Yadav,Subway,Pasta,545,163,382,Upi,Delivered,Deepak Singh,39,1.1,Mumbai,2024-03-11 10:29:00,4.5
customer_0061,2095,Rohan Sharma,Kfc,Pizza,707,274,433,Cash On Delivery,Delivered,Ankit Tiwari,41,2.8,Pune,2024-09-03 20:03:00,4.4
customer_0061,2160,Vikas Yadav,Pizza Hut,Dosa,877,206,671,Card,Delivered,Ravi Kumar,29,2.0,Delhi,2024-09-05 20:35:00,3.9
customer_0061,2198,Arjun Mehta,Subway,Burger,305,78,227,Card,Delivered,Ravi Kumar,28,2.4,Hyderabad,2024-11-22 14:30:00,4.6
customer_0061,2304,Vikas Yadav,Mcdonald'S,Sandwich,621,51,570,Card,Delivered,Deepak Singh,29,2.7,Mumbai,2024-02-16 00:37:00,4.6
customer_0061,2396,Sanya Kapoor,Burger King,Chicken Wings,1074,428,646,Upi,Delivered,Deepak Singh,47,1.7,Bangalore,2024-11-08 05:53:00,2.8
customer_0061,2743,Arjun Mehta,Subway,Dosa,1551,719,832,Upi,Delivered,Ravi Kumar,54,4.8,Chennai,2024-12-22 22:38:00,4.8
customer_0061,2825,Rohan Sharma,Domino'S,Sandwich,914,435,479,Upi,Delivered,Sahil Khan,30,1.8,Hyderabad,2024-03-14 20:58:00,2.4
customer_0061,3303,Rohan Sharma,Kfc,Dosa,1828,886,942,Upi,Delivered,Sahil Khan,41,2.7,Delhi,2024-07-06 05:11:00,2.5
customer_0061,3825,Rohan Sharma,Mcdonald'S,Dosa,1152,353,799,Upi,Delivered,Sahil Khan,47,4.4,Hyderabad,2024-02-25 10:53:00,2.9
customer_0061,4101,Priya Verma,Subway,Burger,1438,599,839,Cash On Delivery,Delivered,Deepak Singh,10,2.8,Pune,2024-08-02 13:00:00,1.8
customer_0061,4601,Rohan Sharma,Subway,Pizza,1226,317,909,Cash On Delivery,Delivered,Ravi Kumar,36,3.5,Bangalore,2024-06-20 14:44:00,1.7
customer_0061,4937,Vikas Yadav,Pizza Hut,Burger,1647,656,991,Upi,Delivered,Ankit Tiwari,21,4.0,Chennai,2024-08-09 19:36:00,3.2
customer_0061,5029,Arjun Mehta,Kfc,Pasta,590,115,475,Upi,Delivered,Rajesh Verma,34,3.5,Hyderabad,2024-01-10 06:07:00,4.1
customer_0061,5040,Rohan Sharma,Mcdonald'S,Sandwich,145,2,143,Cash On Delivery,Delivered,Ravi Kumar,51,4.5,Kolkata,2024-03-25 17:21:00,2.2
customer_0061,5461,Rohan Sharma,Burger King,Sandwich,650,265,385,Upi,Delivered,Rajesh Verma,30,4.2,Bangalore,2024-12-13 02:59:00,3.7
customer_0061,5497,Sanya Kapoor,Mcdonald'S,Dosa,940,318,622,Upi,Delivered,Rajesh Verma,38,4.7,Chennai,2024-10-27 11:54:00,2.1
customer_0061,5818,Vikas Yadav,Pizza Hut,Pasta,1887,169,1718,Upi,Delivered,Ankit Tiwari,57,3.0,Mumbai,2024-07-07 05:55:00,3.9
customer_0061,6033,Sanya Kapoor,Mcdonald'S,Pasta,1370,225,1145,Upi,Delivered,Ravi Kumar,36,3.6,Hyderabad,2024-11-16 00:02:00,3.0
customer_0061,6151,Arjun Mehta,Kfc,Burger,1575,612,963,Upi,Delivered,Ravi Kumar,16,2.6,Hyderabad,2024-11-25 07:00:00,3.4
customer_0061,7758,Arjun Mehta,Kfc,Chicken Wings,1930,277,1653,Card,Delivered,Rajesh Verma,12,3.2,Kolkata,2024-09-08 09:55:00,2.4
customer_0061,7871,Priya Verma,Pizza Hut,Chicken Wings,203,100,103,Cash On Delivery,Delivered,Deepak Singh,28,2.4,Delhi,2024-07-28 14:34:00,2.9
customer_0061,7921,Rohan Sharma,Burger King,Pizza,1909,829,1080,Cash On Delivery,Delivered,Ravi Kumar,29,3.3,Mumbai,2024-01-28 15:54:00,4.7
customer_0061,8313,Priya Verma,Pizza Hut,Pasta,1999,813,1186,Cash On Delivery,Delivered,Sahil Khan,17,2.0,Kolkata,2024-07-14 10:15:00,2.6
customer_0061,8489,Rohan Sharma,Kfc,Pizza,1263,134,1129,Cash On Delivery,Delivered,Ankit Tiwari,49,1.3,Mumbai,2024-06-08 09:47:00,4.8
customer_0061,8628,Vikas Yadav,Burger King,Burger,386,41,345,Card,Delivered,Sahil Khan,51,4.8,Mumbai,2024-07-15 10:12:00,3.5
customer_0061,8778,Sanya Kapoor,Mcdonald'S,Sandwich,1040,345,695,Cash On Delivery,Delivered,Ankit Tiwari,44,4.2,Bangalore,2024-06-01 15:23:00,2.1
customer_0061,8808,Priya Verma,Kfc,Pizza,353,109,244,Card,Delivered,Ravi Kumar,11,1.2,Hyderabad,2024-01-22 14:30:00,3.5
customer_0061,9171,Priya Verma,Burger King,Chicken Wings,207,94,113,Cash On Delivery,Delivered,Ankit Tiwari,44,4.5,Mumbai,2024-02-19 00:05:00,4.9
customer_0061,9902,Priya Verma,Mcdonald'S,Chicken Wings,1982,920,1062,Cash On Delivery,Delivered,Deepak Singh,12,3.3,Delhi,2024-03-22 05:40:00,4.9
customer_0062,475,Arjun Mehta,Domino'S,Burger,906,347,559,Upi,Delivered,Sahil Khan,48,2.1,Hyderabad,2024-08-15 12:03:00,1.9
customer_0062,492,Arjun Mehta,Subway,Biryani,1516,687,829,Upi,Delivered,Sahil Khan,45,2.2,Hyderabad,2024-09-23 16:22:00,3.0
customer_0062,549,Priya Verma,Subway,Chicken Wings,747,153,594,Upi,Delivered,Ravi Kumar,20,4.3,Mumbai,2024-06-03 23:26:00,1.8
customer_0062,610,Arjun Mehta,Burger King,Biryani,508,251,257,Card,Delivered,Ankit Tiwari,35,2.8,Chennai,2024-04-25 15:43:00,3.7
customer_0062,914,Rohan Sharma,Subway,Burger,1828,675,1153,Card,Delivered,Ankit Tiwari,49,3.0,Pune,2024-03-01 15:34:00,3.5
customer_0062,1199,Sanya Kapoor,Burger King,Burger,1205,358,847,Upi,Delivered,Ravi Kumar,59,3.7,Delhi,2024-12-13 23:37:00,2.8
customer_0062,1599,Sanya Kapoor,Domino'S,Pizza,1013,138,875,Upi,Delivered,Rajesh Verma,20,4.0,Kolkata,2024-03-26 16:06:00,5.0
customer_0062,1736,Arjun Mehta,Pizza Hut,Pasta,224,13,211,Cash On Delivery,Delivered,Rajesh Verma,58,3.0,Delhi,2024-08-27 15:15:00,4.4
customer_0062,1792,Sanya Kapoor,Burger King,Dosa,736,54,682,Cash On Delivery,Delivered,Ravi Kumar,12,3.0,Hyderabad,2024-03-04 07:51:00,2.0
customer_0062,2051,Arjun Mehta,Mcdonald'S,Burger,914,256,658,Card,Delivered,Ankit Tiwari,49,4.5,Kolkata,2024-02-09 14:39:00,2.2
customer_0062,2727,Priya Verma,Domino'S,Dosa,1379,353,1026,Cash On Delivery,Delivered,Rajesh Verma,52,1.6,Chennai,2024-03-16 04:56:00,2.5
customer_0062,2843,Priya Verma,Pizza Hut,Biryani,948,232,716,Upi,Delivered,Ankit Tiwari,27,3.8,Delhi,2024-08-04 21:07:00,3.4
customer_0062,3426,Vikas Yadav,Pizza Hut,Dosa,1110,322,788,Upi,Delivered,Deepak Singh,18,2.9,Hyderabad,2024-06-22 23:29:00,2.0
customer_0062,3718,Arjun Mehta,Domino'S,Pizza,1806,162,1644,Upi,Delivered,Ravi Kumar,49,2.6,Mumbai,2024-10-17 05:05:00,3.7
customer_0062,4655,Priya Verma,Domino'S,Pasta,1904,607,1297,Card,Delivered,Sahil Khan,17,1.7,Bangalore,2024-08-02 16:58:00,3.7
customer_0062,5062,Arjun Mehta,Mcdonald'S,Dosa,693,49,644,Card,Delivered,Sahil Khan,40,4.6,Hyderabad,2024-09-22 09:34:00,3.2
customer_0062,5315,Sanya Kapoor,Pizza Hut,Burger,104,18,86,Card,Delivered,Ravi Kumar,15,1.6,Hyderabad,2024-08-26 19:14:00,3.9
customer_0062,5328,Sanya Kapoor,Subway,Burger,1928,200,1728,Cash On Delivery,Delivered,Sahil Khan,27,1.2,Kolkata,2024-02-25 13:14:00,4.5
customer_0062,5595,Arjun Mehta,Mcdonald'S,Burger,1325,391,934,Cash On Delivery,Delivered,Rajesh Verma,58,3.2,Pune,2024-05-06 03:03:00,1.6
customer_0062,5598,Priya Verma,Kfc,Biryani,366,139,227,Card,Delivered,Rajesh Verma,40,2.4,Kolkata,2024-05-04 04:29:00,1.0
customer_0062,5942,Rohan Sharma,Kfc,Chicken Wings,1583,218,1365,Cash On Delivery,Delivered,Rajesh Verma,27,1.4,Chennai,2024-06-07 08:20:00,1.5
customer_0062,6781,Arjun Mehta,Pizza Hut,Pizza,598,46,552,Upi,Delivered,Sahil Khan,44,4.4,Chennai,2024-04-05 08:11:00,2.5
customer_0062,6838,Arjun Mehta,Kfc,Burger,515,94,421,Card,Delivered,Rajesh Verma,22,2.2,Chennai,2024-11-18 14:28:00,3.6
customer_0062,7761,Sanya Kapoor,Pizza Hut,Sandwich,1299,493,806,Cash On Delivery,Delivered,Rajesh Verma,32,4.1,Delhi,2024-06-27 14:19:00,1.9
customer_0062,8532,Vikas Yadav,Pizza Hut,Dosa,766,78,688,Upi,Delivered,Deepak Singh,54,3.5,Mumbai,2024-03-10 20:53:00,1.3
customer_0062,8822,Priya Verma,Burger King,Biryani,1992,914,1078,Card,Delivered,Ravi Kumar,58,4.5,Bangalore,2024-11-27 23:47:00,1.7
customer_0062,8920,Arjun Mehta,Mcdonald'S,Sandwich,412,64,348,Upi,Delivered,Ravi Kumar,55,1.6,Delhi,2024-05-08 20:08:00,1.3
customer_0062,9795,Priya Verma,Mcdonald'S,Sandwich,1582,594,988,Upi,Delivered,Sahil Khan,46,4.9,Mumbai,2024-07-23 19:39:00,4.1
customer_0063,113,Sanya Kapoor,Domino'S,Sandwich,1924,506,1418,Upi,Delivered,Ankit Tiwari,13,4.0,Pune,2024-06-26 04:36:00,2.3
customer_0063,151,Priya Verma,Kfc,Pasta,841,303,538,Upi,Delivered,Deepak Singh,12,4.2,Hyderabad,2024-05-11 23:43:00,3.5
customer_0063,702,Priya Verma,Subway,Biryani,263,42,221,Card,Delivered,Sahil Khan,46,1.7,Hyderabad,2024-04-07 03:08:00,4.1
customer_0063,1897,Arjun Mehta,Pizza Hut,Chicken Wings,889,314,575,Upi,Delivered,Rajesh Verma,40,2.6,Pune,2024-04-27 07:31:00,1.7
customer_0063,1932,Sanya Kapoor,Burger King,Biryani,182,8,174,Cash On Delivery,Delivered,Ankit Tiwari,34,2.5,Bangalore,2024-01-06 22:18:00,2.6
customer_0063,2328,Priya Verma,Pizza Hut,Pizza,1996,932,1064,Upi,Delivered,Sahil Khan,33,1.3,Delhi,2024-03-05 04:29:00,3.4
customer_0063,2334,Rohan Sharma,Mcdonald'S,Pasta,1249,63,1186,Card,Delivered,Ravi Kumar,55,3.2,Delhi,2024-03-18 18:23:00,2.4
customer_0063,2372,Vikas Yadav,Pizza Hut,Chicken Wings,201,69,132,Cash On Delivery,Delivered,Rajesh Verma,29,1.2,Bangalore,2024-10-02 23:42:00,1.7
customer_0063,3711,Vikas Yadav,Kfc,Pasta,1871,639,1232,Card,Delivered,Ankit Tiwari,29,3.7,Bangalore,2024-11-24 12:22:00,1.1
customer_0063,3877,Vikas Yadav,Mcdonald'S,Burger,1796,169,1627,Cash On Delivery,Delivered,Ankit Tiwari,37,2.6,Mumbai,2024-05-18 09:00:00,4.0
customer_0063,4173,Priya Verma,Burger King,Pasta,1412,150,1262,Cash On Delivery,Delivered,Ankit Tiwari,36,4.3,Pune,2024-10-23 15:22:00,1.9
customer_0063,4420,Vikas Yadav,Mcdonald'S,Dosa,212,26,186,Cash On Delivery,Delivered,Ravi Kumar,47,3.9,Hyderabad,2024-07-11 08:24:00,1.2
customer_0063,5592,Arjun Mehta,Pizza Hut,Burger,952,229,723,Card,Delivered,Deepak Singh,60,4.6,Delhi,2024-02-17 10:16:00,2.2
customer_0063,5762,Sanya Kapoor,Domino'S,Sandwich,1942,605,1337,Cash On Delivery,Delivered,Ravi Kumar,58,1.0,Pune,2024-01-05 17:52:00,2.1
customer_0063,6849,Priya Verma,Domino'S,Pizza,952,383,569,Upi,Delivered,Ravi Kumar,19,1.0,Hyderabad,2024-08-04 04:41:00,3.2
customer_0063,7376,Rohan Sharma,Pizza Hut,Chicken Wings,148,68,80,Upi,Delivered,Deepak Singh,42,4.7,Hyderabad,2024-12-16 13:26:00,4.7
customer_0063,7687,Rohan Sharma,Burger King,Sandwich,339,87,252,Cash On Delivery,Delivered,Deepak Singh,22,1.2,Pune,2024-06-11 22:28:00,2.9
customer_0063,7737,Priya Verma,Burger King,Pizza,876,141,735,Card,Delivered,Ankit Tiwari,55,2.6,Pune,2024-01-05 23:28:00,1.8
customer_0063,7769,Priya Verma,Subway,Pizza,943,18,925,Card,Delivered,Deepak Singh,46,5.0,Mumbai,2024-04-14 23:54:00,1.7
customer_0063,7919,Rohan Sharma,Subway,Pizza,488,4,484,Card,Delivered,Deepak Singh,40,1.7,Mumbai,2024-10-20 00:30:00,4.0
customer_0063,8029,Priya Verma,Domino'S,Burger,1330,488,842,Card,Delivered,Rajesh Verma,19,2.9,Kolkata,2024-09-09 21:00:00,4.0
customer_0063,8119,Rohan Sharma,Mcdonald'S,Pizza,1829,439,1390,Card,Delivered,Sahil Khan,23,4.7,Pune,2024-03-20 01:20:00,2.3
customer_0063,8752,Arjun Mehta,Subway,Sandwich,442,120,322,Cash On Delivery,Delivered,Deepak Singh,54,3.2,Chennai,2024-11-28 02:32:00,1.5
customer_0063,9055,Rohan Sharma,Kfc,Pasta,266,38,228,Upi,Delivered,Ravi Kumar,52,4.0,Mumbai,2024-10-26 07:55:00,3.1
customer_0063,9491,Arjun Mehta,Burger King,Dosa,598,109,489,Card,Delivered,Ankit Tiwari,37,3.1,Mumbai,2024-03-18 08:57:00,2.1
customer_0063,9709,Rohan Sharma,Subway,Pasta,621,24,597,Card,Delivered,Deepak Singh,28,3.0,Delhi,2024-10-23 23:36:00,1.6
customer_0063,9748,Arjun Mehta,Mcdonald'S,Chicken Wings,1125,417,708,Card,Delivered,Sahil Khan,17,1.6,Mumbai,2024-06-17 09:22:00,3.7
customer_0063,9780,Rohan Sharma,Kfc,Pizza,504,166,338,Card,Delivered,Ankit Tiwari,41,3.2,Kolkata,2024-06-16 17:53:00,1.2
customer_0063,10286,Arjun Mehta,Burger King,Pizza,1379,534,845,Card,Delivered,Sahil Khan,29,1.3,Chennai,2024-01-19 16:57:00,3.0
customer_0064,13,Arjun Mehta,Kfc,Chicken Wings,783,289,494,Cash On Delivery,Delivered,Ankit Tiwari,25,4.9,Hyderabad,2024-07-09 17:51:00,4.4
customer_0064,1055,Sanya Kapoor,Burger King,Dosa,1807,533,1274,Card,Delivered,Deepak Singh,26,4.6,Delhi,2024-01-28 02:14:00,3.5
customer_0064,1405,Rohan Sharma,Subway,Sandwich,1845,762,1083,Cash On Delivery,Delivered,Sahil Khan,52,2.1,Delhi,2024-07-27 12:02:00,3.3
customer_0064,1438,Sanya Kapoor,Domino'S,Dosa,153,63,90,Card,Delivered,Deepak Singh,17,4.0,Bangalore,2024-11-22 18:59:00,1.3
customer_0064,1623,Arjun Mehta,Kfc,Biryani,1333,65,1268,Upi,Delivered,Rajesh Verma,15,3.4,Hyderabad,2024-06-21 19:51:00,3.2
customer_0064,1718,Rohan Sharma,Mcdonald'S,Burger,395,17,378,Cash On Delivery,Delivered,Sahil Khan,38,3.1,Bangalore,2024-08-22 15:42:00,3.6
customer_0064,2622,Vikas Yadav,Domino'S,Pasta,1739,49,1690,Card,Delivered,Deepak Singh,37,2.2,Pune,2024-01-05 08:05:00,4.8
customer_0064,3600,Priya Verma,Domino'S,Burger,425,74,351,Card,Delivered,Deepak Singh,28,2.4,Hyderabad,2024-03-10 00:29:00,2.7
customer_0064,4329,Priya Verma,Pizza Hut,Burger,1104,18,1086,Cash On Delivery,Delivered,Deepak Singh,20,4.8,Pune,2024-12-15 19:10:00,4.6
customer_0064,4949,Arjun Mehta,Burger King,Sandwich,560,226,334,Card,Delivered,Rajesh Verma,25,2.9,Mumbai,2024-02-05 10:06:00,3.4
customer_0064,5001,Priya Verma,Burger King,Biryani,685,327,358,Upi,Delivered,Ravi Kumar,18,1.7,Pune,2024-02-24 04:48:00,2.1
customer_0064,5527,Rohan Sharma,Domino'S,Sandwich,1648,421,1227,Upi,Delivered,Ankit Tiwari,32,1.2,Kolkata,2024-04-09 03:50:00,1.3
customer_0064,5749,Arjun Mehta,Domino'S,Dosa,1653,78,1575,Card,Delivered,Rajesh Verma,27,1.7,Pune,2024-03-13 01:59:00,1.1
customer_0064,5871,Vikas Yadav,Kfc,Biryani,1757,804,953,Cash On Delivery,Delivered,Ravi Kumar,50,1.9,Delhi,2024-02-26 04:48:00,3.5
customer_0064,5910,Arjun Mehta,Kfc,Burger,141,33,108,Cash On Delivery,Delivered,Rajesh Verma,35,2.8,Kolkata,2024-06-17 11:05:00,4.6
customer_0064,6047,Vikas Yadav,Burger King,Dosa,1182,288,894,Upi,Delivered,Ankit Tiwari,13,1.1,Kolkata,2024-12-05 22:38:00,1.5
customer_0064,6355,Vikas Yadav,Kfc,Pasta,1821,249,1572,Upi,Delivered,Deepak Singh,47,3.2,Kolkata,2024-08-04 20:02:00,4.3
customer_0064,6822,Priya Verma,Burger King,Burger,162,66,96,Upi,Delivered,Ankit Tiwari,46,3.2,Chennai,2024-05-03 20:44:00,3.6
customer_0064,7026,Priya Verma,Burger King,Biryani,1373,381,992,Cash On Delivery,Delivered,Sahil Khan,35,4.7,Delhi,2024-05-26 03:20:00,3.7
customer_0064,7715,Priya Verma,Subway,Chicken Wings,1918,15,1903,Card,Delivered,Ravi Kumar,53,1.7,Delhi,2024-09-15 09:20:00,4.7
customer_0064,7855,Arjun Mehta,Kfc,Chicken Wings,1794,618,1176,Card,Delivered,Ankit Tiwari,48,2.8,Hyderabad,2024-09-16 19:14:00,1.6
customer_0064,7888,Sanya Kapoor,Domino'S,Burger,775,353,422,Upi,Delivered,Sahil Khan,48,4.0,Pune,2024-10-15 16:22:00,4.7
customer_0064,7973,Arjun Mehta,Burger King,Dosa,1281,73,1208,Card,Delivered,Sahil Khan,37,2.9,Delhi,2024-04-19 00:43:00,1.7
customer_0064,8437,Sanya Kapoor,Domino'S,Biryani,265,48,217,Cash On Delivery,Delivered,Sahil Khan,51,1.8,Chennai,2024-03-28 03:21:00,4.6
customer_0064,8864,Sanya Kapoor,Mcdonald'S,Biryani,748,94,654,Cash On Delivery,Delivered,Sahil Khan,59,3.5,Delhi,2024-02-02 15:21:00,2.9
customer_0064,8894,Sanya Kapoor,Burger King,Sandwich,1558,650,908,Cash On Delivery,Delivered,Deepak Singh,28,1.9,Bangalore,2024-04-14 10:27:00,4.2
customer_0064,9068,Vikas Yadav,Domino'S,Burger,497,207,290,Card,Delivered,Ravi Kumar,54,4.4,Chennai,2024-02-08 00:32:00,2.3
customer_0064,9115,Priya Verma,Burger King,Biryani,1761,456,1305,Card,Delivered,Ankit Tiwari,54,4.9,Chennai,2024-03-20 19:30:00,4.4
customer_0064,9704,Arjun Mehta,Domino'S,Chicken Wings,318,47,271,Upi,Delivered,Deepak Singh,41,2.9,Hyderabad,2024-07-26 04:07:00,4.1
customer_0064,9761,Vikas Yadav,Kfc,Chicken Wings,977,315,662,Cash On Delivery,Delivered,Rajesh Verma,43,1.6,Delhi,2024-03-16 22:05:00,1.6
customer_0064,10146,Vikas Yadav,Mcdonald'S,Pasta,1882,37,1845,Upi,Delivered,Rajesh Verma,15,3.5,Pune,2024-04-10 10:00:00,3.4
customer_0065,91,Rohan Sharma,Kfc,Chicken Wings,1068,496,572,Card,Delivered,Deepak Singh,41,1.3,Pune,2024-12-06 08:13:00,2.9
customer_0065,153,Priya Verma,Kfc,Chicken Wings,745,86,659,Upi,Delivered,Rajesh Verma,60,1.8,Pune,2024-01-02 07:33:00,4.0
customer_0065,608,Rohan Sharma,Burger King,Chicken Wings,631,70,561,Cash On Delivery,Delivered,Ankit Tiwari,59,1.3,Mumbai,2024-02-04 08:45:00,1.7
customer_0065,967,Arjun Mehta,Burger King,Burger,1223,401,822,Card,Delivered,Sahil Khan,57,1.1,Hyderabad,2024-07-15 05:51:00,1.6
customer_0065,1627,Priya Verma,Burger King,Pasta,1246,58,1188,Card,Delivered,Sahil Khan,35,2.4,Hyderabad,2024-11-28 00:44:00,1.6
customer_0065,1655,Vikas Yadav,Burger King,Chicken Wings,931,285,646,Cash On Delivery,Delivered,Ankit Tiwari,43,4.6,Bangalore,2024-11-08 21:13:00,2.4
customer_0065,2022,Sanya Kapoor,Domino'S,Dosa,1249,393,856,Upi,Delivered,Rajesh Verma,33,3.5,Pune,2024-08-05 22:35:00,4.9
customer_0065,2039,Sanya Kapoor,Kfc,Burger,1882,346,1536,Upi,Delivered,Ravi Kumar,17,4.1,Kolkata,2024-07-09 07:49:00,2.0
customer_0065,2325,Arjun Mehta,Burger King,Pasta,1035,241,794,Card,Delivered,Rajesh Verma,51,1.4,Delhi,2024-11-12 00:32:00,3.2
customer_0065,2388,Sanya Kapoor,Mcdonald'S,Pizza,728,79,649,Cash On Delivery,Delivered,Deepak Singh,13,4.9,Mumbai,2024-09-03 21:10:00,3.5
customer_0065,2849,Vikas Yadav,Burger King,Chicken Wings,1003,84,919,Cash On Delivery,Delivered,Deepak Singh,33,2.6,Chennai,2024-06-07 09:35:00,3.5
customer_0065,3470,Vikas Yadav,Subway,Dosa,994,357,637,Cash On Delivery,Delivered,Ankit Tiwari,21,2.9,Hyderabad,2024-06-18 00:05:00,4.8
customer_0065,4700,Vikas Yadav,Burger King,Biryani,1552,352,1200,Card,Delivered,Deepak Singh,27,2.6,Mumbai,2024-11-10 00:45:00,2.4
customer_0065,4785,Sanya Kapoor,Kfc,Dosa,1262,525,737,Cash On Delivery,Delivered,Rajesh Verma,21,4.7,Hyderabad,2024-05-12 19:43:00,1.5
customer_0065,5599,Arjun Mehta,Subway,Pizza,375,9,366,Cash On Delivery,Delivered,Ankit Tiwari,41,3.7,Kolkata,2024-06-26 04:40:00,4.3
customer_0065,5777,Arjun Mehta,Burger King,Pasta,1921,780,1141,Cash On Delivery,Delivered,Rajesh Verma,37,4.9,Bangalore,2024-11-01 03:54:00,4.4
customer_0065,5904,Arjun Mehta,Subway,Burger,1782,101,1681,Upi,Delivered,Ravi Kumar,54,3.6,Chennai,2024-02-26 16:29:00,2.6
customer_0065,6064,Sanya Kapoor,Subway,Biryani,1854,212,1642,Card,Delivered,Ravi Kumar,23,4.3,Chennai,2024-02-27 17:15:00,3.4
customer_0065,6083,Vikas Yadav,Subway,Biryani,348,103,245,Cash On Delivery,Delivered,Deepak Singh,21,4.5,Mumbai,2024-04-11 06:05:00,1.9
customer_0065,6287,Vikas Yadav,Pizza Hut,Sandwich,1531,243,1288,Upi,Delivered,Ravi Kumar,40,2.4,Pune,2024-10-13 23:35:00,2.7
customer_0065,6669,Vikas Yadav,Pizza Hut,Sandwich,1290,291,999,Cash On Delivery,Delivered,Rajesh Verma,10,1.9,Hyderabad,2024-12-25 08:58:00,4.6
customer_0065,7500,Sanya Kapoor,Burger King,Dosa,1130,355,775,Upi,Delivered,Deepak Singh,41,3.8,Delhi,2024-01-26 17:06:00,1.8
customer_0065,7509,Vikas Yadav,Subway,Chicken Wings,1861,288,1573,Cash On Delivery,Delivered,Ankit Tiwari,19,1.3,Mumbai,2024-04-23 21:46:00,2.1
customer_0065,7683,Priya Verma,Domino'S,Pizza,836,214,622,Card,Delivered,Rajesh Verma,27,1.7,Hyderabad,2024-02-12 11:00:00,3.1
customer_0065,7799,Arjun Mehta,Burger King,Chicken Wings,1906,323,1583,Upi,Delivered,Ankit Tiwari,31,2.2,Pune,2024-08-17 04:28:00,1.4
customer_0065,7922,Rohan Sharma,Domino'S,Pizza,1933,143,1790,Upi,Delivered,Sahil Khan,58,4.8,Mumbai,2024-03-12 12:46:00,1.2
customer_0065,8601,Priya Verma,Kfc,Dosa,680,205,475,Card,Delivered,Rajesh Verma,54,4.9,Hyderabad,2024-06-14 15:58:00,4.7
customer_0065,9330,Vikas Yadav,Pizza Hut,Biryani,1431,315,1116,Cash On Delivery,Delivered,Sahil Khan,26,2.3,Delhi,2024-11-02 14:41:00,2.8
customer_0066,488,Arjun Mehta,Kfc,Pizza,1978,225,1753,Card,Delivered,Deepak Singh,56,4.6,Kolkata,2024-05-03 08:22:00,5.0
customer_0066,992,Vikas Yadav,Burger King,Biryani,1433,152,1281,Upi,Delivered,Sahil Khan,16,4.8,Kolkata,2024-07-11 00:02:00,2.5
customer_0066,2054,Vikas Yadav,Mcdonald'S,Dosa,652,87,565,Upi,Delivered,Ravi Kumar,48,4.4,Chennai,2024-03-24 04:27:00,3.9
customer_0066,2283,Rohan Sharma,Mcdonald'S,Dosa,1840,761,1079,Upi,Delivered,Deepak Singh,45,4.0,Mumbai,2024-02-27 17:44:00,2.5
customer_0066,2961,Sanya Kapoor,Mcdonald'S,Dosa,1744,782,962,Card,Delivered,Deepak Singh,17,1.8,Hyderabad,2024-06-12 13:05:00,4.8
customer_0066,3053,Sanya Kapoor,Domino'S,Pizza,712,170,542,Upi,Delivered,Rajesh Verma,13,2.8,Chennai,2024-10-02 23:37:00,2.9
customer_0066,3377,Sanya Kapoor,Subway,Pizza,1935,156,1779,Upi,Delivered,Ankit Tiwari,22,4.7,Mumbai,2024-08-03 08:16:00,2.1
customer_0066,3714,Vikas Yadav,Burger King,Dosa,1267,611,656,Upi,Delivered,Rajesh Verma,47,1.0,Chennai,2024-11-23 02:19:00,3.9
customer_0066,4222,Vikas Yadav,Domino'S,Sandwich,882,191,691,Cash On Delivery,Delivered,Sahil Khan,39,1.1,Kolkata,2024-04-15 14:07:00,3.8
customer_0066,4387,Vikas Yadav,Kfc,Chicken Wings,1908,878,1030,Upi,Delivered,Ankit Tiwari,27,3.6,Hyderabad,2024-11-27 07:31:00,3.5
customer_0066,4405,Arjun Mehta,Kfc,Pizza,873,258,615,Cash On Delivery,Delivered,Ankit Tiwari,53,4.9,Hyderabad,2024-01-24 09:56:00,1.3
customer_0066,4791,Sanya Kapoor,Kfc,Pasta,1272,70,1202,Cash On Delivery,Delivered,Ravi Kumar,22,1.3,Chennai,2024-07-01 21:29:00,1.6
customer_0066,5006,Priya Verma,Pizza Hut,Burger,842,39,803,Cash On Delivery,Delivered,Ravi Kumar,14,2.6,Hyderabad,2024-01-22 02:02:00,2.7
customer_0066,5015,Sanya Kapoor,Kfc,Dosa,243,35,208,Cash On Delivery,Delivered,Rajesh Verma,58,1.9,Bangalore,2024-11-17 08:58:00,3.4
customer_0066,5106,Sanya Kapoor,Domino'S,Pasta,569,241,328,Cash On Delivery,Delivered,Rajesh Verma,28,4.8,Chennai,2024-11-22 19:55:00,3.8
customer_0066,5268,Arjun Mehta,Mcdonald'S,Biryani,1635,484,1151,Card,Delivered,Ravi Kumar,47,3.0,Pune,2024-09-04 01:54:00,1.5
customer_0066,5507,Rohan Sharma,Domino'S,Biryani,1588,520,1068,Upi,Delivered,Ravi Kumar,16,1.3,Chennai,2024-02-06 13:53:00,2.4
customer_0066,5745,Vikas Yadav,Pizza Hut,Biryani,1039,219,820,Cash On Delivery,Delivered,Ankit Tiwari,17,2.1,Chennai,2024-06-28 06:14:00,3.5
customer_0066,5921,Arjun Mehta,Subway,Sandwich,1387,457,930,Cash On Delivery,Delivered,Rajesh Verma,26,2.0,Pune,2024-12-21 00:47:00,2.2
customer_0066,6214,Sanya Kapoor,Subway,Pizza,1492,342,1150,Upi,Delivered,Ravi Kumar,14,3.4,Hyderabad,2024-07-18 03:25:00,4.1
customer_0066,6586,Arjun Mehta,Burger King,Biryani,172,7,165,Cash On Delivery,Delivered,Deepak Singh,39,3.2,Delhi,2024-05-27 03:11:00,3.5
customer_0066,6732,Arjun Mehta,Subway,Dosa,941,184,757,Cash On Delivery,Delivered,Deepak Singh,35,2.4,Kolkata,2024-08-24 07:28:00,4.9
customer_0066,6769,Sanya Kapoor,Burger King,Pizza,126,43,83,Cash On Delivery,Delivered,Deepak Singh,20,1.4,Kolkata,2024-02-02 02:31:00,1.6
customer_0066,6909,Sanya Kapoor,Domino'S,Burger,945,262,683,Card,Delivered,Ankit Tiwari,24,4.0,Mumbai,2024-11-27 09:24:00,1.8
customer_0066,7506,Priya Verma,Domino'S,Pizza,1947,264,1683,Cash On Delivery,Delivered,Ankit Tiwari,42,5.0,Mumbai,2024-09-03 11:30:00,3.4
customer_0066,7577,Vikas Yadav,Subway,Chicken Wings,750,278,472,Upi,Delivered,Ankit Tiwari,32,2.4,Hyderabad,2024-03-07 15:11:00,4.5
customer_0066,7602,Priya Verma,Kfc,Sandwich,1121,109,1012,Upi,Delivered,Sahil Khan,45,2.9,Bangalore,2024-03-06 06:51:00,2.9
customer_0066,7741,Priya Verma,Subway,Pasta,981,104,877,Upi,Delivered,Deepak Singh,10,4.3,Mumbai,2024-06-22 11:29:00,4.6
customer_0066,7776,Vikas Yadav,Domino'S,Biryani,1227,251,976,Card,Delivered,Sahil Khan,36,1.5,Delhi,2024-06-28 09:45:00,3.0
customer_0066,8316,Arjun Mehta,Pizza Hut,Pizza,811,211,600,Upi,Delivered,Sahil Khan,49,3.7,Mumbai,2024-06-10 15:24:00,4.4
customer_0066,8729,Arjun Mehta,Domino'S,Chicken Wings,1558,409,1149,Cash On Delivery,Delivered,Ankit Tiwari,35,1.1,Pune,2024-06-02 16:53:00,1.4
customer_0066,8785,Vikas Yadav,Mcdonald'S,Dosa,822,5,817,Card,Delivered,Sahil Khan,30,2.6,Chennai,2024-06-25 20:14:00,4.9
customer_0066,9312,Sanya Kapoor,Kfc,Dosa,1975,104,1871,Upi,Delivered,Ankit Tiwari,22,4.6,Kolkata,2024-09-23 22:01:00,1.4
customer_0066,9474,Vikas Yadav,Mcdonald'S,Sandwich,471,137,334,Card,Delivered,Ravi Kumar,49,3.8,Kolkata,2024-09-15 17:01:00,4.2
customer_0066,9864,Vikas Yadav,Subway,Burger,489,154,335,Cash On Delivery,Delivered,Ankit Tiwari,17,3.5,Mumbai,2024-05-27 17:36:00,4.1
customer_0067,327,Vikas Yadav,Burger King,Burger,1365,568,797,Cash On Delivery,Delivered,Ravi Kumar,37,3.1,Mumbai,2024-12-26 02:17:00,3.3
customer_0067,485,Sanya Kapoor,Burger King,Chicken Wings,116,0,116,Card,Delivered,Ravi Kumar,28,2.8,Chennai,2024-11-13 14:24:00,3.8
customer_0067,1021,Vikas Yadav,Domino'S,Sandwich,267,53,214,Card,Delivered,Deepak Singh,50,2.5,Pune,2024-05-03 05:45:00,2.4
customer_0067,1175,Sanya Kapoor,Burger King,Biryani,1386,6,1380,Cash On Delivery,Delivered,Ankit Tiwari,58,1.9,Chennai,2024-08-23 09:07:00,2.9
customer_0067,1273,Vikas Yadav,Domino'S,Biryani,1730,756,974,Cash On Delivery,Delivered,Deepak Singh,16,1.2,Hyderabad,2024-05-21 04:30:00,4.4
customer_0067,2131,Vikas Yadav,Kfc,Pizza,545,0,545,Cash On Delivery,Delivered,Ravi Kumar,29,1.3,Pune,2024-11-13 07:51:00,2.5
customer_0067,3082,Sanya Kapoor,Mcdonald'S,Sandwich,1273,441,832,Cash On Delivery,Delivered,Rajesh Verma,17,2.8,Mumbai,2024-11-05 12:57:00,3.5
customer_0067,3301,Rohan Sharma,Domino'S,Chicken Wings,536,214,322,Upi,Delivered,Sahil Khan,26,4.6,Chennai,2024-01-01 09:22:00,3.9
customer_0067,3739,Rohan Sharma,Domino'S,Sandwich,657,119,538,Upi,Delivered,Ravi Kumar,54,3.7,Bangalore,2024-05-15 06:22:00,1.6
customer_0067,3873,Rohan Sharma,Pizza Hut,Burger,168,52,116,Upi,Delivered,Sahil Khan,14,4.0,Delhi,2024-11-23 17:41:00,2.9
customer_0067,4337,Sanya Kapoor,Mcdonald'S,Dosa,478,215,263,Card,Delivered,Sahil Khan,31,4.8,Pune,2024-03-13 13:36:00,4.2
customer_0067,4550,Vikas Yadav,Burger King,Pizza,1576,699,877,Card,Delivered,Rajesh Verma,48,5.0,Delhi,2024-11-17 17:04:00,1.5
customer_0067,5174,Arjun Mehta,Kfc,Pasta,1634,663,971,Card,Delivered,Rajesh Verma,52,2.1,Hyderabad,2024-03-04 14:38:00,1.2
customer_0067,5531,Arjun Mehta,Domino'S,Pasta,1293,468,825,Card,Delivered,Deepak Singh,28,3.9,Delhi,2024-04-28 02:21:00,2.3
customer_0067,6412,Vikas Yadav,Mcdonald'S,Biryani,1028,510,518,Cash On Delivery,Delivered,Ravi Kumar,53,1.3,Mumbai,2024-06-23 03:15:00,1.7
customer_0067,6601,Arjun Mehta,Subway,Pizza,831,219,612,Cash On Delivery,Delivered,Rajesh Verma,50,3.0,Hyderabad,2024-12-26 06:11:00,4.0
customer_0067,6927,Vikas Yadav,Subway,Biryani,1621,372,1249,Cash On Delivery,Delivered,Ravi Kumar,10,3.6,Bangalore,2024-12-24 14:44:00,4.2
customer_0067,7434,Vikas Yadav,Subway,Sandwich,680,21,659,Card,Delivered,Rajesh Verma,58,1.0,Delhi,2024-10-19 02:05:00,2.3
customer_0067,7821,Vikas Yadav,Domino'S,Pasta,1334,454,880,Cash On Delivery,Delivered,Sahil Khan,56,2.4,Delhi,2024-04-11 23:56:00,2.5
customer_0067,8034,Arjun Mehta,Domino'S,Dosa,556,213,343,Card,Delivered,Ravi Kumar,42,1.3,Kolkata,2024-09-19 14:00:00,2.7
customer_0067,8109,Rohan Sharma,Pizza Hut,Burger,1883,132,1751,Upi,Delivered,Ravi Kumar,44,2.3,Chennai,2024-07-10 07:47:00,2.2
customer_0067,8261,Sanya Kapoor,Mcdonald'S,Dosa,1092,165,927,Cash On Delivery,Delivered,Deepak Singh,30,3.2,Mumbai,2024-06-10 11:50:00,3.4
customer_0067,8310,Rohan Sharma,Mcdonald'S,Burger,1105,210,895,Upi,Delivered,Rajesh Verma,19,4.0,Chennai,2024-02-26 02:54:00,2.9
customer_0067,8840,Priya Verma,Kfc,Burger,1731,626,1105,Cash On Delivery,Delivered,Deepak Singh,46,3.3,Mumbai,2024-08-12 11:53:00,1.9
customer_0067,9385,Vikas Yadav,Subway,Biryani,610,242,368,Cash On Delivery,Delivered,Rajesh Verma,24,3.7,Pune,2024-07-23 16:54:00,4.5
customer_0067,9913,Arjun Mehta,Subway,Sandwich,588,246,342,Upi,Delivered,Sahil Khan,41,2.9,Hyderabad,2024-02-12 02:58:00,4.3
customer_0067,10001,Vikas Yadav,Domino'S,Pasta,115,32,83,Card,Delivered,Ravi Kumar,28,2.3,Delhi,2024-12-28 13:53:00,3.2
customer_0067,10283,Priya Verma,Pizza Hut,Pizza,1644,507,1137,Upi,Delivered,Deepak Singh,50,2.5,Pune,2024-09-07 11:58:00,3.9
customer_0067,10359,Arjun Mehta,Pizza Hut,Chicken Wings,584,104,480,Cash On Delivery,Delivered,Rajesh Verma,11,3.1,Delhi,2024-12-27 13:44:00,2.3
customer_0067,10376,Priya Verma,Mcdonald'S,Chicken Wings,1722,553,1169,Card,Delivered,Deepak Singh,57,1.2,Hyderabad,2024-03-16 16:13:00,1.7
customer_0068,131,Arjun Mehta,Mcdonald'S,Pizza,858,57,801,Card,Delivered,Rajesh Verma,53,2.5,Bangalore,2024-08-13 12:41:00,2.1
customer_0068,866,Rohan Sharma,Domino'S,Biryani,244,107,137,Cash On Delivery,Delivered,Rajesh Verma,34,1.5,Mumbai,2024-06-16 21:31:00,3.7
customer_0068,1052,Priya Verma,Burger King,Sandwich,1535,152,1383,Card,Delivered,Sahil Khan,23,4.7,Bangalore,2024-11-05 09:20:00,2.8
customer_0068,1510,Priya Verma,Pizza Hut,Sandwich,1176,75,1101,Card,Delivered,Ravi Kumar,39,4.0,Kolkata,2024-12-06 01:30:00,4.9
customer_0068,1540,Sanya Kapoor,Mcdonald'S,Sandwich,1473,176,1297,Cash On Delivery,Delivered,Deepak Singh,14,2.0,Mumbai,2024-08-04 22:35:00,3.5
customer_0068,1584,Sanya Kapoor,Mcdonald'S,Pizza,1051,479,572,Card,Delivered,Ravi Kumar,41,3.0,Mumbai,2024-12-19 16:13:00,3.5
customer_0068,1645,Arjun Mehta,Subway,Pasta,712,107,605,Card,Delivered,Rajesh Verma,12,3.6,Mumbai,2024-01-19 20:52:00,2.6
customer_0068,2403,Sanya Kapoor,Kfc,Pizza,199,40,159,Card,Delivered,Deepak Singh,25,2.9,Hyderabad,2024-09-28 15:37:00,2.9
customer_0068,2563,Priya Verma,Kfc,Biryani,1096,402,694,Card,Delivered,Ankit Tiwari,41,2.1,Delhi,2024-11-26 19:46:00,3.7
customer_0068,3096,Priya Verma,Mcdonald'S,Pasta,891,298,593,Card,Delivered,Ankit Tiwari,32,2.9,Hyderabad,2024-06-10 09:25:00,4.5
customer_0068,3387,Rohan Sharma,Subway,Biryani,692,25,667,Card,Delivered,Deepak Singh,53,3.8,Kolkata,2024-05-12 20:38:00,3.4
customer_0068,3568,Arjun Mehta,Pizza Hut,Sandwich,1525,227,1298,Cash On Delivery,Delivered,Deepak Singh,27,1.2,Pune,2024-01-22 17:41:00,2.4
customer_0068,3615,Priya Verma,Pizza Hut,Pasta,1516,419,1097,Upi,Delivered,Rajesh Verma,60,3.8,Hyderabad,2024-08-19 03:47:00,2.0
customer_0068,3692,Vikas Yadav,Pizza Hut,Burger,1878,568,1310,Card,Delivered,Deepak Singh,46,4.2,Pune,2024-12-05 14:31:00,1.8
customer_0068,4546,Rohan Sharma,Mcdonald'S,Biryani,493,196,297,Upi,Delivered,Ravi Kumar,52,3.2,Hyderabad,2024-05-13 00:47:00,2.8
customer_0068,4678,Arjun Mehta,Pizza Hut,Burger,272,105,167,Cash On Delivery,Delivered,Deepak Singh,24,3.1,Delhi,2024-06-13 20:58:00,1.6
customer_0068,4921,Arjun Mehta,Pizza Hut,Chicken Wings,1171,166,1005,Cash On Delivery,Delivered,Deepak Singh,22,2.7,Mumbai,2024-03-06 15:51:00,2.6
customer_0068,4970,Sanya Kapoor,Pizza Hut,Pizza,1134,402,732,Card,Delivered,Ravi Kumar,23,3.1,Delhi,2024-04-17 19:46:00,3.5
customer_0068,5156,Priya Verma,Domino'S,Dosa,1287,333,954,Upi,Delivered,Ankit Tiwari,49,2.4,Delhi,2024-03-16 18:20:00,4.4
customer_0068,5360,Rohan Sharma,Domino'S,Biryani,1622,99,1523,Card,Delivered,Ankit Tiwari,20,4.6,Kolkata,2024-08-03 09:27:00,2.7
customer_0068,5656,Priya Verma,Kfc,Chicken Wings,1517,347,1170,Cash On Delivery,Delivered,Ravi Kumar,38,4.8,Chennai,2024-10-19 04:31:00,1.4
customer_0068,5788,Rohan Sharma,Burger King,Chicken Wings,955,460,495,Card,Delivered,Sahil Khan,54,2.8,Hyderabad,2024-04-23 14:11:00,3.2
customer_0068,5792,Sanya Kapoor,Mcdonald'S,Burger,1023,73,950,Card,Delivered,Ankit Tiwari,26,1.2,Bangalore,2024-03-23 06:43:00,3.9
customer_0068,6235,Vikas Yadav,Burger King,Pizza,1685,282,1403,Cash On Delivery,Delivered,Sahil Khan,10,3.3,Mumbai,2024-01-23 12:36:00,1.5
customer_0068,6863,Priya Verma,Domino'S,Pasta,1195,597,598,Cash On Delivery,Delivered,Sahil Khan,48,1.0,Kolkata,2024-01-03 11:36:00,4.8
customer_0068,7355,Sanya Kapoor,Burger King,Biryani,392,142,250,Card,Delivered,Rajesh Verma,39,1.2,Pune,2024-05-20 01:45:00,4.9
customer_0068,7424,Vikas Yadav,Kfc,Chicken Wings,1350,124,1226,Cash On Delivery,Delivered,Sahil Khan,16,4.4,Bangalore,2024-02-27 06:09:00,4.6
customer_0068,7708,Rohan Sharma,Kfc,Chicken Wings,247,45,202,Upi,Delivered,Deepak Singh,14,4.7,Pune,2024-01-26 00:56:00,2.5
customer_0068,7766,Rohan Sharma,Pizza Hut,Pizza,767,326,441,Cash On Delivery,Delivered,Ravi Kumar,20,2.6,Chennai,2024-08-04 03:36:00,2.7
customer_0068,8710,Arjun Mehta,Pizza Hut,Burger,900,2,898,Cash On Delivery,Delivered,Ravi Kumar,23,3.6,Mumbai,2024-05-25 10:47:00,1.3
customer_0068,8725,Priya Verma,Domino'S,Pizza,218,75,143,Cash On Delivery,Delivered,Ravi Kumar,22,3.5,Delhi,2024-07-25 10:40:00,2.9
customer_0068,9173,Sanya Kapoor,Pizza Hut,Sandwich,1345,204,1141,Card,Delivered,Ravi Kumar,41,1.3,Bangalore,2024-08-06 16:15:00,4.5
customer_0068,10062,Sanya Kapoor,Burger King,Biryani,471,82,389,Cash On Delivery,Delivered,Ravi Kumar,22,4.2,Bangalore,2024-03-02 20:43:00,3.7
customer_0069,352,Vikas Yadav,Pizza Hut,Burger,126,23,103,Card,Delivered,Rajesh Verma,18,4.7,Hyderabad,2024-05-19 09:43:00,1.3
customer_0069,451,Arjun Mehta,Domino'S,Burger,1252,448,804,Cash On Delivery,Delivered,Ankit Tiwari,13,2.4,Kolkata,2024-07-11 09:00:00,2.1
customer_0069,709,Vikas Yadav,Kfc,Biryani,1374,451,923,Cash On Delivery,Delivered,Ravi Kumar,32,3.5,Chennai,2024-03-27 09:59:00,3.8
customer_0069,879,Sanya Kapoor,Pizza Hut,Burger,208,97,111,Cash On Delivery,Delivered,Ankit Tiwari,59,1.7,Delhi,2024-07-06 20:22:00,4.6
customer_0069,1297,Rohan Sharma,Kfc,Pasta,1916,138,1778,Cash On Delivery,Delivered,Ankit Tiwari,10,1.6,Hyderabad,2024-07-11 07:36:00,2.6
customer_0069,1355,Sanya Kapoor,Domino'S,Biryani,1711,23,1688,Card,Delivered,Ankit Tiwari,56,3.4,Delhi,2024-05-25 03:11:00,1.0
customer_0069,1799,Arjun Mehta,Mcdonald'S,Pasta,661,133,528,Card,Delivered,Deepak Singh,32,2.7,Bangalore,2024-07-07 18:21:00,4.4
customer_0069,1816,Arjun Mehta,Burger King,Pizza,363,114,249,Upi,Delivered,Deepak Singh,45,3.1,Pune,2024-01-23 23:20:00,2.1
customer_0069,2007,Arjun Mehta,Pizza Hut,Pizza,1886,700,1186,Cash On Delivery,Delivered,Ravi Kumar,38,4.3,Mumbai,2024-04-28 14:12:00,3.3
customer_0069,3762,Priya Verma,Subway,Chicken Wings,867,373,494,Card,Delivered,Ravi Kumar,41,3.6,Hyderabad,2024-11-15 18:52:00,3.8
customer_0069,4148,Sanya Kapoor,Domino'S,Dosa,776,250,526,Upi,Delivered,Deepak Singh,24,4.1,Bangalore,2024-04-21 14:18:00,3.8
customer_0069,4519,Sanya Kapoor,Domino'S,Burger,1957,488,1469,Cash On Delivery,Delivered,Ankit Tiwari,34,1.8,Hyderabad,2024-05-19 21:02:00,3.3
customer_0069,4676,Sanya Kapoor,Mcdonald'S,Pasta,129,36,93,Cash On Delivery,Delivered,Ankit Tiwari,57,4.0,Hyderabad,2024-04-08 21:54:00,2.5
customer_0069,5292,Sanya Kapoor,Mcdonald'S,Pasta,120,60,60,Cash On Delivery,Delivered,Sahil Khan,52,1.2,Pune,2024-02-07 23:20:00,3.3
customer_0069,5440,Vikas Yadav,Mcdonald'S,Pizza,240,35,205,Cash On Delivery,Delivered,Rajesh Verma,55,1.6,Hyderabad,2024-12-17 23:07:00,1.6
customer_0069,5687,Vikas Yadav,Subway,Dosa,431,205,226,Cash On Delivery,Delivered,Ravi Kumar,45,4.8,Kolkata,2024-06-11 21:18:00,4.3
customer_0069,6674,Sanya Kapoor,Kfc,Chicken Wings,786,25,761,Cash On Delivery,Delivered,Sahil Khan,16,2.3,Hyderabad,2024-12-07 02:20:00,2.6
customer_0069,6846,Rohan Sharma,Pizza Hut,Burger,1488,54,1434,Card,Delivered,Sahil Khan,55,4.3,Kolkata,2024-11-16 17:47:00,1.1
customer_0069,7341,Priya Verma,Burger King,Biryani,1556,199,1357,Cash On Delivery,Delivered,Deepak Singh,28,3.9,Pune,2024-05-16 22:45:00,4.9
customer_0069,7497,Sanya Kapoor,Mcdonald'S,Biryani,882,213,669,Cash On Delivery,Delivered,Rajesh Verma,51,4.4,Chennai,2024-07-07 17:30:00,1.3
customer_0069,7870,Sanya Kapoor,Mcdonald'S,Pasta,582,176,406,Upi,Delivered,Rajesh Verma,12,4.2,Chennai,2024-11-09 07:47:00,3.0
customer_0069,8108,Priya Verma,Kfc,Dosa,1907,549,1358,Cash On Delivery,Delivered,Rajesh Verma,24,4.3,Delhi,2024-10-16 20:54:00,4.7
customer_0069,8540,Arjun Mehta,Mcdonald'S,Sandwich,1635,677,958,Cash On Delivery,Delivered,Sahil Khan,35,3.8,Bangalore,2024-02-15 08:41:00,4.3
customer_0069,8594,Priya Verma,Kfc,Sandwich,1579,74,1505,Cash On Delivery,Delivered,Ankit Tiwari,20,3.9,Pune,2024-03-14 04:02:00,1.3
customer_0069,9522,Arjun Mehta,Kfc,Chicken Wings,1109,220,889,Card,Delivered,Deepak Singh,46,4.8,Hyderabad,2024-12-17 13:09:00,4.8
customer_0069,9652,Sanya Kapoor,Burger King,Burger,1669,209,1460,Card,Delivered,Sahil Khan,16,1.8,Bangalore,2024-01-21 17:37:00,1.9
customer_0070,32,Sanya Kapoor,Mcdonald'S,Pasta,1689,778,911,Card,Delivered,Rajesh Verma,44,3.2,Hyderabad,2024-03-28 16:01:00,3.9
customer_0070,423,Priya Verma,Domino'S,Sandwich,1954,151,1803,Upi,Delivered,Rajesh Verma,45,2.7,Bangalore,2024-10-12 23:25:00,1.8
customer_0070,432,Priya Verma,Pizza Hut,Dosa,982,352,630,Cash On Delivery,Delivered,Deepak Singh,28,2.8,Delhi,2024-01-21 06:23:00,3.5
customer_0070,2103,Vikas Yadav,Mcdonald'S,Sandwich,1319,138,1181,Upi,Delivered,Ravi Kumar,50,2.3,Kolkata,2024-12-02 17:22:00,2.1
customer_0070,2146,Priya Verma,Kfc,Pizza,599,111,488,Upi,Delivered,Ravi Kumar,36,1.3,Pune,2024-01-19 05:20:00,1.7
customer_0070,2376,Priya Verma,Domino'S,Pizza,1914,71,1843,Card,Delivered,Ravi Kumar,45,3.3,Delhi,2024-11-14 01:15:00,4.4
customer_0070,2657,Sanya Kapoor,Kfc,Chicken Wings,1741,417,1324,Card,Delivered,Sahil Khan,54,1.1,Bangalore,2024-10-03 05:10:00,3.3
customer_0070,2669,Rohan Sharma,Domino'S,Pasta,1736,832,904,Card,Delivered,Ravi Kumar,28,1.9,Kolkata,2024-03-27 00:47:00,4.2
customer_0070,2914,Rohan Sharma,Burger King,Chicken Wings,722,256,466,Card,Delivered,Ravi Kumar,17,3.7,Hyderabad,2024-01-21 08:46:00,1.3
customer_0070,4511,Sanya Kapoor,Domino'S,Burger,1424,391,1033,Upi,Delivered,Ankit Tiwari,59,2.2,Hyderabad,2024-12-22 22:46:00,2.3
customer_0070,4670,Vikas Yadav,Mcdonald'S,Pasta,1358,349,1009,Card,Delivered,Sahil Khan,37,1.0,Pune,2024-02-09 01:21:00,4.1
customer_0070,4883,Arjun Mehta,Mcdonald'S,Burger,1320,540,780,Upi,Delivered,Sahil Khan,18,3.2,Delhi,2024-07-25 00:03:00,1.1
customer_0070,5117,Rohan Sharma,Pizza Hut,Pasta,1488,412,1076,Card,Delivered,Ankit Tiwari,25,3.0,Mumbai,2024-09-19 13:40:00,3.5
customer_0070,5203,Rohan Sharma,Domino'S,Burger,1325,351,974,Cash On Delivery,Delivered,Ravi Kumar,25,2.7,Delhi,2024-08-03 19:22:00,3.0
customer_0070,5322,Arjun Mehta,Pizza Hut,Chicken Wings,1700,36,1664,Cash On Delivery,Delivered,Rajesh Verma,16,4.5,Delhi,2024-09-15 00:41:00,3.3
customer_0070,5526,Rohan Sharma,Domino'S,Sandwich,1222,328,894,Cash On Delivery,Delivered,Ankit Tiwari,45,4.2,Delhi,2024-05-13 18:24:00,4.6
customer_0070,5566,Sanya Kapoor,Kfc,Biryani,195,41,154,Card,Delivered,Sahil Khan,58,2.0,Hyderabad,2024-01-26 17:18:00,1.3
customer_0070,6076,Sanya Kapoor,Burger King,Chicken Wings,1795,12,1783,Cash On Delivery,Delivered,Ravi Kumar,10,4.5,Delhi,2024-10-02 11:32:00,2.9
customer_0070,6575,Priya Verma,Domino'S,Burger,661,141,520,Upi,Delivered,Deepak Singh,26,4.9,Bangalore,2024-01-27 16:01:00,1.4
customer_0070,6881,Priya Verma,Domino'S,Sandwich,350,75,275,Upi,Delivered,Sahil Khan,21,3.3,Kolkata,2024-01-15 17:40:00,2.5
customer_0070,6991,Arjun Mehta,Pizza Hut,Burger,1714,405,1309,Card,Delivered,Sahil Khan,42,1.7,Bangalore,2024-08-27 14:15:00,1.8
customer_0070,7039,Sanya Kapoor,Mcdonald'S,Dosa,353,16,337,Card,Delivered,Deepak Singh,38,4.7,Kolkata,2024-07-05 06:26:00,4.4
customer_0070,7294,Sanya Kapoor,Pizza Hut,Sandwich,1146,167,979,Cash On Delivery,Delivered,Ankit Tiwari,20,2.4,Mumbai,2024-03-06 13:02:00,2.6
customer_0070,7529,Sanya Kapoor,Mcdonald'S,Dosa,388,6,382,Upi,Delivered,Ankit Tiwari,38,4.6,Hyderabad,2024-01-15 10:43:00,3.7
customer_0070,7566,Vikas Yadav,Mcdonald'S,Burger,645,308,337,Upi,Delivered,Deepak Singh,44,1.5,Mumbai,2024-05-25 09:14:00,2.7
customer_0070,7893,Priya Verma,Burger King,Sandwich,1516,396,1120,Upi,Delivered,Ankit Tiwari,10,4.1,Delhi,2024-01-24 01:26:00,2.8
customer_0070,7900,Priya Verma,Mcdonald'S,Pasta,1079,532,547,Card,Delivered,Deepak Singh,40,3.8,Chennai,2024-03-21 00:03:00,3.0
customer_0070,8120,Arjun Mehta,Domino'S,Chicken Wings,1686,810,876,Upi,Delivered,Sahil Khan,56,1.9,Kolkata,2024-07-21 06:43:00,4.7
customer_0070,8346,Sanya Kapoor,Pizza Hut,Chicken Wings,1885,312,1573,Card,Delivered,Ravi Kumar,56,3.0,Delhi,2024-09-21 18:43:00,4.2
customer_0070,9093,Vikas Yadav,Mcdonald'S,Sandwich,1302,374,928,Card,Delivered,Ravi Kumar,36,3.0,Mumbai,2024-04-03 16:40:00,3.5
customer_0070,9519,Priya Verma,Pizza Hut,Burger,651,261,390,Cash On Delivery,Delivered,Ankit Tiwari,15,2.7,Mumbai,2024-12-05 11:19:00,4.0
customer_0070,9791,Rohan Sharma,Domino'S,Pizza,566,257,309,Card,Delivered,Ankit Tiwari,60,1.8,Pune,2024-09-04 23:45:00,4.4
customer_0070,10404,Arjun Mehta,Mcdonald'S,Sandwich,1369,437,932,Card,Delivered,Sahil Khan,60,3.7,Hyderabad,2024-03-17 10:09:00,3.7
customer_0071,1387,Arjun Mehta,Domino'S,Burger,1338,654,684,Cash On Delivery,Delivered,Deepak Singh,22,3.6,Mumbai,2024-01-13 08:09:00,2.5
customer_0071,1488,Rohan Sharma,Subway,Sandwich,946,378,568,Upi,Delivered,Ravi Kumar,42,4.9,Bangalore,2024-10-05 18:27:00,3.3
customer_0071,1802,Sanya Kapoor,Kfc,Biryani,1805,733,1072,Cash On Delivery,Delivered,Ravi Kumar,45,1.6,Hyderabad,2024-03-10 18:44:00,1.2
customer_0071,1900,Priya Verma,Pizza Hut,Pasta,1972,290,1682,Card,Delivered,Ravi Kumar,46,3.7,Bangalore,2024-03-02 16:46:00,3.7
customer_0071,2856,Sanya Kapoor,Mcdonald'S,Pasta,398,11,387,Upi,Delivered,Ankit Tiwari,21,2.7,Delhi,2024-09-10 04:27:00,3.0
customer_0071,3457,Vikas Yadav,Domino'S,Pasta,1761,518,1243,Card,Delivered,Ankit Tiwari,56,2.5,Chennai,2024-01-03 10:08:00,3.2
customer_0071,3556,Arjun Mehta,Burger King,Dosa,804,20,784,Upi,Delivered,Deepak Singh,12,4.3,Bangalore,2024-12-17 23:45:00,1.2
customer_0071,3830,Arjun Mehta,Subway,Burger,1339,85,1254,Cash On Delivery,Delivered,Ravi Kumar,46,2.2,Mumbai,2024-11-20 07:12:00,1.2
customer_0071,4983,Priya Verma,Kfc,Sandwich,446,133,313,Cash On Delivery,Delivered,Sahil Khan,17,2.6,Pune,2024-03-01 20:59:00,4.2
customer_0071,8176,Sanya Kapoor,Subway,Dosa,969,97,872,Cash On Delivery,Delivered,Rajesh Verma,59,2.5,Delhi,2024-10-14 17:22:00,1.0
customer_0071,9049,Vikas Yadav,Kfc,Chicken Wings,1623,655,968,Card,Delivered,Deepak Singh,14,3.1,Pune,2024-03-17 10:02:00,2.3
customer_0071,9433,Arjun Mehta,Domino'S,Chicken Wings,204,67,137,Cash On Delivery,Delivered,Sahil Khan,60,1.2,Chennai,2024-08-04 01:37:00,2.5
customer_0072,201,Sanya Kapoor,Burger King,Dosa,1296,94,1202,Cash On Delivery,Delivered,Rajesh Verma,42,3.5,Chennai,2024-09-20 23:23:00,1.3
customer_0072,1036,Rohan Sharma,Mcdonald'S,Pasta,1832,854,978,Cash On Delivery,Delivered,Deepak Singh,19,2.3,Pune,2024-06-16 12:26:00,3.7
customer_0072,1170,Vikas Yadav,Mcdonald'S,Dosa,184,1,183,Cash On Delivery,Delivered,Deepak Singh,12,1.4,Bangalore,2024-11-12 16:01:00,2.8
customer_0072,1641,Vikas Yadav,Domino'S,Burger,1568,327,1241,Card,Delivered,Sahil Khan,49,1.8,Delhi,2024-12-17 12:20:00,3.0
customer_0072,2185,Sanya Kapoor,Subway,Pasta,1558,157,1401,Card,Delivered,Ravi Kumar,25,1.2,Pune,2024-01-01 16:20:00,2.6
customer_0072,2349,Arjun Mehta,Subway,Pasta,1253,137,1116,Card,Delivered,Rajesh Verma,49,4.5,Mumbai,2024-09-11 02:12:00,3.4
customer_0072,3874,Priya Verma,Kfc,Dosa,474,222,252,Cash On Delivery,Delivered,Sahil Khan,25,3.1,Pune,2024-12-07 06:14:00,5.0
customer_0072,4334,Priya Verma,Kfc,Chicken Wings,964,118,846,Cash On Delivery,Delivered,Ravi Kumar,50,1.5,Bangalore,2024-10-01 19:16:00,1.3
customer_0072,5058,Priya Verma,Burger King,Sandwich,1607,158,1449,Card,Delivered,Rajesh Verma,49,4.9,Kolkata,2024-02-13 13:36:00,1.6
customer_0072,5510,Priya Verma,Kfc,Dosa,731,330,401,Card,Delivered,Rajesh Verma,15,2.9,Hyderabad,2024-11-16 08:40:00,1.2
customer_0072,7290,Sanya Kapoor,Domino'S,Chicken Wings,1291,40,1251,Upi,Delivered,Ankit Tiwari,14,2.9,Kolkata,2024-03-01 16:51:00,2.2
customer_0072,8322,Arjun Mehta,Subway,Pizza,1740,432,1308,Card,Delivered,Ankit Tiwari,46,3.9,Pune,2024-02-03 00:52:00,1.2
customer_0072,8908,Vikas Yadav,Domino'S,Biryani,376,12,364,Upi,Delivered,Deepak Singh,59,4.8,Kolkata,2024-02-01 09:18:00,1.7
customer_0072,8911,Priya Verma,Subway,Pasta,976,221,755,Upi,Delivered,Ankit Tiwari,28,1.4,Bangalore,2024-07-16 19:58:00,4.7
customer_0072,9037,Sanya Kapoor,Burger King,Chicken Wings,933,197,736,Card,Delivered,Rajesh Verma,24,2.2,Delhi,2024-07-13 01:02:00,1.4
customer_0072,9492,Priya Verma,Pizza Hut,Burger,1124,271,853,Card,Delivered,Sahil Khan,57,4.5,Kolkata,2024-12-10 08:44:00,2.7
customer_0072,10173,Vikas Yadav,Subway,Pasta,369,40,329,Upi,Delivered,Ravi Kumar,46,1.5,Hyderabad,2024-08-02 04:02:00,1.2
customer_0073,840,Sanya Kapoor,Subway,Sandwich,165,39,126,Upi,Delivered,Deepak Singh,43,3.4,Kolkata,2024-05-08 11:52:00,4.9
customer_0073,1210,Priya Verma,Domino'S,Biryani,443,69,374,Upi,Delivered,Ankit Tiwari,52,3.4,Pune,2024-12-27 07:55:00,3.6
customer_0073,2566,Arjun Mehta,Mcdonald'S,Pasta,742,260,482,Upi,Delivered,Ankit Tiwari,19,2.4,Kolkata,2024-12-03 14:53:00,3.6
customer_0073,6008,Rohan Sharma,Pizza Hut,Pizza,251,81,170,Upi,Delivered,Ravi Kumar,21,4.1,Delhi,2024-06-21 08:27:00,4.4
customer_0073,6444,Vikas Yadav,Mcdonald'S,Pizza,1827,688,1139,Cash On Delivery,Delivered,Sahil Khan,18,3.4,Delhi,2024-05-24 02:31:00,1.4
customer_0073,6448,Priya Verma,Mcdonald'S,Sandwich,829,121,708,Card,Delivered,Ankit Tiwari,55,1.5,Kolkata,2024-01-15 20:20:00,4.8
customer_0073,6487,Vikas Yadav,Burger King,Pizza,389,22,367,Upi,Delivered,Rajesh Verma,52,2.6,Pune,2024-06-21 07:14:00,3.2
customer_0073,7514,Rohan Sharma,Pizza Hut,Pizza,998,241,757,Upi,Delivered,Deepak Singh,12,1.7,Kolkata,2024-07-10 16:05:00,2.5
customer_0073,7946,Arjun Mehta,Pizza Hut,Chicken Wings,662,76,586,Upi,Delivered,Deepak Singh,17,1.2,Bangalore,2024-03-18 16:25:00,1.2
customer_0073,10320,Arjun Mehta,Pizza Hut,Pizza,1513,494,1019,Cash On Delivery,Delivered,Ankit Tiwari,30,1.9,Hyderabad,2024-08-14 06:13:00,2.3
customer_0073,10408,Vikas Yadav,Domino'S,Burger,930,38,892,Upi,Delivered,Deepak Singh,42,4.0,Hyderabad,2024-12-03 05:21:00,4.4
customer_0074,3493,Arjun Mehta,Burger King,Pasta,489,205,284,Cash On Delivery,Delivered,Sahil Khan,54,3.8,Delhi,2024-08-12 00:58:00,4.0
customer_0074,3675,Vikas Yadav,Kfc,Burger,1131,418,713,Cash On Delivery,Delivered,Ravi Kumar,11,3.5,Bangalore,2024-04-20 12:55:00,2.1
customer_0074,4251,Rohan Sharma,Kfc,Pizza,1855,109,1746,Card,Delivered,Sahil Khan,26,1.8,Kolkata,2024-08-03 10:13:00,2.0
customer_0074,5082,Rohan Sharma,Mcdonald'S,Biryani,1569,144,1425,Upi,Delivered,Sahil Khan,49,2.7,Delhi,2024-04-27 05:41:00,3.5
customer_0074,5183,Rohan Sharma,Pizza Hut,Pasta,457,215,242,Cash On Delivery,Delivered,Sahil Khan,30,1.9,Mumbai,2024-02-26 13:40:00,1.7
customer_0074,6315,Priya Verma,Pizza Hut,Pizza,1863,305,1558,Cash On Delivery,Delivered,Ankit Tiwari,28,1.5,Kolkata,2024-08-09 12:16:00,2.2
customer_0074,7082,Rohan Sharma,Domino'S,Dosa,1660,247,1413,Card,Delivered,Ankit Tiwari,22,1.8,Chennai,2024-01-04 13:37:00,3.7
customer_0074,7891,Vikas Yadav,Burger King,Dosa,1298,383,915,Cash On Delivery,Delivered,Ankit Tiwari,12,1.6,Chennai,2024-11-21 01:37:00,3.0
customer_0074,8290,Rohan Sharma,Domino'S,Chicken Wings,1370,671,699,Cash On Delivery,Delivered,Ankit Tiwari,60,2.3,Delhi,2024-07-02 22:02:00,1.1
customer_0074,8877,Arjun Mehta,Domino'S,Dosa,1136,353,783,Cash On Delivery,Delivered,Ankit Tiwari,37,1.2,Hyderabad,2024-11-10 14:33:00,2.9
customer_0074,9668,Sanya Kapoor,Kfc,Biryani,1076,184,892,Upi,Delivered,Deepak Singh,27,5.0,Chennai,2024-04-10 15:01:00,4.5
customer_0075,135,Sanya Kapoor,Burger King,Pizza,424,126,298,Upi,Delivered,Ravi Kumar,55,1.2,Bangalore,2024-12-27 01:55:00,4.5
customer_0075,304,Rohan Sharma,Mcdonald'S,Dosa,156,50,106,Cash On Delivery,Delivered,Deepak Singh,53,4.4,Kolkata,2024-04-23 23:37:00,4.3
customer_0075,1242,Sanya Kapoor,Pizza Hut,Sandwich,631,140,491,Upi,Delivered,Rajesh Verma,42,3.7,Delhi,2024-12-14 18:18:00,1.4
customer_0075,2210,Vikas Yadav,Kfc,Dosa,302,37,265,Upi,Delivered,Deepak Singh,10,2.9,Chennai,2024-10-09 09:45:00,2.6
customer_0075,2894,Arjun Mehta,Subway,Burger,1174,521,653,Upi,Delivered,Ankit Tiwari,47,3.4,Pune,2024-02-15 16:59:00,1.8
customer_0075,3574,Arjun Mehta,Domino'S,Burger,220,38,182,Upi,Delivered,Rajesh Verma,37,4.1,Chennai,2024-12-27 23:31:00,4.0
customer_0075,4396,Vikas Yadav,Kfc,Pizza,299,59,240,Upi,Delivered,Ankit Tiwari,53,3.7,Hyderabad,2024-12-27 10:51:00,2.5
customer_0075,5453,Arjun Mehta,Kfc,Pizza,1230,218,1012,Cash On Delivery,Delivered,Rajesh Verma,21,2.3,Chennai,2024-05-22 12:56:00,1.0
customer_0075,6325,Priya Verma,Mcdonald'S,Pizza,1181,464,717,Upi,Delivered,Deepak Singh,59,3.7,Pune,2024-08-02 04:55:00,2.0
customer_0075,7387,Rohan Sharma,Burger King,Dosa,1049,410,639,Cash On Delivery,Delivered,Rajesh Verma,57,1.8,Kolkata,2024-05-08 06:58:00,3.8
customer_0075,7535,Vikas Yadav,Mcdonald'S,Chicken Wings,1569,550,1019,Card,Delivered,Sahil Khan,13,1.3,Bangalore,2024-07-06 10:48:00,4.7
customer_0075,7951,Rohan Sharma,Pizza Hut,Pizza,1977,324,1653,Card,Delivered,Deepak Singh,55,1.5,Pune,2024-02-20 17:44:00,2.4
customer_0075,9004,Priya Verma,Pizza Hut,Sandwich,1155,38,1117,Card,Delivered,Ankit Tiwari,46,3.2,Bangalore,2024-08-14 06:04:00,4.8
customer_0075,9309,Arjun Mehta,Kfc,Sandwich,1553,679,874,Cash On Delivery,Delivered,Sahil Khan,26,3.8,Kolkata,2024-10-21 13:28:00,4.1
customer_0075,9553,Vikas Yadav,Domino'S,Pasta,1049,218,831,Upi,Delivered,Sahil Khan,12,2.5,Chennai,2024-07-22 02:57:00,1.6
customer_0076,2259,Arjun Mehta,Mcdonald'S,Biryani,1082,324,758,Card,Delivered,Sahil Khan,34,2.8,Chennai,2024-06-03 03:08:00,4.0
customer_0076,2441,Sanya Kapoor,Mcdonald'S,Sandwich,1152,252,900,Card,Delivered,Deepak Singh,24,3.4,Hyderabad,2024-01-14 09:23:00,1.9
customer_0076,3627,Rohan Sharma,Domino'S,Dosa,533,232,301,Card,Delivered,Ravi Kumar,34,3.2,Mumbai,2024-11-05 07:34:00,3.9
customer_0076,3734,Sanya Kapoor,Subway,Dosa,507,121,386,Card,Delivered,Rajesh Verma,29,3.5,Delhi,2024-10-05 06:47:00,2.6
customer_0076,4040,Vikas Yadav,Domino'S,Pasta,920,42,878,Cash On Delivery,Delivered,Deepak Singh,16,3.2,Kolkata,2024-08-15 08:51:00,4.9
customer_0076,4721,Priya Verma,Subway,Pasta,361,15,346,Cash On Delivery,Delivered,Deepak Singh,29,3.1,Delhi,2024-07-22 05:05:00,2.1
customer_0076,4971,Sanya Kapoor,Mcdonald'S,Dosa,1563,50,1513,Card,Delivered,Rajesh Verma,27,1.2,Delhi,2024-12-25 15:56:00,3.0
customer_0076,5032,Priya Verma,Pizza Hut,Dosa,119,17,102,Upi,Delivered,Sahil Khan,35,3.0,Delhi,2024-09-04 18:39:00,2.1
customer_0076,5485,Rohan Sharma,Burger King,Pasta,254,124,130,Card,Delivered,Ravi Kumar,11,1.1,Kolkata,2024-04-28 02:59:00,3.0
customer_0076,7666,Rohan Sharma,Burger King,Chicken Wings,1471,243,1228,Cash On Delivery,Delivered,Rajesh Verma,59,4.9,Bangalore,2024-11-07 00:09:00,3.8
customer_0076,7851,Rohan Sharma,Subway,Chicken Wings,645,126,519,Card,Delivered,Ravi Kumar,10,4.1,Bangalore,2024-12-24 13:01:00,2.1
customer_0076,8222,Sanya Kapoor,Burger King,Pasta,775,147,628,Card,Delivered,Sahil Khan,28,2.4,Kolkata,2024-12-15 10:38:00,1.3
customer_0076,8550,Arjun Mehta,Kfc,Chicken Wings,209,62,147,Card,Delivered,Ravi Kumar,13,4.0,Kolkata,2024-06-05 14:22:00,4.0
customer_0076,8945,Priya Verma,Subway,Dosa,584,230,354,Card,Delivered,Ravi Kumar,59,1.5,Delhi,2024-07-05 10:43:00,3.9
customer_0076,10166,Sanya Kapoor,Subway,Dosa,428,83,345,Cash On Delivery,Delivered,Deepak Singh,51,1.4,Mumbai,2024-07-08 19:19:00,3.0
customer_0076,10423,Arjun Mehta,Pizza Hut,Dosa,1951,509,1442,Card,Delivered,Sahil Khan,22,5.0,Chennai,2024-08-03 19:29:00,2.4
customer_0077,757,Vikas Yadav,Pizza Hut,Chicken Wings,711,151,560,Card,Delivered,Sahil Khan,27,3.5,Mumbai,2024-08-14 22:05:00,3.0
customer_0077,784,Sanya Kapoor,Domino'S,Biryani,1501,205,1296,Card,Delivered,Sahil Khan,35,4.4,Mumbai,2024-10-22 16:50:00,4.2
customer_0077,877,Rohan Sharma,Pizza Hut,Pasta,205,82,123,Upi,Delivered,Rajesh Verma,23,1.3,Bangalore,2024-01-05 20:58:00,4.1
customer_0077,1781,Vikas Yadav,Subway,Chicken Wings,502,172,330,Cash On Delivery,Delivered,Sahil Khan,57,3.6,Delhi,2024-07-06 09:21:00,2.4
customer_0077,2188,Sanya Kapoor,Mcdonald'S,Sandwich,1562,777,785,Upi,Delivered,Sahil Khan,60,4.5,Hyderabad,2024-10-21 05:03:00,2.4
customer_0077,3138,Sanya Kapoor,Domino'S,Biryani,502,74,428,Cash On Delivery,Delivered,Deepak Singh,16,1.8,Mumbai,2024-03-02 17:22:00,4.3
customer_0077,4556,Arjun Mehta,Mcdonald'S,Pizza,896,44,852,Cash On Delivery,Delivered,Deepak Singh,26,1.2,Chennai,2024-09-05 17:21:00,3.9
customer_0077,4671,Priya Verma,Subway,Pizza,1423,89,1334,Upi,Delivered,Ravi Kumar,55,3.1,Kolkata,2024-08-26 08:08:00,2.0
customer_0077,4853,Rohan Sharma,Mcdonald'S,Pizza,253,30,223,Upi,Delivered,Rajesh Verma,49,3.0,Chennai,2024-04-10 19:59:00,4.2
customer_0077,5562,Sanya Kapoor,Domino'S,Chicken Wings,1559,479,1080,Upi,Delivered,Ankit Tiwari,38,1.9,Pune,2024-06-28 10:13:00,1.8
customer_0077,5572,Priya Verma,Pizza Hut,Pizza,863,211,652,Card,Delivered,Ankit Tiwari,56,4.1,Delhi,2024-01-02 08:09:00,2.5
customer_0077,6129,Arjun Mehta,Pizza Hut,Biryani,452,168,284,Cash On Delivery,Delivered,Deepak Singh,33,3.5,Chennai,2024-03-23 23:51:00,2.1
customer_0077,7861,Sanya Kapoor,Domino'S,Chicken Wings,101,29,72,Upi,Delivered,Deepak Singh,46,3.4,Chennai,2024-02-15 15:56:00,4.5
customer_0077,8889,Rohan Sharma,Pizza Hut,Burger,1541,99,1442,Card,Delivered,Deepak Singh,52,3.3,Pune,2024-01-16 21:15:00,2.2
customer_0077,9977,Sanya Kapoor,Mcdonald'S,Biryani,799,122,677,Cash On Delivery,Delivered,Ankit Tiwari,20,4.7,Bangalore,2024-07-02 16:06:00,1.6
customer_0077,10264,Rohan Sharma,Pizza Hut,Biryani,1119,8,1111,Upi,Delivered,Rajesh Verma,27,4.8,Kolkata,2024-06-27 06:52:00,4.8
customer_0077,10322,Priya Verma,Pizza Hut,Sandwich,1182,437,745,Cash On Delivery,Delivered,Sahil Khan,58,2.3,Kolkata,2024-11-15 15:13:00,2.6
customer_0078,212,Sanya Kapoor,Burger King,Sandwich,150,62,88,Upi,Delivered,Deepak Singh,60,4.8,Bangalore,2024-08-25 21:40:00,4.8
customer_0078,256,Arjun Mehta,Subway,Burger,277,68,209,Cash On Delivery,Delivered,Sahil Khan,39,1.9,Kolkata,2024-02-15 09:47:00,2.2
customer_0078,446,Rohan Sharma,Pizza Hut,Sandwich,579,76,503,Card,Delivered,Deepak Singh,32,3.8,Chennai,2024-09-20 01:34:00,2.0
customer_0078,882,Rohan Sharma,Kfc,Pizza,407,94,313,Cash On Delivery,Delivered,Rajesh Verma,39,2.0,Kolkata,2024-02-15 08:16:00,3.7
customer_0078,1270,Arjun Mehta,Pizza Hut,Burger,1102,293,809,Upi,Delivered,Deepak Singh,15,1.9,Kolkata,2024-10-05 23:44:00,1.2
customer_0078,3751,Priya Verma,Kfc,Chicken Wings,496,209,287,Cash On Delivery,Delivered,Ravi Kumar,34,4.1,Delhi,2024-08-18 21:16:00,3.4
customer_0078,4206,Sanya Kapoor,Kfc,Sandwich,1742,691,1051,Card,Delivered,Rajesh Verma,49,3.8,Pune,2024-11-22 01:20:00,3.3
customer_0078,4333,Priya Verma,Kfc,Sandwich,1221,410,811,Upi,Delivered,Ravi Kumar,14,4.9,Kolkata,2024-11-16 09:26:00,2.0
customer_0078,4366,Arjun Mehta,Mcdonald'S,Biryani,976,212,764,Cash On Delivery,Delivered,Sahil Khan,32,3.2,Pune,2024-04-18 18:29:00,1.1
customer_0078,4869,Vikas Yadav,Burger King,Pizza,1735,335,1400,Card,Delivered,Deepak Singh,51,3.8,Delhi,2024-08-16 20:31:00,4.0
customer_0078,5280,Sanya Kapoor,Subway,Burger,212,62,150,Cash On Delivery,Delivered,Rajesh Verma,52,1.2,Delhi,2024-09-13 21:39:00,4.6
customer_0078,5515,Priya Verma,Mcdonald'S,Pasta,1041,43,998,Cash On Delivery,Delivered,Sahil Khan,22,3.3,Delhi,2024-09-09 18:44:00,2.4
customer_0078,5604,Priya Verma,Burger King,Chicken Wings,1067,498,569,Upi,Delivered,Rajesh Verma,40,1.2,Mumbai,2024-12-15 07:52:00,3.5
customer_0078,6537,Rohan Sharma,Subway,Biryani,1846,211,1635,Card,Delivered,Sahil Khan,24,4.7,Bangalore,2024-04-10 18:58:00,2.7
customer_0078,6653,Priya Verma,Pizza Hut,Sandwich,438,37,401,Cash On Delivery,Delivered,Rajesh Verma,33,4.1,Chennai,2024-05-22 04:21:00,2.7
customer_0078,8165,Sanya Kapoor,Domino'S,Burger,940,114,826,Card,Delivered,Rajesh Verma,15,2.4,Pune,2024-04-07 11:13:00,3.0
customer_0078,8537,Vikas Yadav,Burger King,Pasta,262,30,232,Card,Delivered,Ravi Kumar,59,3.6,Kolkata,2024-01-06 23:19:00,1.7
customer_0078,9061,Vikas Yadav,Burger King,Pizza,1973,792,1181,Card,Delivered,Ankit Tiwari,58,1.7,Mumbai,2024-08-09 11:10:00,4.0
customer_0078,9420,Vikas Yadav,Kfc,Chicken Wings,1906,297,1609,Upi,Delivered,Ankit Tiwari,24,1.8,Hyderabad,2024-02-28 06:04:00,3.9
customer_0078,9782,Vikas Yadav,Pizza Hut,Burger,346,110,236,Upi,Delivered,Sahil Khan,51,1.2,Bangalore,2024-04-03 14:21:00,5.0
customer_0079,26,Arjun Mehta,Pizza Hut,Dosa,1590,11,1579,Upi,Delivered,Deepak Singh,13,3.5,Chennai,2024-06-17 08:21:00,3.1
customer_0079,2442,Vikas Yadav,Domino'S,Dosa,1568,592,976,Upi,Delivered,Deepak Singh,10,3.8,Chennai,2024-01-13 07:46:00,2.7
customer_0079,2898,Sanya Kapoor,Pizza Hut,Dosa,1118,134,984,Upi,Delivered,Rajesh Verma,27,4.5,Delhi,2024-11-14 21:48:00,4.2
customer_0079,3232,Vikas Yadav,Domino'S,Burger,517,9,508,Card,Delivered,Ankit Tiwari,51,1.6,Mumbai,2024-03-09 18:12:00,1.6
customer_0079,3482,Rohan Sharma,Domino'S,Pizza,1325,392,933,Upi,Delivered,Rajesh Verma,12,3.9,Delhi,2024-04-05 10:56:00,3.1
customer_0079,3552,Arjun Mehta,Subway,Pasta,1857,163,1694,Card,Delivered,Ankit Tiwari,12,4.8,Chennai,2024-07-15 14:33:00,2.1
customer_0079,4137,Priya Verma,Burger King,Chicken Wings,1970,75,1895,Cash On Delivery,Delivered,Sahil Khan,31,2.8,Hyderabad,2024-02-10 21:23:00,3.6
customer_0079,4665,Sanya Kapoor,Domino'S,Biryani,1548,756,792,Card,Delivered,Rajesh Verma,46,4.6,Bangalore,2024-12-13 18:22:00,1.9
customer_0079,4890,Arjun Mehta,Mcdonald'S,Dosa,1120,391,729,Cash On Delivery,Delivered,Ravi Kumar,44,4.9,Bangalore,2024-10-14 00:18:00,2.0
customer_0079,5366,Rohan Sharma,Pizza Hut,Pizza,909,307,602,Cash On Delivery,Delivered,Sahil Khan,15,3.5,Bangalore,2024-02-02 23:04:00,1.4
customer_0079,5383,Priya Verma,Pizza Hut,Burger,720,360,360,Card,Delivered,Sahil Khan,50,2.4,Mumbai,2024-08-11 03:39:00,3.9
customer_0079,5582,Rohan Sharma,Subway,Chicken Wings,881,67,814,Upi,Delivered,Ankit Tiwari,22,1.8,Bangalore,2024-06-14 09:22:00,4.9
customer_0079,6533,Rohan Sharma,Domino'S,Pasta,1482,532,950,Cash On Delivery,Delivered,Ravi Kumar,45,2.0,Chennai,2024-01-21 07:33:00,3.3
customer_0079,6959,Vikas Yadav,Burger King,Burger,995,358,637,Cash On Delivery,Delivered,Rajesh Verma,10,1.6,Kolkata,2024-01-27 14:52:00,2.5
customer_0079,8085,Arjun Mehta,Pizza Hut,Sandwich,1597,263,1334,Cash On Delivery,Delivered,Ravi Kumar,37,4.7,Pune,2024-09-26 07:01:00,3.4
customer_0079,8327,Priya Verma,Subway,Dosa,484,144,340,Card,Delivered,Deepak Singh,39,1.6,Bangalore,2024-01-02 12:27:00,2.1
customer_0079,8820,Arjun Mehta,Kfc,Biryani,1603,64,1539,Card,Delivered,Deepak Singh,33,1.5,Bangalore,2024-01-05 23:34:00,3.0
customer_0079,8947,Arjun Mehta,Burger King,Pasta,664,135,529,Cash On Delivery,Delivered,Sahil Khan,40,4.8,Kolkata,2024-04-27 09:58:00,2.6
customer_0079,9052,Vikas Yadav,Pizza Hut,Pizza,990,466,524,Card,Delivered,Deepak Singh,19,4.8,Delhi,2024-08-03 13:38:00,4.2
customer_0079,9168,Rohan Sharma,Domino'S,Pizza,1022,454,568,Upi,Delivered,Rajesh Verma,29,3.9,Mumbai,2024-03-04 12:17:00,3.7
customer_0079,9348,Sanya Kapoor,Subway,Pasta,1138,383,755,Upi,Delivered,Ankit Tiwari,33,1.1,Hyderabad,2024-08-21 06:47:00,3.1
customer_0079,9921,Rohan Sharma,Subway,Chicken Wings,1609,715,894,Cash On Delivery,Delivered,Deepak Singh,60,1.9,Hyderabad,2024-12-28 20:38:00,2.9
customer_0079,10003,Vikas Yadav,Burger King,Dosa,872,297,575,Card,Delivered,Rajesh Verma,29,3.2,Chennai,2024-11-03 08:20:00,1.9
customer_0080,935,Vikas Yadav,Kfc,Burger,893,227,666,Cash On Delivery,Delivered,Ankit Tiwari,20,4.9,Delhi,2024-10-15 10:57:00,1.2
customer_0080,2711,Priya Verma,Mcdonald'S,Pizza,925,134,791,Upi,Delivered,Ravi Kumar,16,4.0,Bangalore,2024-07-22 04:17:00,4.3
customer_0080,3314,Vikas Yadav,Domino'S,Pasta,968,397,571,Upi,Delivered,Ankit Tiwari,18,1.9,Mumbai,2024-03-08 08:38:00,1.3
customer_0080,3410,Vikas Yadav,Mcdonald'S,Biryani,122,5,117,Card,Delivered,Ravi Kumar,12,1.6,Kolkata,2024-10-03 13:48:00,2.4
customer_0080,4538,Vikas Yadav,Burger King,Dosa,1270,161,1109,Cash On Delivery,Delivered,Ankit Tiwari,39,4.9,Pune,2024-08-16 12:44:00,1.3
customer_0080,5993,Sanya Kapoor,Pizza Hut,Sandwich,367,7,360,Cash On Delivery,Delivered,Ravi Kumar,35,2.4,Kolkata,2024-02-27 08:44:00,2.6
customer_0080,6004,Arjun Mehta,Pizza Hut,Pasta,424,91,333,Card,Delivered,Deepak Singh,55,2.9,Pune,2024-03-03 20:56:00,1.5
customer_0080,6522,Arjun Mehta,Kfc,Sandwich,838,161,677,Upi,Delivered,Ravi Kumar,59,1.6,Pune,2024-10-16 22:35:00,1.6
customer_0080,7847,Rohan Sharma,Subway,Biryani,1968,790,1178,Cash On Delivery,Delivered,Ankit Tiwari,21,2.7,Hyderabad,2024-07-05 05:36:00,3.8
customer_0080,8442,Priya Verma,Burger King,Pasta,228,56,172,Upi,Delivered,Sahil Khan,36,1.5,Chennai,2024-03-01 01:24:00,2.7
customer_0080,8798,Arjun Mehta,Subway,Dosa,780,141,639,Card,Delivered,Rajesh Verma,50,2.7,Mumbai,2024-05-15 05:39:00,1.5
customer_0080,9951,Vikas Yadav,Mcdonald'S,Burger,411,199,212,Card,Delivered,Deepak Singh,42,2.4,Mumbai,2024-02-04 18:27:00,1.0
customer_0081,1059,Arjun Mehta,Mcdonald'S,Biryani,920,157,763,Card,Delivered,Sahil Khan,19,1.1,Hyderabad,2024-02-08 14:29:00,1.8
customer_0081,1071,Sanya Kapoor,Domino'S,Biryani,600,230,370,Upi,Delivered,Deepak Singh,53,4.9,Chennai,2024-12-25 17:18:00,5.0
customer_0081,2199,Vikas Yadav,Burger King,Biryani,906,406,500,Upi,Delivered,Sahil Khan,37,4.2,Mumbai,2024-12-06 16:04:00,1.7
customer_0081,3429,Rohan Sharma,Pizza Hut,Burger,617,136,481,Card,Delivered,Ravi Kumar,50,4.6,Chennai,2024-09-18 22:18:00,2.8
customer_0081,4325,Priya Verma,Mcdonald'S,Sandwich,153,30,123,Upi,Delivered,Rajesh Verma,52,2.4,Kolkata,2024-09-27 15:57:00,3.6
customer_0081,4394,Vikas Yadav,Kfc,Biryani,324,88,236,Cash On Delivery,Delivered,Sahil Khan,34,4.6,Mumbai,2024-09-14 08:43:00,2.9
customer_0081,5654,Priya Verma,Burger King,Burger,388,161,227,Card,Delivered,Rajesh Verma,16,4.2,Delhi,2024-10-15 22:07:00,3.9
customer_0081,7014,Priya Verma,Kfc,Sandwich,1893,842,1051,Card,Delivered,Rajesh Verma,10,1.1,Chennai,2024-11-17 23:29:00,2.8
customer_0081,7595,Arjun Mehta,Subway,Sandwich,132,63,69,Cash On Delivery,Delivered,Ankit Tiwari,34,3.7,Pune,2024-12-28 12:34:00,2.0
customer_0081,7681,Vikas Yadav,Burger King,Biryani,1124,338,786,Card,Delivered,Sahil Khan,43,1.4,Hyderabad,2024-12-20 13:56:00,3.4
customer_0081,8471,Priya Verma,Burger King,Pasta,332,107,225,Cash On Delivery,Delivered,Ankit Tiwari,42,3.2,Bangalore,2024-04-02 04:38:00,3.8
customer_0081,8690,Sanya Kapoor,Kfc,Sandwich,1354,509,845,Cash On Delivery,Delivered,Sahil Khan,51,1.2,Chennai,2024-09-06 17:24:00,2.7
customer_0082,55,Priya Verma,Kfc,Chicken Wings,550,274,276,Upi,Delivered,Deepak Singh,34,4.8,Pune,2024-10-25 10:28:00,4.8
customer_0082,1099,Rohan Sharma,Subway,Burger,1034,135,899,Cash On Delivery,Delivered,Rajesh Verma,52,4.4,Hyderabad,2024-02-15 02:41:00,1.5
customer_0082,1182,Priya Verma,Burger King,Dosa,340,32,308,Cash On Delivery,Delivered,Ankit Tiwari,49,2.8,Mumbai,2024-04-10 21:06:00,3.2
customer_0082,1698,Arjun Mehta,Domino'S,Sandwich,1392,288,1104,Card,Delivered,Sahil Khan,29,4.0,Kolkata,2024-10-21 06:16:00,3.5
customer_0082,2535,Priya Verma,Kfc,Burger,221,60,161,Card,Delivered,Deepak Singh,56,4.2,Pune,2024-09-03 08:30:00,4.5
customer_0082,3481,Sanya Kapoor,Subway,Pizza,559,233,326,Card,Delivered,Ankit Tiwari,42,1.9,Hyderabad,2024-05-27 08:56:00,2.4
customer_0082,5496,Vikas Yadav,Domino'S,Pasta,1301,182,1119,Card,Delivered,Ankit Tiwari,35,1.7,Pune,2024-02-02 01:56:00,2.8
customer_0082,6703,Arjun Mehta,Domino'S,Sandwich,189,59,130,Card,Delivered,Rajesh Verma,27,3.1,Kolkata,2024-02-15 18:56:00,2.6
customer_0082,6970,Priya Verma,Kfc,Biryani,1493,35,1458,Upi,Delivered,Rajesh Verma,19,2.4,Pune,2024-10-26 09:26:00,4.2
customer_0082,8326,Rohan Sharma,Subway,Sandwich,1086,137,949,Card,Delivered,Sahil Khan,49,1.6,Delhi,2024-01-19 14:54:00,1.6
customer_0082,9461,Rohan Sharma,Pizza Hut,Pizza,1194,166,1028,Cash On Delivery,Delivered,Ravi Kumar,18,4.0,Mumbai,2024-11-01 08:58:00,4.0
customer_0082,9720,Rohan Sharma,Burger King,Sandwich,1384,535,849,Upi,Delivered,Rajesh Verma,14,2.8,Mumbai,2024-10-11 19:39:00,3.5
customer_0082,9859,Vikas Yadav,Kfc,Biryani,460,73,387,Cash On Delivery,Delivered,Ravi Kumar,51,3.3,Mumbai,2024-03-16 17:08:00,1.9
customer_0082,10294,Arjun Mehta,Domino'S,Burger,197,24,173,Card,Delivered,Deepak Singh,27,2.5,Pune,2024-11-25 04:36:00,4.7
customer_0082,10438,Priya Verma,Kfc,Pizza,181,25,156,Upi,Delivered,Rajesh Verma,39,1.1,Chennai,2024-09-05 14:14:00,2.0
customer_0083,574,Vikas Yadav,Mcdonald'S,Sandwich,262,125,137,Cash On Delivery,Delivered,Ravi Kumar,60,4.3,Pune,2024-08-27 07:52:00,4.5
customer_0083,1193,Vikas Yadav,Kfc,Pasta,1060,84,976,Cash On Delivery,Delivered,Sahil Khan,29,4.6,Pune,2024-01-16 06:42:00,3.8
customer_0083,2663,Vikas Yadav,Burger King,Pizza,1854,511,1343,Card,Delivered,Sahil Khan,49,5.0,Mumbai,2024-04-13 07:47:00,3.9
customer_0083,4162,Arjun Mehta,Kfc,Chicken Wings,1982,77,1905,Cash On Delivery,Delivered,Rajesh Verma,58,4.3,Pune,2024-10-21 06:25:00,2.6
customer_0083,4696,Arjun Mehta,Domino'S,Biryani,1354,306,1048,Card,Delivered,Ravi Kumar,46,3.5,Mumbai,2024-04-17 18:04:00,4.8
customer_0083,5120,Vikas Yadav,Mcdonald'S,Dosa,1830,475,1355,Card,Delivered,Deepak Singh,49,3.6,Mumbai,2024-11-19 13:30:00,3.7
customer_0083,7132,Arjun Mehta,Pizza Hut,Biryani,167,16,151,Card,Delivered,Ankit Tiwari,23,4.4,Hyderabad,2024-06-13 09:30:00,4.4
customer_0083,7234,Vikas Yadav,Domino'S,Pasta,131,40,91,Cash On Delivery,Delivered,Ankit Tiwari,11,3.2,Kolkata,2024-03-08 20:52:00,3.7
customer_0083,8325,Arjun Mehta,Subway,Pizza,423,194,229,Card,Delivered,Deepak Singh,34,1.6,Mumbai,2024-11-09 16:31:00,3.0
customer_0083,9846,Rohan Sharma,Subway,Pizza,808,107,701,Card,Delivered,Ankit Tiwari,18,3.2,Pune,2024-01-14 09:13:00,2.4
customer_0083,9903,Arjun Mehta,Subway,Biryani,1681,126,1555,Card,Delivered,Ankit Tiwari,34,1.4,Bangalore,2024-06-21 13:29:00,2.5
customer_0084,1162,Arjun Mehta,Mcdonald'S,Biryani,470,121,349,Cash On Delivery,Delivered,Ankit Tiwari,38,3.6,Kolkata,2024-03-20 05:53:00,5.0
customer_0084,1498,Rohan Sharma,Domino'S,Burger,916,231,685,Upi,Delivered,Rajesh Verma,40,2.1,Mumbai,2024-06-20 19:55:00,3.5
customer_0084,2107,Priya Verma,Pizza Hut,Sandwich,1675,701,974,Cash On Delivery,Delivered,Sahil Khan,52,3.9,Pune,2024-05-12 14:53:00,2.3
customer_0084,3272,Rohan Sharma,Mcdonald'S,Burger,133,16,117,Upi,Delivered,Sahil Khan,33,1.2,Delhi,2024-01-13 11:32:00,1.3
customer_0084,3619,Arjun Mehta,Mcdonald'S,Pizza,1229,109,1120,Card,Delivered,Rajesh Verma,44,2.6,Delhi,2024-12-18 19:57:00,4.3
customer_0084,4982,Vikas Yadav,Mcdonald'S,Biryani,1282,258,1024,Card,Delivered,Ravi Kumar,23,3.0,Chennai,2024-05-03 15:26:00,4.0
customer_0084,5725,Arjun Mehta,Kfc,Chicken Wings,1955,622,1333,Upi,Delivered,Ravi Kumar,45,1.3,Mumbai,2024-06-05 07:03:00,3.4
customer_0084,6379,Rohan Sharma,Kfc,Chicken Wings,1863,758,1105,Cash On Delivery,Delivered,Deepak Singh,51,2.3,Bangalore,2024-05-14 17:41:00,2.8
customer_0084,6901,Priya Verma,Subway,Chicken Wings,1993,827,1166,Cash On Delivery,Delivered,Ankit Tiwari,36,4.5,Mumbai,2024-09-14 07:39:00,4.8
customer_0084,7265,Arjun Mehta,Burger King,Pasta,697,20,677,Upi,Delivered,Sahil Khan,30,4.7,Kolkata,2024-11-18 04:14:00,5.0
customer_0084,7414,Vikas Yadav,Mcdonald'S,Pizza,214,3,211,Cash On Delivery,Delivered,Ravi Kumar,52,4.5,Kolkata,2024-10-18 02:15:00,3.2
customer_0084,8439,Arjun Mehta,Domino'S,Burger,883,298,585,Card,Delivered,Deepak Singh,53,2.7,Delhi,2024-02-25 03:58:00,3.0
customer_0084,8922,Vikas Yadav,Domino'S,Sandwich,1390,166,1224,Upi,Delivered,Ravi Kumar,33,1.3,Pune,2024-09-03 11:53:00,1.7
customer_0084,8978,Priya Verma,Kfc,Chicken Wings,1103,356,747,Upi,Delivered,Ankit Tiwari,57,1.2,Pune,2024-06-08 05:11:00,3.4
customer_0084,9297,Priya Verma,Domino'S,Biryani,423,71,352,Upi,Delivered,Sahil Khan,56,4.7,Bangalore,2024-12-04 08:38:00,1.4
customer_0084,10133,Vikas Yadav,Burger King,Burger,592,114,478,Upi,Delivered,Ravi Kumar,32,3.8,Chennai,2024-01-22 14:06:00,1.1
customer_0084,10292,Vikas Yadav,Mcdonald'S,Dosa,405,152,253,Card,Delivered,Ankit Tiwari,41,4.3,Pune,2024-01-16 15:53:00,2.5
customer_0085,1834,Arjun Mehta,Kfc,Sandwich,1573,57,1516,Cash On Delivery,Delivered,Sahil Khan,11,2.3,Chennai,2024-04-11 13:39:00,3.5
customer_0085,2490,Priya Verma,Domino'S,Chicken Wings,1857,740,1117,Upi,Delivered,Deepak Singh,16,1.2,Chennai,2024-03-02 12:27:00,2.7
customer_0085,3017,Vikas Yadav,Mcdonald'S,Sandwich,847,131,716,Cash On Delivery,Delivered,Ravi Kumar,27,2.8,Hyderabad,2024-04-22 00:31:00,4.9
customer_0085,3029,Arjun Mehta,Pizza Hut,Chicken Wings,667,192,475,Cash On Delivery,Delivered,Rajesh Verma,51,4.7,Bangalore,2024-05-02 03:15:00,2.8
customer_0085,3915,Rohan Sharma,Subway,Chicken Wings,424,160,264,Card,Delivered,Ravi Kumar,53,4.6,Chennai,2024-06-05 06:28:00,4.2
customer_0085,4250,Sanya Kapoor,Domino'S,Pizza,165,57,108,Card,Delivered,Rajesh Verma,60,4.3,Delhi,2024-07-27 22:48:00,4.1
customer_0085,4923,Rohan Sharma,Mcdonald'S,Dosa,551,14,537,Cash On Delivery,Delivered,Ankit Tiwari,37,3.2,Delhi,2024-02-09 06:16:00,2.8
customer_0085,5617,Rohan Sharma,Subway,Dosa,1559,723,836,Upi,Delivered,Rajesh Verma,28,4.9,Delhi,2024-02-27 08:21:00,4.1
customer_0085,5746,Rohan Sharma,Kfc,Burger,1038,194,844,Card,Delivered,Ankit Tiwari,53,3.3,Mumbai,2024-05-09 08:05:00,4.8
customer_0085,5964,Sanya Kapoor,Burger King,Pizza,1848,397,1451,Upi,Delivered,Sahil Khan,17,1.7,Chennai,2024-05-27 03:19:00,3.8
customer_0085,6345,Arjun Mehta,Mcdonald'S,Biryani,252,121,131,Upi,Delivered,Ravi Kumar,36,4.6,Kolkata,2024-08-07 16:02:00,4.0
customer_0085,6502,Vikas Yadav,Domino'S,Chicken Wings,1025,88,937,Card,Delivered,Rajesh Verma,30,4.5,Mumbai,2024-01-08 16:10:00,3.0
customer_0085,7113,Arjun Mehta,Kfc,Burger,134,13,121,Cash On Delivery,Delivered,Ravi Kumar,19,1.1,Pune,2024-01-16 17:43:00,1.8
customer_0085,8011,Vikas Yadav,Subway,Biryani,694,60,634,Card,Delivered,Sahil Khan,16,1.3,Mumbai,2024-07-19 03:04:00,3.8
customer_0085,8382,Vikas Yadav,Kfc,Sandwich,1153,429,724,Card,Delivered,Rajesh Verma,24,3.0,Bangalore,2024-05-17 09:52:00,1.1
customer_0085,9504,Priya Verma,Kfc,Chicken Wings,347,105,242,Upi,Delivered,Ankit Tiwari,51,4.3,Kolkata,2024-10-01 20:48:00,3.9
customer_0085,9746,Rohan Sharma,Subway,Burger,425,195,230,Card,Delivered,Sahil Khan,32,3.3,Chennai,2024-09-12 13:53:00,1.8
customer_0085,10075,Vikas Yadav,Pizza Hut,Pizza,1967,241,1726,Card,Delivered,Ravi Kumar,36,4.3,Mumbai,2024-11-08 09:05:00,4.2
customer_0085,10299,Sanya Kapoor,Subway,Sandwich,1049,58,991,Upi,Delivered,Ravi Kumar,19,1.1,Delhi,2024-01-24 04:07:00,3.2
customer_0085,10366,Rohan Sharma,Mcdonald'S,Dosa,1604,318,1286,Card,Delivered,Ravi Kumar,42,4.4,Hyderabad,2024-08-23 22:54:00,1.1
customer_0086,170,Rohan Sharma,Burger King,Pizza,194,70,124,Cash On Delivery,Delivered,Deepak Singh,19,4.4,Mumbai,2024-06-26 13:36:00,3.6
customer_0086,525,Priya Verma,Domino'S,Pasta,334,161,173,Cash On Delivery,Delivered,Ankit Tiwari,51,3.2,Pune,2024-09-05 08:42:00,1.7
customer_0086,869,Arjun Mehta,Pizza Hut,Sandwich,1457,190,1267,Cash On Delivery,Delivered,Deepak Singh,58,3.4,Mumbai,2024-01-08 08:40:00,2.5
customer_0086,1497,Sanya Kapoor,Mcdonald'S,Dosa,527,56,471,Upi,Delivered,Ravi Kumar,53,2.7,Delhi,2024-07-25 00:53:00,4.4
customer_0086,2340,Sanya Kapoor,Domino'S,Sandwich,765,110,655,Card,Delivered,Sahil Khan,27,3.0,Hyderabad,2024-04-20 16:33:00,1.2
customer_0086,5245,Vikas Yadav,Burger King,Dosa,316,89,227,Upi,Delivered,Ravi Kumar,47,2.5,Bangalore,2024-01-26 19:08:00,3.8
customer_0086,5304,Arjun Mehta,Subway,Pizza,656,327,329,Card,Delivered,Sahil Khan,52,2.7,Mumbai,2024-08-02 11:04:00,3.0
customer_0086,5766,Priya Verma,Subway,Pizza,222,72,150,Cash On Delivery,Delivered,Ravi Kumar,15,2.2,Bangalore,2024-12-21 11:20:00,3.3
customer_0086,5901,Priya Verma,Subway,Pasta,775,279,496,Upi,Delivered,Deepak Singh,60,2.4,Hyderabad,2024-02-02 02:05:00,3.1
customer_0086,6141,Arjun Mehta,Mcdonald'S,Pasta,646,125,521,Upi,Delivered,Ravi Kumar,37,3.7,Chennai,2024-07-23 04:02:00,3.3
customer_0086,6168,Rohan Sharma,Burger King,Pasta,1771,834,937,Upi,Delivered,Rajesh Verma,34,3.5,Hyderabad,2024-02-01 14:54:00,3.7
customer_0086,7504,Vikas Yadav,Kfc,Biryani,1113,381,732,Upi,Delivered,Rajesh Verma,17,2.4,Delhi,2024-11-16 04:00:00,2.8
customer_0086,9078,Rohan Sharma,Pizza Hut,Dosa,936,147,789,Card,Delivered,Ankit Tiwari,47,3.4,Delhi,2024-06-26 11:02:00,2.0
customer_0086,10017,Arjun Mehta,Burger King,Biryani,1946,856,1090,Cash On Delivery,Delivered,Sahil Khan,18,3.3,Pune,2024-06-06 23:59:00,3.2
customer_0086,10342,Sanya Kapoor,Subway,Pizza,728,105,623,Upi,Delivered,Ravi Kumar,43,2.1,Mumbai,2024-03-04 10:16:00,2.8
customer_0087,1505,Priya Verma,Mcdonald'S,Biryani,1022,163,859,Cash On Delivery,Delivered,Rajesh Verma,56,3.7,Hyderabad,2024-10-25 04:56:00,4.9
customer_0087,1860,Sanya Kapoor,Mcdonald'S,Biryani,1187,110,1077,Upi,Delivered,Rajesh Verma,15,4.8,Pune,2024-02-01 16:55:00,4.3
customer_0087,1865,Rohan Sharma,Domino'S,Burger,1866,503,1363,Upi,Delivered,Rajesh Verma,17,3.4,Bangalore,2024-10-09 16:04:00,1.9
customer_0087,2308,Arjun Mehta,Pizza Hut,Dosa,704,26,678,Card,Delivered,Ravi Kumar,22,4.6,Kolkata,2024-03-27 01:26:00,1.5
customer_0087,2335,Vikas Yadav,Burger King,Pasta,578,162,416,Cash On Delivery,Delivered,Ravi Kumar,40,1.5,Kolkata,2024-06-11 03:14:00,4.6
customer_0087,3768,Sanya Kapoor,Subway,Pizza,442,155,287,Cash On Delivery,Delivered,Ravi Kumar,49,4.1,Hyderabad,2024-06-20 19:03:00,2.5
customer_0087,5553,Vikas Yadav,Mcdonald'S,Pizza,1892,91,1801,Card,Delivered,Rajesh Verma,10,4.3,Hyderabad,2024-09-24 03:42:00,4.1
customer_0087,6505,Sanya Kapoor,Burger King,Sandwich,482,57,425,Cash On Delivery,Delivered,Ankit Tiwari,48,2.3,Pune,2024-10-19 00:15:00,1.5
customer_0087,7054,Priya Verma,Domino'S,Burger,1783,383,1400,Upi,Delivered,Ankit Tiwari,43,4.7,Hyderabad,2024-04-18 00:42:00,4.3
customer_0087,9346,Sanya Kapoor,Mcdonald'S,Chicken Wings,1847,592,1255,Upi,Delivered,Sahil Khan,54,3.5,Kolkata,2024-11-16 00:19:00,1.8
customer_0087,9444,Rohan Sharma,Domino'S,Pizza,1268,229,1039,Cash On Delivery,Delivered,Deepak Singh,53,4.9,Delhi,2024-12-13 09:57:00,3.3
customer_0087,9473,Rohan Sharma,Kfc,Burger,1467,165,1302,Upi,Delivered,Sahil Khan,32,2.4,Hyderabad,2024-11-07 10:48:00,3.1
customer_0087,10257,Priya Verma,Pizza Hut,Sandwich,932,401,531,Cash On Delivery,Delivered,Sahil Khan,12,3.3,Bangalore,2024-09-22 01:53:00,1.2
customer_0087,10313,Sanya Kapoor,Burger King,Sandwich,1487,412,1075,Upi,Delivered,Ravi Kumar,44,2.1,Bangalore,2024-09-04 06:18:00,1.4
customer_0088,1038,Sanya Kapoor,Subway,Sandwich,405,155,250,Upi,Delivered,Ankit Tiwari,59,4.0,Delhi,2024-02-12 03:36:00,1.7
customer_0088,2612,Priya Verma,Burger King,Burger,530,182,348,Upi,Delivered,Sahil Khan,55,4.2,Mumbai,2024-03-09 21:09:00,4.3
customer_0088,2959,Sanya Kapoor,Domino'S,Chicken Wings,1578,527,1051,Cash On Delivery,Delivered,Ankit Tiwari,58,2.8,Kolkata,2024-04-17 18:32:00,3.0
customer_0088,3188,Rohan Sharma,Pizza Hut,Burger,1423,50,1373,Upi,Delivered,Ankit Tiwari,60,4.8,Mumbai,2024-05-19 08:06:00,3.1
customer_0088,3355,Sanya Kapoor,Kfc,Biryani,987,225,762,Cash On Delivery,Delivered,Deepak Singh,18,4.3,Kolkata,2024-10-07 03:15:00,2.9
customer_0088,6438,Vikas Yadav,Pizza Hut,Burger,1166,345,821,Upi,Delivered,Sahil Khan,19,4.1,Delhi,2024-11-19 18:20:00,1.4
customer_0088,7215,Vikas Yadav,Burger King,Burger,1111,420,691,Cash On Delivery,Delivered,Rajesh Verma,57,4.7,Pune,2024-04-25 21:16:00,3.8
customer_0088,9749,Rohan Sharma,Burger King,Biryani,963,265,698,Cash On Delivery,Delivered,Sahil Khan,26,3.8,Pune,2024-11-16 19:56:00,2.9
customer_0089,272,Priya Verma,Mcdonald'S,Pizza,657,294,363,Card,Delivered,Sahil Khan,34,3.2,Delhi,2024-05-02 19:58:00,3.7
customer_0089,1314,Rohan Sharma,Pizza Hut,Sandwich,1497,274,1223,Upi,Delivered,Ravi Kumar,41,3.9,Pune,2024-09-06 23:26:00,3.5
customer_0089,1811,Priya Verma,Mcdonald'S,Burger,1795,660,1135,Card,Delivered,Deepak Singh,47,1.5,Bangalore,2024-01-28 20:15:00,1.7
customer_0089,1847,Sanya Kapoor,Kfc,Burger,1779,760,1019,Card,Delivered,Sahil Khan,34,2.1,Chennai,2024-01-19 05:52:00,1.3
customer_0089,2469,Rohan Sharma,Pizza Hut,Chicken Wings,1143,38,1105,Upi,Delivered,Deepak Singh,19,2.8,Delhi,2024-05-24 19:27:00,3.7
customer_0089,2472,Vikas Yadav,Mcdonald'S,Burger,267,47,220,Card,Delivered,Ravi Kumar,24,2.1,Chennai,2024-02-04 16:07:00,4.2
customer_0089,3519,Sanya Kapoor,Burger King,Sandwich,1761,404,1357,Cash On Delivery,Delivered,Ankit Tiwari,11,2.7,Kolkata,2024-06-15 21:42:00,3.4
customer_0089,3868,Vikas Yadav,Mcdonald'S,Dosa,213,85,128,Cash On Delivery,Delivered,Deepak Singh,47,4.2,Chennai,2024-02-27 15:32:00,1.8
customer_0089,3997,Vikas Yadav,Domino'S,Biryani,209,80,129,Upi,Delivered,Sahil Khan,30,1.3,Chennai,2024-06-15 20:23:00,3.5
customer_0089,5094,Rohan Sharma,Subway,Biryani,1510,591,919,Upi,Delivered,Ankit Tiwari,17,3.7,Pune,2024-10-13 04:01:00,4.9
customer_0089,5105,Sanya Kapoor,Subway,Dosa,1209,277,932,Upi,Delivered,Deepak Singh,30,3.0,Hyderabad,2024-10-15 11:55:00,1.4
customer_0089,6067,Sanya Kapoor,Pizza Hut,Burger,377,78,299,Cash On Delivery,Delivered,Ankit Tiwari,37,2.3,Hyderabad,2024-01-01 14:20:00,1.2
customer_0089,6289,Vikas Yadav,Mcdonald'S,Pasta,1615,143,1472,Cash On Delivery,Delivered,Sahil Khan,24,1.8,Mumbai,2024-12-06 21:58:00,3.4
customer_0089,6584,Rohan Sharma,Pizza Hut,Pizza,1103,517,586,Cash On Delivery,Delivered,Ankit Tiwari,17,1.7,Bangalore,2024-07-01 23:34:00,2.2
customer_0089,6932,Priya Verma,Pizza Hut,Dosa,1269,330,939,Upi,Delivered,Ravi Kumar,29,1.3,Kolkata,2024-02-01 00:14:00,2.7
customer_0089,8744,Sanya Kapoor,Kfc,Burger,862,325,537,Upi,Delivered,Ravi Kumar,10,2.8,Chennai,2024-08-26 10:02:00,3.1
customer_0089,9350,Vikas Yadav,Burger King,Pizza,1497,90,1407,Cash On Delivery,Delivered,Ankit Tiwari,52,3.1,Pune,2024-07-24 23:15:00,3.6
customer_0089,10193,Rohan Sharma,Domino'S,Sandwich,1598,371,1227,Upi,Delivered,Ankit Tiwari,23,2.7,Kolkata,2024-01-21 08:34:00,3.6
customer_0090,178,Arjun Mehta,Domino'S,Chicken Wings,680,209,471,Upi,Delivered,Rajesh Verma,11,2.9,Bangalore,2024-08-15 16:54:00,3.3
customer_0090,234,Priya Verma,Domino'S,Dosa,576,203,373,Card,Delivered,Sahil Khan,15,2.3,Pune,2024-09-28 01:25:00,3.5
customer_0090,2561,Rohan Sharma,Mcdonald'S,Dosa,542,126,416,Upi,Delivered,Deepak Singh,21,4.4,Kolkata,2024-02-19 18:21:00,2.7
customer_0090,3005,Rohan Sharma,Mcdonald'S,Chicken Wings,1160,499,661,Upi,Delivered,Deepak Singh,20,1.5,Mumbai,2024-08-09 14:12:00,4.2
customer_0090,5098,Arjun Mehta,Subway,Burger,1078,259,819,Card,Delivered,Ankit Tiwari,26,3.6,Kolkata,2024-10-28 15:48:00,2.5
customer_0090,5310,Priya Verma,Subway,Chicken Wings,1757,294,1463,Upi,Delivered,Ankit Tiwari,48,2.9,Chennai,2024-10-14 08:50:00,4.1
customer_0090,7362,Vikas Yadav,Pizza Hut,Biryani,811,234,577,Upi,Delivered,Deepak Singh,39,4.9,Delhi,2024-05-04 06:10:00,4.9
customer_0090,7518,Arjun Mehta,Kfc,Sandwich,290,27,263,Cash On Delivery,Delivered,Deepak Singh,24,2.4,Pune,2024-02-27 02:22:00,2.1
customer_0090,7957,Sanya Kapoor,Subway,Pizza,675,5,670,Upi,Delivered,Sahil Khan,46,2.6,Delhi,2024-04-24 00:43:00,3.0
customer_0090,8198,Vikas Yadav,Kfc,Biryani,694,48,646,Cash On Delivery,Delivered,Deepak Singh,22,1.4,Mumbai,2024-06-05 04:12:00,4.6
customer_0090,8271,Priya Verma,Burger King,Dosa,154,72,82,Upi,Delivered,Ankit Tiwari,26,1.1,Kolkata,2024-01-06 14:30:00,2.7
customer_0090,8329,Sanya Kapoor,Kfc,Chicken Wings,1525,32,1493,Cash On Delivery,Delivered,Sahil Khan,26,3.4,Kolkata,2024-01-21 05:14:00,2.5
customer_0090,8833,Arjun Mehta,Subway,Chicken Wings,1602,249,1353,Cash On Delivery,Delivered,Rajesh Verma,37,2.0,Bangalore,2024-10-27 18:50:00,4.9
customer_0090,9569,Priya Verma,Mcdonald'S,Pizza,1125,38,1087,Upi,Delivered,Sahil Khan,13,2.1,Chennai,2024-08-18 12:00:00,2.0
customer_0090,9915,Vikas Yadav,Kfc,Sandwich,985,456,529,Upi,Delivered,Deepak Singh,57,3.2,Kolkata,2024-04-19 07:29:00,2.3
customer_0091,144,Priya Verma,Mcdonald'S,Pasta,1796,306,1490,Upi,Delivered,Ankit Tiwari,39,4.2,Delhi,2024-11-21 04:18:00,1.3
customer_0091,2745,Arjun Mehta,Domino'S,Pasta,1756,151,1605,Card,Delivered,Deepak Singh,26,2.0,Chennai,2024-04-18 11:35:00,4.1
customer_0091,2907,Sanya Kapoor,Burger King,Chicken Wings,1438,136,1302,Upi,Delivered,Rajesh Verma,12,4.5,Pune,2024-06-15 12:10:00,3.4
customer_0091,4927,Rohan Sharma,Pizza Hut,Sandwich,125,52,73,Card,Delivered,Sahil Khan,36,4.1,Bangalore,2024-03-21 02:28:00,1.0
customer_0091,5623,Priya Verma,Burger King,Chicken Wings,337,128,209,Card,Delivered,Ravi Kumar,13,2.9,Chennai,2024-10-18 14:39:00,3.3
customer_0091,7802,Vikas Yadav,Pizza Hut,Dosa,607,183,424,Cash On Delivery,Delivered,Ankit Tiwari,56,2.2,Chennai,2024-12-15 05:46:00,1.3
customer_0091,7832,Sanya Kapoor,Domino'S,Pizza,1705,284,1421,Cash On Delivery,Delivered,Ankit Tiwari,38,3.8,Bangalore,2024-07-06 14:07:00,3.3
customer_0091,9973,Priya Verma,Burger King,Sandwich,255,80,175,Cash On Delivery,Delivered,Deepak Singh,60,2.8,Hyderabad,2024-02-03 21:00:00,4.0
customer_0092,3064,Vikas Yadav,Burger King,Burger,1552,18,1534,Upi,Delivered,Deepak Singh,14,3.4,Chennai,2024-10-04 16:48:00,4.1
customer_0092,6688,Rohan Sharma,Mcdonald'S,Pizza,1590,705,885,Card,Delivered,Sahil Khan,36,3.7,Chennai,2024-09-13 09:19:00,4.5
customer_0092,7750,Vikas Yadav,Pizza Hut,Sandwich,449,27,422,Upi,Delivered,Ravi Kumar,31,3.6,Bangalore,2024-04-10 23:45:00,2.2
customer_0092,8900,Sanya Kapoor,Mcdonald'S,Burger,914,76,838,Card,Delivered,Ravi Kumar,28,4.1,Chennai,2024-10-04 01:15:00,1.6
customer_0092,10110,Vikas Yadav,Mcdonald'S,Biryani,1007,332,675,Cash On Delivery,Delivered,Sahil Khan,13,3.9,Mumbai,2024-07-22 01:11:00,3.8
customer_0093,158,Vikas Yadav,Pizza Hut,Burger,1939,871,1068,Cash On Delivery,Delivered,Ravi Kumar,19,2.5,Delhi,2024-02-05 11:03:00,4.0
customer_0093,2027,Vikas Yadav,Domino'S,Burger,1137,440,697,Upi,Delivered,Ravi Kumar,19,4.2,Pune,2024-11-14 05:41:00,2.9
customer_0093,2552,Rohan Sharma,Burger King,Sandwich,1222,454,768,Cash On Delivery,Delivered,Ravi Kumar,21,4.2,Kolkata,2024-03-25 06:12:00,2.1
customer_0093,2586,Rohan Sharma,Pizza Hut,Chicken Wings,1415,634,781,Card,Delivered,Deepak Singh,18,3.4,Bangalore,2024-08-18 23:23:00,2.6
customer_0093,2830,Vikas Yadav,Kfc,Sandwich,681,89,592,Card,Delivered,Ankit Tiwari,42,3.5,Delhi,2024-09-02 21:59:00,5.0
customer_0093,3560,Sanya Kapoor,Pizza Hut,Burger,1428,533,895,Cash On Delivery,Delivered,Ravi Kumar,13,2.0,Chennai,2024-11-02 12:27:00,2.7
customer_0093,5234,Vikas Yadav,Kfc,Pasta,1276,72,1204,Card,Delivered,Ankit Tiwari,26,2.2,Bangalore,2024-08-27 03:57:00,2.5
customer_0093,6627,Sanya Kapoor,Mcdonald'S,Sandwich,1446,553,893,Card,Delivered,Ankit Tiwari,14,3.8,Chennai,2024-07-05 18:34:00,3.7
customer_0094,1998,Vikas Yadav,Mcdonald'S,Chicken Wings,1905,141,1764,Card,Delivered,Ravi Kumar,22,4.4,Delhi,2024-03-28 00:55:00,3.4
customer_0094,2954,Arjun Mehta,Kfc,Burger,1999,788,1211,Upi,Delivered,Sahil Khan,48,1.2,Pune,2024-09-25 10:31:00,2.6
customer_0094,6165,Priya Verma,Mcdonald'S,Biryani,1814,653,1161,Cash On Delivery,Delivered,Rajesh Verma,50,4.4,Kolkata,2024-05-28 04:31:00,3.5
customer_0094,8068,Priya Verma,Burger King,Pasta,1036,216,820,Card,Delivered,Ravi Kumar,35,3.4,Hyderabad,2024-12-21 21:28:00,2.8
customer_0095,583,Rohan Sharma,Burger King,Dosa,124,22,102,Upi,Delivered,Ravi Kumar,20,1.9,Pune,2024-08-02 14:16:00,2.9
customer_0095,827,Rohan Sharma,Pizza Hut,Sandwich,1866,862,1004,Card,Delivered,Rajesh Verma,52,4.8,Bangalore,2024-12-26 19:37:00,2.6
customer_0095,3418,Vikas Yadav,Kfc,Chicken Wings,1888,291,1597,Card,Delivered,Rajesh Verma,11,4.9,Mumbai,2024-04-11 06:09:00,4.9
customer_0095,4484,Vikas Yadav,Domino'S,Burger,675,38,637,Cash On Delivery,Delivered,Sahil Khan,47,3.1,Pune,2024-08-02 11:13:00,1.7
customer_0095,7095,Arjun Mehta,Domino'S,Pasta,918,284,634,Upi,Delivered,Ankit Tiwari,55,3.1,Kolkata,2024-08-03 19:36:00,4.9
customer_0095,8247,Sanya Kapoor,Kfc,Burger,1706,13,1693,Cash On Delivery,Delivered,Ravi Kumar,47,3.2,Kolkata,2024-08-13 17:51:00,1.6
customer_0095,10245,Arjun Mehta,Mcdonald'S,Chicken Wings,1008,88,920,Card,Delivered,Deepak Singh,32,2.9,Chennai,2024-07-16 19:03:00,4.9
customer_0096,2289,Rohan Sharma,Burger King,Sandwich,1327,356,971,Card,Delivered,Sahil Khan,14,2.0,Mumbai,2024-02-21 15:30:00,1.3
customer_0096,2804,Rohan Sharma,Domino'S,Dosa,716,134,582,Cash On Delivery,Delivered,Rajesh Verma,52,2.3,Kolkata,2024-04-23 20:49:00,4.8
customer_0096,4129,Priya Verma,Kfc,Biryani,1762,175,1587,Upi,Delivered,Ankit Tiwari,31,1.9,Mumbai,2024-12-28 04:20:00,4.5
customer_0096,4507,Arjun Mehta,Domino'S,Burger,1412,118,1294,Card,Delivered,Deepak Singh,44,1.4,Pune,2024-01-18 14:07:00,2.5
customer_0096,6104,Arjun Mehta,Mcdonald'S,Pizza,1549,40,1509,Card,Delivered,Rajesh Verma,43,3.9,Hyderabad,2024-12-13 20:30:00,4.8
customer_0097,1224,Priya Verma,Domino'S,Burger,1151,453,698,Upi,Delivered,Sahil Khan,54,2.0,Hyderabad,2024-09-13 07:30:00,2.5
customer_0097,4784,Sanya Kapoor,Domino'S,Dosa,736,252,484,Card,Delivered,Sahil Khan,57,2.9,Bangalore,2024-09-22 04:32:00,3.0
customer_0097,5232,Sanya Kapoor,Pizza Hut,Sandwich,1848,347,1501,Upi,Delivered,Ravi Kumar,12,4.8,Chennai,2024-07-11 05:35:00,2.3
customer_0097,6776,Vikas Yadav,Pizza Hut,Biryani,1925,951,974,Card,Delivered,Rajesh Verma,29,3.1,Mumbai,2024-10-22 13:18:00,4.4
customer_0097,7292,Sanya Kapoor,Kfc,Burger,1513,266,1247,Cash On Delivery,Delivered,Ravi Kumar,22,4.9,Pune,2024-10-24 18:47:00,3.5
customer_0097,9904,Rohan Sharma,Burger King,Biryani,1957,316,1641,Upi,Delivered,Ravi Kumar,23,1.2,Pune,2024-04-06 14:39:00,4.4
customer_0098,4548,Arjun Mehta,Subway,Biryani,255,79,176,Cash On Delivery,Delivered,Deepak Singh,21,4.6,Kolkata,2024-10-23 09:42:00,4.0
customer_0098,4708,Sanya Kapoor,Mcdonald'S,Biryani,1182,143,1039,Card,Delivered,Ankit Tiwari,50,4.7,Hyderabad,2024-04-26 03:35:00,4.2
customer_0098,5317,Vikas Yadav,Mcdonald'S,Burger,536,90,446,Card,Delivered,Ankit Tiwari,29,3.6,Bangalore,2024-01-15 16:27:00,1.8
customer_0098,7540,Rohan Sharma,Kfc,Biryani,620,254,366,Card,Delivered,Ravi Kumar,36,3.6,Mumbai,2024-03-21 04:33:00,1.9
customer_0098,8629,Sanya Kapoor,Kfc,Biryani,1587,174,1413,Cash On Delivery,Delivered,Rajesh Verma,11,2.2,Kolkata,2024-03-26 20:24:00,2.3
customer_0098,9452,Rohan Sharma,Pizza Hut,Pizza,413,126,287,Upi,Delivered,Ravi Kumar,11,2.3,Mumbai,2024-10-22 22:45:00,3.8
customer_0099,1374,Arjun Mehta,Mcdonald'S,Pizza,1992,987,1005,Upi,Delivered,Sahil Khan,58,1.3,Mumbai,2024-03-08 21:32:00,4.3
customer_0099,2422,Priya Verma,Burger King,Sandwich,1371,21,1350,Cash On Delivery,Delivered,Sahil Khan,47,2.2,Chennai,2024-06-18 22:26:00,4.7
customer_0099,6876,Arjun Mehta,Domino'S,Sandwich,272,41,231,Card,Delivered,Ravi Kumar,58,4.0,Chennai,2024-07-17 16:51:00,3.7
customer_0099,7705,Priya Verma,Mcdonald'S,Sandwich,271,114,157,Upi,Delivered,Sahil Khan,58,4.0,Delhi,2024-02-27 00:40:00,2.9
customer_0099,9398,Priya Verma,Pizza Hut,Pizza,1928,806,1122,Upi,Delivered,Deepak Singh,28,2.8,Bangalore,2024-01-19 05:49:00,3.6
customer_0100,1418,Rohan Sharma,Domino'S,Pasta,1252,219,1033,Cash On Delivery,Delivered,Sahil Khan,59,3.3,Delhi,2024-05-01 17:45:00,4.8
customer_0100,6086,Arjun Mehta,Mcdonald'S,Pasta,1939,150,1789,Card,Delivered,Rajesh Verma,59,2.4,Pune,2024-09-05 15:47:00,4.1
customer_0100,6880,Priya Verma,Subway,Dosa,1707,698,1009,Cash On Delivery,Delivered,Deepak Singh,32,3.2,Hyderabad,2024-01-02 04:15:00,2.8
customer_0100,7451,Vikas Yadav,Burger King,Dosa,1752,274,1478,Card,Delivered,Rajesh Verma,46,4.4,Mumbai,2024-10-26 21:24:00,3.4
